model,type,phase,modality,setting,task,postproc,class_id,IoU,F1,Precision,Recall,source_csv
Clay v1.0,GFM,F,RGB+NIR,in-domain-seg,seg-2013,before,1,0.6165655851364136,0.7628092765808105,0.7457291483879089,0.7806901335716248,model_output/clay-v1-rgb-nir-phaseF/classification_metrics_2013.csv
Clay v1.0,GFM,F,RGB+NIR,in-domain-seg,seg-2013,before,2,0.2930855751037597,0.4533119797706604,0.3331043422222137,0.7092649340629578,model_output/clay-v1-rgb-nir-phaseF/classification_metrics_2013.csv
Clay v1.0,GFM,F,RGB+NIR,in-domain-seg,seg-2013,before,3,0.3246316313743591,0.4901462495326996,0.4135808646678924,0.6015009880065918,model_output/clay-v1-rgb-nir-phaseF/classification_metrics_2013.csv
Clay v1.0,GFM,F,RGB+NIR,in-domain-seg,seg-2013,before,4,0.473730206489563,0.6428995728492737,0.6399792432785034,0.6458466053009033,model_output/clay-v1-rgb-nir-phaseF/classification_metrics_2013.csv
Clay v1.0,GFM,F,RGB+NIR,in-domain-seg,seg-2013,before,5,0.4987257719039917,0.6655330061912537,0.8110026121139526,0.5643122792243958,model_output/clay-v1-rgb-nir-phaseF/classification_metrics_2013.csv
Clay v1.0,GFM,F,RGB+NIR,in-domain-seg,seg-2013,before,6,0.2013272196054458,0.3351746499538421,0.3382652699947357,0.3321400284767151,model_output/clay-v1-rgb-nir-phaseF/classification_metrics_2013.csv
Clay v1.0,GFM,F,RGB+NIR,in-domain-seg,seg-2013,before,7,0.4125693440437317,0.5841403007507324,0.5642253160476685,0.6055124998092651,model_output/clay-v1-rgb-nir-phaseF/classification_metrics_2013.csv
Clay v1.0,GFM,F,RGB+NIR,in-domain-seg,seg-2013,before,8,0.1202672496438026,0.2147117108106613,0.1533493995666504,0.3579405546188354,model_output/clay-v1-rgb-nir-phaseF/classification_metrics_2013.csv
Clay v1.0,GFM,F,RGB+NIR,in-domain-seg,seg-2013,before,9,0.3965833485126495,0.5679336786270142,0.5994817614555359,0.5395400524139404,model_output/clay-v1-rgb-nir-phaseF/classification_metrics_2013.csv
Clay v1.0,GFM,F,RGB+NIR,in-domain-seg,seg-2013,before,10,0.1708469092845916,0.2918347418308258,0.2246022075414657,0.4165142774581909,model_output/clay-v1-rgb-nir-phaseF/classification_metrics_2013.csv
Clay v1.0,GFM,F,RGB+NIR,in-domain-seg,seg-2013,before,11,0.1763217151165008,0.2997848093509674,0.2756460905075073,0.3285570740699768,model_output/clay-v1-rgb-nir-phaseF/classification_metrics_2013.csv
Clay v1.0,GFM,F,RGB+NIR,in-domain-seg,seg-2013,before,12,0.362022191286087,0.5315951704978943,0.581930935382843,0.4892739951610565,model_output/clay-v1-rgb-nir-phaseF/classification_metrics_2013.csv
Clay v1.0,GFM,F,RGB+NIR,in-domain-seg,seg-2013,before,13,0.049747310578823,0.0947795957326889,0.0645565688610076,0.1782118380069732,model_output/clay-v1-rgb-nir-phaseF/classification_metrics_2013.csv
Clay v1.0,GFM,F,RGB+NIR,in-domain-seg,seg-2013,before,14,0.2554655969142914,0.4069654941558838,0.4307253062725067,0.3856899738311767,model_output/clay-v1-rgb-nir-phaseF/classification_metrics_2013.csv
Clay v1.0,GFM,F,RGB+NIR,in-domain-seg,seg-2013,before,15,0.2965806722640991,0.4574812352657318,0.5044963359832764,0.4184819459915161,model_output/clay-v1-rgb-nir-phaseF/classification_metrics_2013.csv
Clay v1.0,GFM,F,RGB+NIR,in-domain-seg,seg-2013,before,16,0.1501289755105972,0.2610645890235901,0.2793875634670257,0.2449970245361328,model_output/clay-v1-rgb-nir-phaseF/classification_metrics_2013.csv
Clay v1.0,GFM,F,RGB+NIR,in-domain-seg,seg-2013,before,17,0.079099528491497,0.1466028392314911,0.099203310906887,0.2807417809963226,model_output/clay-v1-rgb-nir-phaseF/classification_metrics_2013.csv
Clay v1.0,GFM,F,RGB+NIR,in-domain-seg,seg-2013,before,18,0.2180920094251632,0.3580878973007202,0.3492708206176758,0.3673616051673889,model_output/clay-v1-rgb-nir-phaseF/classification_metrics_2013.csv
Clay v1.0,GFM,F,RGB+NIR,in-domain-seg,seg-2013,before,19,0.3245408236980438,0.4900427758693695,0.4663078188896179,0.5163235664367676,model_output/clay-v1-rgb-nir-phaseF/classification_metrics_2013.csv
Clay v1.0,GFM,F,RGB+NIR,in-domain-seg,seg-2013,before,20,0.6742739081382751,0.8054524064064026,0.8596384525299072,0.757692277431488,model_output/clay-v1-rgb-nir-phaseF/classification_metrics_2013.csv
Clay v1.0,GFM,F,RGB+NIR,in-domain-seg,seg-2013,before,21,0.3249212205410003,0.4904762208461761,0.5992391705513,0.4151295125484466,model_output/clay-v1-rgb-nir-phaseF/classification_metrics_2013.csv
Clay v1.0,GFM,F,RGB+NIR,in-domain-seg,seg-2013,before,22,0.5206608772277832,0.6847824454307556,0.6290271878242493,0.7513828873634338,model_output/clay-v1-rgb-nir-phaseF/classification_metrics_2013.csv
Clay v1.0,GFM,F,RGB+NIR,in-domain-seg,seg-2013,before,23,0.4246670305728912,0.5961632132530212,0.506517767906189,0.7243639230728149,model_output/clay-v1-rgb-nir-phaseF/classification_metrics_2013.csv
Clay v1.0,GFM,F,RGB+NIR,in-domain-seg,seg-2013,after,1,0.8350764513015747,0.9101271629333496,0.8800782561302185,0.94230055809021,model_output/clay-v1-rgb-nir-phaseF/constraint_resolution_+_polygonfix_cc_updated/classification_metrics_2013_after_postprocessing.csv
Clay v1.0,GFM,F,RGB+NIR,in-domain-seg,seg-2013,after,2,0.3392058312892914,0.5065775513648987,0.4133961498737335,0.6539899706840515,model_output/clay-v1-rgb-nir-phaseF/constraint_resolution_+_polygonfix_cc_updated/classification_metrics_2013_after_postprocessing.csv
Clay v1.0,GFM,F,RGB+NIR,in-domain-seg,seg-2013,after,3,0.54511559009552,0.7055984735488892,0.7193953394889832,0.6923208832740784,model_output/clay-v1-rgb-nir-phaseF/constraint_resolution_+_polygonfix_cc_updated/classification_metrics_2013_after_postprocessing.csv
Clay v1.0,GFM,F,RGB+NIR,in-domain-seg,seg-2013,after,4,0.6578403115272522,0.7936111688613892,0.8296754360198975,0.7605515718460083,model_output/clay-v1-rgb-nir-phaseF/constraint_resolution_+_polygonfix_cc_updated/classification_metrics_2013_after_postprocessing.csv
Clay v1.0,GFM,F,RGB+NIR,in-domain-seg,seg-2013,after,5,0.8380986452102661,0.9119192361831664,0.9145230650901794,0.9093300700187684,model_output/clay-v1-rgb-nir-phaseF/constraint_resolution_+_polygonfix_cc_updated/classification_metrics_2013_after_postprocessing.csv
Clay v1.0,GFM,F,RGB+NIR,in-domain-seg,seg-2013,after,6,0.3423198163509369,0.510042130947113,0.5007755756378174,0.5196580290794373,model_output/clay-v1-rgb-nir-phaseF/constraint_resolution_+_polygonfix_cc_updated/classification_metrics_2013_after_postprocessing.csv
Clay v1.0,GFM,F,RGB+NIR,in-domain-seg,seg-2013,after,7,0.3962376713752746,0.5675790905952454,0.6866446137428284,0.4837039113044739,model_output/clay-v1-rgb-nir-phaseF/constraint_resolution_+_polygonfix_cc_updated/classification_metrics_2013_after_postprocessing.csv
Clay v1.0,GFM,F,RGB+NIR,in-domain-seg,seg-2013,after,8,0.3453370034694671,0.5133836269378662,0.471133291721344,0.5639583468437195,model_output/clay-v1-rgb-nir-phaseF/constraint_resolution_+_polygonfix_cc_updated/classification_metrics_2013_after_postprocessing.csv
Clay v1.0,GFM,F,RGB+NIR,in-domain-seg,seg-2013,after,9,0.590000331401825,0.7421386241912842,0.8476443290710449,0.6599900722503662,model_output/clay-v1-rgb-nir-phaseF/constraint_resolution_+_polygonfix_cc_updated/classification_metrics_2013_after_postprocessing.csv
Clay v1.0,GFM,F,RGB+NIR,in-domain-seg,seg-2013,after,10,0.3099406361579895,0.4732132852077484,0.4044185578823089,0.5702104568481445,model_output/clay-v1-rgb-nir-phaseF/constraint_resolution_+_polygonfix_cc_updated/classification_metrics_2013_after_postprocessing.csv
Clay v1.0,GFM,F,RGB+NIR,in-domain-seg,seg-2013,after,11,0.5246711373329163,0.688241720199585,0.719291627407074,0.6597615480422974,model_output/clay-v1-rgb-nir-phaseF/constraint_resolution_+_polygonfix_cc_updated/classification_metrics_2013_after_postprocessing.csv
Clay v1.0,GFM,F,RGB+NIR,in-domain-seg,seg-2013,after,12,0.5262881517410278,0.689631462097168,0.7356877326965332,0.6490018963813782,model_output/clay-v1-rgb-nir-phaseF/constraint_resolution_+_polygonfix_cc_updated/classification_metrics_2013_after_postprocessing.csv
Clay v1.0,GFM,F,RGB+NIR,in-domain-seg,seg-2013,after,13,0.253504067659378,0.404472678899765,0.3331259489059448,0.5147098302841187,model_output/clay-v1-rgb-nir-phaseF/constraint_resolution_+_polygonfix_cc_updated/classification_metrics_2013_after_postprocessing.csv
Clay v1.0,GFM,F,RGB+NIR,in-domain-seg,seg-2013,after,14,0.4865729212760925,0.6546237468719482,0.7174766659736633,0.6018959283828735,model_output/clay-v1-rgb-nir-phaseF/constraint_resolution_+_polygonfix_cc_updated/classification_metrics_2013_after_postprocessing.csv
Clay v1.0,GFM,F,RGB+NIR,in-domain-seg,seg-2013,after,15,0.6741446852684021,0.8053601384162903,0.7635765075683594,0.8519812822341919,model_output/clay-v1-rgb-nir-phaseF/constraint_resolution_+_polygonfix_cc_updated/classification_metrics_2013_after_postprocessing.csv
Clay v1.0,GFM,F,RGB+NIR,in-domain-seg,seg-2013,after,16,0.5407103896141052,0.7018975019454956,0.6338350176811218,0.7863357663154602,model_output/clay-v1-rgb-nir-phaseF/constraint_resolution_+_polygonfix_cc_updated/classification_metrics_2013_after_postprocessing.csv
Clay v1.0,GFM,F,RGB+NIR,in-domain-seg,seg-2013,after,17,0.410450667142868,0.5820134878158569,0.5393783450126648,0.631967306137085,model_output/clay-v1-rgb-nir-phaseF/constraint_resolution_+_polygonfix_cc_updated/classification_metrics_2013_after_postprocessing.csv
Clay v1.0,GFM,F,RGB+NIR,in-domain-seg,seg-2013,after,18,0.3163927495479584,0.4806965887546539,0.3288682401180267,0.8929391503334045,model_output/clay-v1-rgb-nir-phaseF/constraint_resolution_+_polygonfix_cc_updated/classification_metrics_2013_after_postprocessing.csv
Clay v1.0,GFM,F,RGB+NIR,in-domain-seg,seg-2013,after,19,0.4709482491016388,0.6403328776359558,0.5520849823951721,0.7621601819992065,model_output/clay-v1-rgb-nir-phaseF/constraint_resolution_+_polygonfix_cc_updated/classification_metrics_2013_after_postprocessing.csv
Clay v1.0,GFM,F,RGB+NIR,in-domain-seg,seg-2013,after,20,0.8862374424934387,0.9396881461143494,0.9380265474319458,0.9413557648658752,model_output/clay-v1-rgb-nir-phaseF/constraint_resolution_+_polygonfix_cc_updated/classification_metrics_2013_after_postprocessing.csv
Clay v1.0,GFM,F,RGB+NIR,in-domain-seg,seg-2013,after,21,0.3667437434196472,0.5366678833961487,0.7939714193344116,0.405316412448883,model_output/clay-v1-rgb-nir-phaseF/constraint_resolution_+_polygonfix_cc_updated/classification_metrics_2013_after_postprocessing.csv
Clay v1.0,GFM,F,RGB+NIR,in-domain-seg,seg-2013,after,22,0.7444185018539429,0.853486180305481,0.7811166644096375,0.940634787082672,model_output/clay-v1-rgb-nir-phaseF/constraint_resolution_+_polygonfix_cc_updated/classification_metrics_2013_after_postprocessing.csv
Clay v1.0,GFM,F,RGB+NIR,in-domain-seg,seg-2013,after,23,0.7146357297897339,0.8335714936256409,0.818947970867157,0.848726749420166,model_output/clay-v1-rgb-nir-phaseF/constraint_resolution_+_polygonfix_cc_updated/classification_metrics_2013_after_postprocessing.csv
Clay v1.0,GFM,F,RGB+NIR,cross-temporal-seg,seg-2020,before,1,0.480716198682785,0.6493023037910461,0.628339946269989,0.6717115640640259,model_output/clay-v1-rgb-nir-phaseF/classification_metrics_2020.csv
Clay v1.0,GFM,F,RGB+NIR,cross-temporal-seg,seg-2020,before,2,0.273944228887558,0.430072546005249,0.3077079653739929,0.7140085101127625,model_output/clay-v1-rgb-nir-phaseF/classification_metrics_2020.csv
Clay v1.0,GFM,F,RGB+NIR,cross-temporal-seg,seg-2020,before,3,0.3662608861923218,0.5361507534980774,0.4626488089561462,0.6374186873435974,model_output/clay-v1-rgb-nir-phaseF/classification_metrics_2020.csv
Clay v1.0,GFM,F,RGB+NIR,cross-temporal-seg,seg-2020,before,4,0.3937054872512817,0.5649765729904175,0.5557897686958313,0.574472188949585,model_output/clay-v1-rgb-nir-phaseF/classification_metrics_2020.csv
Clay v1.0,GFM,F,RGB+NIR,cross-temporal-seg,seg-2020,before,5,0.4961826801300049,0.663264811038971,0.760918915271759,0.5878250598907471,model_output/clay-v1-rgb-nir-phaseF/classification_metrics_2020.csv
Clay v1.0,GFM,F,RGB+NIR,cross-temporal-seg,seg-2020,before,6,0.1536371111869812,0.2663525938987732,0.201447457075119,0.3929628133773803,model_output/clay-v1-rgb-nir-phaseF/classification_metrics_2020.csv
Clay v1.0,GFM,F,RGB+NIR,cross-temporal-seg,seg-2020,before,7,0.3587116301059723,0.5280172824859619,0.41424560546875,0.7279461622238159,model_output/clay-v1-rgb-nir-phaseF/classification_metrics_2020.csv
Clay v1.0,GFM,F,RGB+NIR,cross-temporal-seg,seg-2020,before,8,0.138708159327507,0.2436237186193466,0.2836298048496246,0.2135082930326461,model_output/clay-v1-rgb-nir-phaseF/classification_metrics_2020.csv
Clay v1.0,GFM,F,RGB+NIR,cross-temporal-seg,seg-2020,before,9,0.2334272563457489,0.3785018622875213,0.264885812997818,0.6627880930900574,model_output/clay-v1-rgb-nir-phaseF/classification_metrics_2020.csv
Clay v1.0,GFM,F,RGB+NIR,cross-temporal-seg,seg-2020,before,10,0.1906974464654922,0.3203121721744537,0.2597998678684234,0.4175728261470794,model_output/clay-v1-rgb-nir-phaseF/classification_metrics_2020.csv
Clay v1.0,GFM,F,RGB+NIR,cross-temporal-seg,seg-2020,before,11,0.1194139942526817,0.2133508920669555,0.3683959245681762,0.150155633687973,model_output/clay-v1-rgb-nir-phaseF/classification_metrics_2020.csv
Clay v1.0,GFM,F,RGB+NIR,cross-temporal-seg,seg-2020,before,12,0.1621898412704467,0.2791107296943664,0.2476138770580291,0.3197882771492004,model_output/clay-v1-rgb-nir-phaseF/classification_metrics_2020.csv
Clay v1.0,GFM,F,RGB+NIR,cross-temporal-seg,seg-2020,before,13,0.0965873450040817,0.1761598736047744,0.162927508354187,0.1917316019535064,model_output/clay-v1-rgb-nir-phaseF/classification_metrics_2020.csv
Clay v1.0,GFM,F,RGB+NIR,cross-temporal-seg,seg-2020,before,14,0.2162466496229171,0.3555966913700104,0.3100024461746216,0.4169154167175293,model_output/clay-v1-rgb-nir-phaseF/classification_metrics_2020.csv
Clay v1.0,GFM,F,RGB+NIR,cross-temporal-seg,seg-2020,before,15,0.1638364046812057,0.2815454006195068,0.5273019075393677,0.1920416802167892,model_output/clay-v1-rgb-nir-phaseF/classification_metrics_2020.csv
Clay v1.0,GFM,F,RGB+NIR,cross-temporal-seg,seg-2020,before,16,0.1334968507289886,0.2355486899614334,0.2513448894023895,0.2216205596923828,model_output/clay-v1-rgb-nir-phaseF/classification_metrics_2020.csv
Clay v1.0,GFM,F,RGB+NIR,cross-temporal-seg,seg-2020,before,17,0.0349773876368999,0.06759063154459,0.1833389699459076,0.0414327047765255,model_output/clay-v1-rgb-nir-phaseF/classification_metrics_2020.csv
Clay v1.0,GFM,F,RGB+NIR,cross-temporal-seg,seg-2020,before,18,0.3069521784782409,0.4697220623493194,0.4681506752967834,0.4713040888309479,model_output/clay-v1-rgb-nir-phaseF/classification_metrics_2020.csv
Clay v1.0,GFM,F,RGB+NIR,cross-temporal-seg,seg-2020,before,19,0.3251732289791107,0.4907633662223816,0.5241989493370056,0.4613372981548309,model_output/clay-v1-rgb-nir-phaseF/classification_metrics_2020.csv
Clay v1.0,GFM,F,RGB+NIR,cross-temporal-seg,seg-2020,before,20,0.5137120485305786,0.6787447333335876,0.8892635107040405,0.5488203763961792,model_output/clay-v1-rgb-nir-phaseF/classification_metrics_2020.csv
Clay v1.0,GFM,F,RGB+NIR,cross-temporal-seg,seg-2020,before,21,0.2927455008029938,0.4529050886631012,0.6446017026901245,0.349090039730072,model_output/clay-v1-rgb-nir-phaseF/classification_metrics_2020.csv
Clay v1.0,GFM,F,RGB+NIR,cross-temporal-seg,seg-2020,before,22,0.2549212574958801,0.4062744975090027,0.3134164810180664,0.5773214101791382,model_output/clay-v1-rgb-nir-phaseF/classification_metrics_2020.csv
Clay v1.0,GFM,F,RGB+NIR,cross-temporal-seg,seg-2020,before,23,0.4795173406600952,0.6482077836990356,0.5687726140022278,0.7534327507019043,model_output/clay-v1-rgb-nir-phaseF/classification_metrics_2020.csv
Clay v1.0,GFM,F,RGB+NIR,cross-temporal-seg,seg-2020,after,1,0.7904690504074097,0.8829742670059204,0.9509482383728028,0.824069619178772,model_output/clay-v1-rgb-nir-phaseF/constraint_resolution_+_polygonfix_cc_updated/classification_metrics_2020_after_postprocessing.csv
Clay v1.0,GFM,F,RGB+NIR,cross-temporal-seg,seg-2020,after,2,0.4001248478889465,0.5715559720993042,0.4299913048744201,0.8520852327346802,model_output/clay-v1-rgb-nir-phaseF/constraint_resolution_+_polygonfix_cc_updated/classification_metrics_2020_after_postprocessing.csv
Clay v1.0,GFM,F,RGB+NIR,cross-temporal-seg,seg-2020,after,3,0.5718035101890564,0.7275763154029846,0.6567723155021667,0.8154911994934082,model_output/clay-v1-rgb-nir-phaseF/constraint_resolution_+_polygonfix_cc_updated/classification_metrics_2020_after_postprocessing.csv
Clay v1.0,GFM,F,RGB+NIR,cross-temporal-seg,seg-2020,after,4,0.5383753180503845,0.6999271512031555,0.7094144821166992,0.6906902194023132,model_output/clay-v1-rgb-nir-phaseF/constraint_resolution_+_polygonfix_cc_updated/classification_metrics_2020_after_postprocessing.csv
Clay v1.0,GFM,F,RGB+NIR,cross-temporal-seg,seg-2020,after,5,0.741127610206604,0.8513191342353821,0.8644260764122009,0.8386036157608032,model_output/clay-v1-rgb-nir-phaseF/constraint_resolution_+_polygonfix_cc_updated/classification_metrics_2020_after_postprocessing.csv
Clay v1.0,GFM,F,RGB+NIR,cross-temporal-seg,seg-2020,after,6,0.2192917168140411,0.3597034513950348,0.2924964129924774,0.4670081734657287,model_output/clay-v1-rgb-nir-phaseF/constraint_resolution_+_polygonfix_cc_updated/classification_metrics_2020_after_postprocessing.csv
Clay v1.0,GFM,F,RGB+NIR,cross-temporal-seg,seg-2020,after,7,0.4524500370025635,0.6230162978172302,0.5073208212852478,0.807070255279541,model_output/clay-v1-rgb-nir-phaseF/constraint_resolution_+_polygonfix_cc_updated/classification_metrics_2020_after_postprocessing.csv
Clay v1.0,GFM,F,RGB+NIR,cross-temporal-seg,seg-2020,after,8,0.1680891662836074,0.28780198097229,0.5075464844703674,0.2008451372385025,model_output/clay-v1-rgb-nir-phaseF/constraint_resolution_+_polygonfix_cc_updated/classification_metrics_2020_after_postprocessing.csv
Clay v1.0,GFM,F,RGB+NIR,cross-temporal-seg,seg-2020,after,9,0.3215658068656921,0.4866435825824737,0.3534972071647644,0.7806967496871948,model_output/clay-v1-rgb-nir-phaseF/constraint_resolution_+_polygonfix_cc_updated/classification_metrics_2020_after_postprocessing.csv
Clay v1.0,GFM,F,RGB+NIR,cross-temporal-seg,seg-2020,after,10,0.3065877854824066,0.4692953526973724,0.4361425042152405,0.5079029202461243,model_output/clay-v1-rgb-nir-phaseF/constraint_resolution_+_polygonfix_cc_updated/classification_metrics_2020_after_postprocessing.csv
Clay v1.0,GFM,F,RGB+NIR,cross-temporal-seg,seg-2020,after,11,0.2287892550230026,0.3723815679550171,0.6731814742088318,0.2573769688606262,model_output/clay-v1-rgb-nir-phaseF/constraint_resolution_+_polygonfix_cc_updated/classification_metrics_2020_after_postprocessing.csv
Clay v1.0,GFM,F,RGB+NIR,cross-temporal-seg,seg-2020,after,12,0.2823913097381592,0.440413624048233,0.3704728782176971,0.5429080128669739,model_output/clay-v1-rgb-nir-phaseF/constraint_resolution_+_polygonfix_cc_updated/classification_metrics_2020_after_postprocessing.csv
Clay v1.0,GFM,F,RGB+NIR,cross-temporal-seg,seg-2020,after,13,0.1883042901754379,0.316929429769516,0.3218585848808288,0.3121489584445953,model_output/clay-v1-rgb-nir-phaseF/constraint_resolution_+_polygonfix_cc_updated/classification_metrics_2020_after_postprocessing.csv
Clay v1.0,GFM,F,RGB+NIR,cross-temporal-seg,seg-2020,after,14,0.2723845541477203,0.4281481206417084,0.3600589334964752,0.5279949903488159,model_output/clay-v1-rgb-nir-phaseF/constraint_resolution_+_polygonfix_cc_updated/classification_metrics_2020_after_postprocessing.csv
Clay v1.0,GFM,F,RGB+NIR,cross-temporal-seg,seg-2020,after,15,0.2234961539506912,0.3653401434421539,0.5937175750732422,0.2638489007949829,model_output/clay-v1-rgb-nir-phaseF/constraint_resolution_+_polygonfix_cc_updated/classification_metrics_2020_after_postprocessing.csv
Clay v1.0,GFM,F,RGB+NIR,cross-temporal-seg,seg-2020,after,16,0.1873669177293777,0.315600723028183,0.246604636311531,0.4382029771804809,model_output/clay-v1-rgb-nir-phaseF/constraint_resolution_+_polygonfix_cc_updated/classification_metrics_2020_after_postprocessing.csv
Clay v1.0,GFM,F,RGB+NIR,cross-temporal-seg,seg-2020,after,17,0.0623299740254879,0.1173457875847816,0.2758331000804901,0.0745252817869186,model_output/clay-v1-rgb-nir-phaseF/constraint_resolution_+_polygonfix_cc_updated/classification_metrics_2020_after_postprocessing.csv
Clay v1.0,GFM,F,RGB+NIR,cross-temporal-seg,seg-2020,after,18,0.4526750445365906,0.6232296824455261,0.5932258367538452,0.6564302444458008,model_output/clay-v1-rgb-nir-phaseF/constraint_resolution_+_polygonfix_cc_updated/classification_metrics_2020_after_postprocessing.csv
Clay v1.0,GFM,F,RGB+NIR,cross-temporal-seg,seg-2020,after,19,0.3966339230537414,0.5679855346679688,0.5982553958892822,0.5406312346458435,model_output/clay-v1-rgb-nir-phaseF/constraint_resolution_+_polygonfix_cc_updated/classification_metrics_2020_after_postprocessing.csv
Clay v1.0,GFM,F,RGB+NIR,cross-temporal-seg,seg-2020,after,20,0.6437637805938721,0.7832801342010498,0.9617816209793092,0.6606643795967102,model_output/clay-v1-rgb-nir-phaseF/constraint_resolution_+_polygonfix_cc_updated/classification_metrics_2020_after_postprocessing.csv
Clay v1.0,GFM,F,RGB+NIR,cross-temporal-seg,seg-2020,after,21,0.3683754503726959,0.538412868976593,0.7446777820587158,0.4216279983520508,model_output/clay-v1-rgb-nir-phaseF/constraint_resolution_+_polygonfix_cc_updated/classification_metrics_2020_after_postprocessing.csv
Clay v1.0,GFM,F,RGB+NIR,cross-temporal-seg,seg-2020,after,22,0.3170160353183746,0.4814156293869018,0.3754415512084961,0.6707429885864258,model_output/clay-v1-rgb-nir-phaseF/constraint_resolution_+_polygonfix_cc_updated/classification_metrics_2020_after_postprocessing.csv
Clay v1.0,GFM,F,RGB+NIR,cross-temporal-seg,seg-2020,after,23,0.7584490180015564,0.8626340627670288,0.8633768558502197,0.8618925213813782,model_output/clay-v1-rgb-nir-phaseF/constraint_resolution_+_polygonfix_cc_updated/classification_metrics_2020_after_postprocessing.csv
Clay v1.0,GFM,F,RGB+NIR,cross-temporal,change-binary,before,0,0.392253965139389,0.5634804964065552,0.6509788632392883,0.4967166185379028,model_output/clay-v1-rgb-nir-phaseF/change_metrics_binary_2013-2020.csv
Clay v1.0,GFM,F,RGB+NIR,cross-temporal,change-binary,before,1,0.3586508631706238,0.5279515385627747,0.4609520435333252,0.6177402138710022,model_output/clay-v1-rgb-nir-phaseF/change_metrics_binary_2013-2020.csv
Clay v1.0,GFM,F,RGB+NIR,cross-temporal,change-binary,after,0,0.5079420208930969,0.673689067363739,0.6655166149139404,0.6820647120475769,model_output/clay-v1-rgb-nir-phaseF/constraint_resolution_+_polygonfix_cc_updated/change_metrics_binary_2013-2020_after_postprocessing.csv
Clay v1.0,GFM,F,RGB+NIR,cross-temporal,change-binary,after,1,0.3484415411949157,0.5168063044548035,0.52637779712677,0.5075766444206238,model_output/clay-v1-rgb-nir-phaseF/constraint_resolution_+_polygonfix_cc_updated/change_metrics_binary_2013-2020_after_postprocessing.csv
Clay v1.0,GFM,F,RGB+NIR,cross-temporal,change-multiclass,before,0,0.3922540247440338,0.5634804964065552,0.6509788632392883,0.4967166185379028,model_output/clay-v1-rgb-nir-phaseF/change_metrics_multiclass_2013-2020.csv
Clay v1.0,GFM,F,RGB+NIR,cross-temporal,change-multiclass,before,1,0.1326069384813308,0.2341623306274414,0.476891279220581,0.1551790237426757,model_output/clay-v1-rgb-nir-phaseF/change_metrics_multiclass_2013-2020.csv
Clay v1.0,GFM,F,RGB+NIR,cross-temporal,change-multiclass,before,2,0.1473727971315384,0.2568873763084411,0.8908394575119019,0.1500830799341201,model_output/clay-v1-rgb-nir-phaseF/change_metrics_multiclass_2013-2020.csv
Clay v1.0,GFM,F,RGB+NIR,cross-temporal,change-multiclass,before,3,0.0312278978526592,0.0605644844472408,0.0345098376274108,0.2471940070390701,model_output/clay-v1-rgb-nir-phaseF/change_metrics_multiclass_2013-2020.csv
Clay v1.0,GFM,F,RGB+NIR,cross-temporal,change-multiclass,before,4,0.2564751505851745,0.4082455039024353,0.5581825971603394,0.3218036890029907,model_output/clay-v1-rgb-nir-phaseF/change_metrics_multiclass_2013-2020.csv
Clay v1.0,GFM,F,RGB+NIR,cross-temporal,change-multiclass,before,5,0.0990131273865699,0.1801855117082595,0.1117438748478889,0.4649790227413177,model_output/clay-v1-rgb-nir-phaseF/change_metrics_multiclass_2013-2020.csv
Clay v1.0,GFM,F,RGB+NIR,cross-temporal,change-multiclass,before,6,0.1563272178173065,0.2703857719898224,0.1655707359313964,0.7368524670600891,model_output/clay-v1-rgb-nir-phaseF/change_metrics_multiclass_2013-2020.csv
Clay v1.0,GFM,F,RGB+NIR,cross-temporal,change-multiclass,before,7,0.2310893684625625,0.3754225671291351,0.3081138134002685,0.4803590178489685,model_output/clay-v1-rgb-nir-phaseF/change_metrics_multiclass_2013-2020.csv
Clay v1.0,GFM,F,RGB+NIR,cross-temporal,change-multiclass,before,8,0.1033672392368316,0.1873668730258941,0.1110847890377044,0.5980458855628967,model_output/clay-v1-rgb-nir-phaseF/change_metrics_multiclass_2013-2020.csv
Clay v1.0,GFM,F,RGB+NIR,cross-temporal,change-multiclass,after,0,0.5079420208930969,0.673689067363739,0.6655166149139404,0.6820647120475769,model_output/clay-v1-rgb-nir-phaseF/constraint_resolution_+_polygonfix_cc_updated/change_metrics_multiclass_2013-2020_after_postprocessing.csv
Clay v1.0,GFM,F,RGB+NIR,cross-temporal,change-multiclass,after,1,0.2195742726325988,0.3600834906101227,0.6026148796081543,0.2567504346370697,model_output/clay-v1-rgb-nir-phaseF/constraint_resolution_+_polygonfix_cc_updated/change_metrics_multiclass_2013-2020_after_postprocessing.csv
Clay v1.0,GFM,F,RGB+NIR,cross-temporal,change-multiclass,after,2,0.1680412739515304,0.2877317368984222,0.4338264465332031,0.2152458876371383,model_output/clay-v1-rgb-nir-phaseF/constraint_resolution_+_polygonfix_cc_updated/change_metrics_multiclass_2013-2020_after_postprocessing.csv
Clay v1.0,GFM,F,RGB+NIR,cross-temporal,change-multiclass,after,3,0.2003663778305053,0.3338420391082763,0.5930100083351135,0.2323125898838043,model_output/clay-v1-rgb-nir-phaseF/constraint_resolution_+_polygonfix_cc_updated/change_metrics_multiclass_2013-2020_after_postprocessing.csv
Clay v1.0,GFM,F,RGB+NIR,cross-temporal,change-multiclass,after,4,0.2537973523139953,0.4048458933830261,0.5753245949745178,0.3123045861721039,model_output/clay-v1-rgb-nir-phaseF/constraint_resolution_+_polygonfix_cc_updated/change_metrics_multiclass_2013-2020_after_postprocessing.csv
Clay v1.0,GFM,F,RGB+NIR,cross-temporal,change-multiclass,after,5,0.0907137840986251,0.1663383841514587,0.0916462466120719,0.8991495966911316,model_output/clay-v1-rgb-nir-phaseF/constraint_resolution_+_polygonfix_cc_updated/change_metrics_multiclass_2013-2020_after_postprocessing.csv
Clay v1.0,GFM,F,RGB+NIR,cross-temporal,change-multiclass,after,6,0.2105243504047393,0.3478234112262726,0.2209842354059219,0.8164367079734802,model_output/clay-v1-rgb-nir-phaseF/constraint_resolution_+_polygonfix_cc_updated/change_metrics_multiclass_2013-2020_after_postprocessing.csv
Clay v1.0,GFM,F,RGB+NIR,cross-temporal,change-multiclass,after,7,0.2743279039859772,0.4305452406406402,0.3765113055706024,0.5026869177818298,model_output/clay-v1-rgb-nir-phaseF/constraint_resolution_+_polygonfix_cc_updated/change_metrics_multiclass_2013-2020_after_postprocessing.csv
Clay v1.0,GFM,F,RGB+NIR,cross-temporal,change-multiclass,after,8,0.1314751356840133,0.2323959618806839,0.1479717046022415,0.5411396026611328,model_output/clay-v1-rgb-nir-phaseF/constraint_resolution_+_polygonfix_cc_updated/change_metrics_multiclass_2013-2020_after_postprocessing.csv
Clay v1.0,GFM,E,RGB+NIR+nDSM,in-domain-seg,seg-2013,before,1,0.6035242676734924,0.7527472972869873,0.7322229743003845,0.7744553685188293,model_output/clay-v1-rgb-nir-ndsm-phaseE/classification_metrics_2013.csv
Clay v1.0,GFM,E,RGB+NIR+nDSM,in-domain-seg,seg-2013,before,2,0.2382431477308273,0.3848083317279815,0.2916689217090606,0.5653398036956787,model_output/clay-v1-rgb-nir-ndsm-phaseE/classification_metrics_2013.csv
Clay v1.0,GFM,E,RGB+NIR+nDSM,in-domain-seg,seg-2013,before,3,0.3641471862792969,0.5338824987411499,0.4898426532745361,0.5866236090660095,model_output/clay-v1-rgb-nir-ndsm-phaseE/classification_metrics_2013.csv
Clay v1.0,GFM,E,RGB+NIR+nDSM,in-domain-seg,seg-2013,before,4,0.4736101031303406,0.6427888870239258,0.6680982112884521,0.6193271279335022,model_output/clay-v1-rgb-nir-ndsm-phaseE/classification_metrics_2013.csv
Clay v1.0,GFM,E,RGB+NIR+nDSM,in-domain-seg,seg-2013,before,5,0.5329832434654236,0.6953542828559875,0.8339771628379822,0.5962467789649963,model_output/clay-v1-rgb-nir-ndsm-phaseE/classification_metrics_2013.csv
Clay v1.0,GFM,E,RGB+NIR+nDSM,in-domain-seg,seg-2013,before,6,0.2049625962972641,0.3401974439620971,0.4303076267242431,0.2812923491001129,model_output/clay-v1-rgb-nir-ndsm-phaseE/classification_metrics_2013.csv
Clay v1.0,GFM,E,RGB+NIR+nDSM,in-domain-seg,seg-2013,before,7,0.4072798192501068,0.5788185596466064,0.5237626433372498,0.6468084454536438,model_output/clay-v1-rgb-nir-ndsm-phaseE/classification_metrics_2013.csv
Clay v1.0,GFM,E,RGB+NIR+nDSM,in-domain-seg,seg-2013,before,8,0.1519779860973358,0.2638557255268097,0.1868989020586013,0.4485484361648559,model_output/clay-v1-rgb-nir-ndsm-phaseE/classification_metrics_2013.csv
Clay v1.0,GFM,E,RGB+NIR+nDSM,in-domain-seg,seg-2013,before,9,0.4228399693965912,0.5943605303764343,0.5799160003662109,0.6095430850982666,model_output/clay-v1-rgb-nir-ndsm-phaseE/classification_metrics_2013.csv
Clay v1.0,GFM,E,RGB+NIR+nDSM,in-domain-seg,seg-2013,before,10,0.1890038400888443,0.3179196417331695,0.2885357737541199,0.3539668619632721,model_output/clay-v1-rgb-nir-ndsm-phaseE/classification_metrics_2013.csv
Clay v1.0,GFM,E,RGB+NIR+nDSM,in-domain-seg,seg-2013,before,11,0.1806043684482574,0.3059523701667785,0.3435118496417999,0.2757968306541443,model_output/clay-v1-rgb-nir-ndsm-phaseE/classification_metrics_2013.csv
Clay v1.0,GFM,E,RGB+NIR+nDSM,in-domain-seg,seg-2013,before,12,0.3453257977962494,0.5133711695671082,0.6146560907363892,0.4407441020011902,model_output/clay-v1-rgb-nir-ndsm-phaseE/classification_metrics_2013.csv
Clay v1.0,GFM,E,RGB+NIR+nDSM,in-domain-seg,seg-2013,before,13,0.1334857195615768,0.2355313599109649,0.2147874683141708,0.2607104182243347,model_output/clay-v1-rgb-nir-ndsm-phaseE/classification_metrics_2013.csv
Clay v1.0,GFM,E,RGB+NIR+nDSM,in-domain-seg,seg-2013,before,14,0.0922504588961601,0.1689181476831436,0.3113301992416382,0.1159012913703918,model_output/clay-v1-rgb-nir-ndsm-phaseE/classification_metrics_2013.csv
Clay v1.0,GFM,E,RGB+NIR+nDSM,in-domain-seg,seg-2013,before,15,0.3601824343204498,0.529608964920044,0.516481876373291,0.5434207320213318,model_output/clay-v1-rgb-nir-ndsm-phaseE/classification_metrics_2013.csv
Clay v1.0,GFM,E,RGB+NIR+nDSM,in-domain-seg,seg-2013,before,16,0.1742355525493621,0.2967642247676849,0.2655977308750152,0.3362176120281219,model_output/clay-v1-rgb-nir-ndsm-phaseE/classification_metrics_2013.csv
Clay v1.0,GFM,E,RGB+NIR+nDSM,in-domain-seg,seg-2013,before,17,0.0802153944969177,0.1485174149274826,0.1007396802306175,0.2824970781803131,model_output/clay-v1-rgb-nir-ndsm-phaseE/classification_metrics_2013.csv
Clay v1.0,GFM,E,RGB+NIR+nDSM,in-domain-seg,seg-2013,before,18,0.2348800897598266,0.3804095387458801,0.2834034860134125,0.5783844590187073,model_output/clay-v1-rgb-nir-ndsm-phaseE/classification_metrics_2013.csv
Clay v1.0,GFM,E,RGB+NIR+nDSM,in-domain-seg,seg-2013,before,19,0.4244503080844879,0.5959495306015015,0.5401158332824707,0.6646577715873718,model_output/clay-v1-rgb-nir-ndsm-phaseE/classification_metrics_2013.csv
Clay v1.0,GFM,E,RGB+NIR+nDSM,in-domain-seg,seg-2013,before,20,0.6915842890739441,0.8176763653755188,0.8580132126808167,0.7809618711471558,model_output/clay-v1-rgb-nir-ndsm-phaseE/classification_metrics_2013.csv
Clay v1.0,GFM,E,RGB+NIR+nDSM,in-domain-seg,seg-2013,before,21,0.2960840463638305,0.4568901062011719,0.5664423108100891,0.3828461468219757,model_output/clay-v1-rgb-nir-ndsm-phaseE/classification_metrics_2013.csv
Clay v1.0,GFM,E,RGB+NIR+nDSM,in-domain-seg,seg-2013,before,22,0.5124509334564209,0.6776431202888489,0.6103766560554504,0.761572003364563,model_output/clay-v1-rgb-nir-ndsm-phaseE/classification_metrics_2013.csv
Clay v1.0,GFM,E,RGB+NIR+nDSM,in-domain-seg,seg-2013,before,23,0.3997156918048858,0.5711383819580078,0.4622243046760559,0.7472019195556641,model_output/clay-v1-rgb-nir-ndsm-phaseE/classification_metrics_2013.csv
Clay v1.0,GFM,E,RGB+NIR+nDSM,in-domain-seg,seg-2013,after,1,0.8463614583015442,0.9167885184288024,0.9050188660621644,0.928868293762207,model_output/clay-v1-rgb-nir-ndsm-phaseE/constraint_resolution_+_polygonfix_cc_updated/classification_metrics_2013_after_postprocessing.csv
Clay v1.0,GFM,E,RGB+NIR+nDSM,in-domain-seg,seg-2013,after,2,0.3489092588424682,0.5173205733299255,0.4269080460071563,0.6563187837600708,model_output/clay-v1-rgb-nir-ndsm-phaseE/constraint_resolution_+_polygonfix_cc_updated/classification_metrics_2013_after_postprocessing.csv
Clay v1.0,GFM,E,RGB+NIR+nDSM,in-domain-seg,seg-2013,after,3,0.5514000058174133,0.7108418345451355,0.8284196257591248,0.6224914789199829,model_output/clay-v1-rgb-nir-ndsm-phaseE/constraint_resolution_+_polygonfix_cc_updated/classification_metrics_2013_after_postprocessing.csv
Clay v1.0,GFM,E,RGB+NIR+nDSM,in-domain-seg,seg-2013,after,4,0.6364760994911194,0.7778617739677429,0.8388798236846924,0.7251185178756714,model_output/clay-v1-rgb-nir-ndsm-phaseE/constraint_resolution_+_polygonfix_cc_updated/classification_metrics_2013_after_postprocessing.csv
Clay v1.0,GFM,E,RGB+NIR+nDSM,in-domain-seg,seg-2013,after,5,0.8775107264518738,0.9347597360610962,0.9448869824409484,0.9248473644256592,model_output/clay-v1-rgb-nir-ndsm-phaseE/constraint_resolution_+_polygonfix_cc_updated/classification_metrics_2013_after_postprocessing.csv
Clay v1.0,GFM,E,RGB+NIR+nDSM,in-domain-seg,seg-2013,after,6,0.2880250215530395,0.4472351372241974,0.5359250903129578,0.3837315738201141,model_output/clay-v1-rgb-nir-ndsm-phaseE/constraint_resolution_+_polygonfix_cc_updated/classification_metrics_2013_after_postprocessing.csv
Clay v1.0,GFM,E,RGB+NIR+nDSM,in-domain-seg,seg-2013,after,7,0.4130301177501678,0.5846019983291626,0.6576006412506104,0.5261908173561096,model_output/clay-v1-rgb-nir-ndsm-phaseE/constraint_resolution_+_polygonfix_cc_updated/classification_metrics_2013_after_postprocessing.csv
Clay v1.0,GFM,E,RGB+NIR+nDSM,in-domain-seg,seg-2013,after,8,0.3238748610019684,0.4892832040786743,0.4703038930892944,0.5098587870597839,model_output/clay-v1-rgb-nir-ndsm-phaseE/constraint_resolution_+_polygonfix_cc_updated/classification_metrics_2013_after_postprocessing.csv
Clay v1.0,GFM,E,RGB+NIR+nDSM,in-domain-seg,seg-2013,after,9,0.6275337338447571,0.7711467742919922,0.7768527865409851,0.7655240297317505,model_output/clay-v1-rgb-nir-ndsm-phaseE/constraint_resolution_+_polygonfix_cc_updated/classification_metrics_2013_after_postprocessing.csv
Clay v1.0,GFM,E,RGB+NIR+nDSM,in-domain-seg,seg-2013,after,10,0.282275527715683,0.4402728080749511,0.3932808935642242,0.5000185370445251,model_output/clay-v1-rgb-nir-ndsm-phaseE/constraint_resolution_+_polygonfix_cc_updated/classification_metrics_2013_after_postprocessing.csv
Clay v1.0,GFM,E,RGB+NIR+nDSM,in-domain-seg,seg-2013,after,11,0.3961780667304992,0.5675179362297058,0.6135470867156982,0.5279132127761841,model_output/clay-v1-rgb-nir-ndsm-phaseE/constraint_resolution_+_polygonfix_cc_updated/classification_metrics_2013_after_postprocessing.csv
Clay v1.0,GFM,E,RGB+NIR+nDSM,in-domain-seg,seg-2013,after,12,0.445443719625473,0.6163418292999268,0.7661113739013672,0.5155544281005859,model_output/clay-v1-rgb-nir-ndsm-phaseE/constraint_resolution_+_polygonfix_cc_updated/classification_metrics_2013_after_postprocessing.csv
Clay v1.0,GFM,E,RGB+NIR+nDSM,in-domain-seg,seg-2013,after,13,0.1882871389389038,0.3169051110744476,0.2901268601417541,0.3491292297840118,model_output/clay-v1-rgb-nir-ndsm-phaseE/constraint_resolution_+_polygonfix_cc_updated/classification_metrics_2013_after_postprocessing.csv
Clay v1.0,GFM,E,RGB+NIR+nDSM,in-domain-seg,seg-2013,after,14,0.1560154408216476,0.2699193060398102,0.6763523817062378,0.1686027199029922,model_output/clay-v1-rgb-nir-ndsm-phaseE/constraint_resolution_+_polygonfix_cc_updated/classification_metrics_2013_after_postprocessing.csv
Clay v1.0,GFM,E,RGB+NIR+nDSM,in-domain-seg,seg-2013,after,15,0.6237581968307495,0.7682895064353943,0.6852800846099854,0.874180793762207,model_output/clay-v1-rgb-nir-ndsm-phaseE/constraint_resolution_+_polygonfix_cc_updated/classification_metrics_2013_after_postprocessing.csv
Clay v1.0,GFM,E,RGB+NIR+nDSM,in-domain-seg,seg-2013,after,16,0.3568121790885925,0.5259566307067871,0.4270726442337036,0.6844286918640137,model_output/clay-v1-rgb-nir-ndsm-phaseE/constraint_resolution_+_polygonfix_cc_updated/classification_metrics_2013_after_postprocessing.csv
Clay v1.0,GFM,E,RGB+NIR+nDSM,in-domain-seg,seg-2013,after,17,0.3495970666408539,0.5180762410163879,0.3857867419719696,0.7884382605552673,model_output/clay-v1-rgb-nir-ndsm-phaseE/constraint_resolution_+_polygonfix_cc_updated/classification_metrics_2013_after_postprocessing.csv
Clay v1.0,GFM,E,RGB+NIR+nDSM,in-domain-seg,seg-2013,after,18,0.1706089377403259,0.2914875149726867,0.1738822162151336,0.9006269574165344,model_output/clay-v1-rgb-nir-ndsm-phaseE/constraint_resolution_+_polygonfix_cc_updated/classification_metrics_2013_after_postprocessing.csv
Clay v1.0,GFM,E,RGB+NIR+nDSM,in-domain-seg,seg-2013,after,19,0.5291141271591187,0.6920531392097473,0.6355412602424622,0.7595959305763245,model_output/clay-v1-rgb-nir-ndsm-phaseE/constraint_resolution_+_polygonfix_cc_updated/classification_metrics_2013_after_postprocessing.csv
Clay v1.0,GFM,E,RGB+NIR+nDSM,in-domain-seg,seg-2013,after,20,0.8940951228141785,0.9440868496894836,0.9375733733177184,0.9506914615631104,model_output/clay-v1-rgb-nir-ndsm-phaseE/constraint_resolution_+_polygonfix_cc_updated/classification_metrics_2013_after_postprocessing.csv
Clay v1.0,GFM,E,RGB+NIR+nDSM,in-domain-seg,seg-2013,after,21,0.3451984226703644,0.5132305026054382,0.7898739576339722,0.3801038563251495,model_output/clay-v1-rgb-nir-ndsm-phaseE/constraint_resolution_+_polygonfix_cc_updated/classification_metrics_2013_after_postprocessing.csv
Clay v1.0,GFM,E,RGB+NIR+nDSM,in-domain-seg,seg-2013,after,22,0.7184858918190002,0.8361848592758179,0.7491937279701233,0.9460314512252808,model_output/clay-v1-rgb-nir-ndsm-phaseE/constraint_resolution_+_polygonfix_cc_updated/classification_metrics_2013_after_postprocessing.csv
Clay v1.0,GFM,E,RGB+NIR+nDSM,in-domain-seg,seg-2013,after,23,0.6145372986793518,0.7612550258636475,0.6932268142700195,0.8440876007080078,model_output/clay-v1-rgb-nir-ndsm-phaseE/constraint_resolution_+_polygonfix_cc_updated/classification_metrics_2013_after_postprocessing.csv
Clay v1.0,GFM,E,RGB+NIR+nDSM,cross-temporal-seg,seg-2020,before,1,0.2007261514663696,0.3343412578105926,0.2799156904220581,0.4150397479534149,model_output/clay-v1-rgb-nir-ndsm-phaseE/classification_metrics_2020.csv
Clay v1.0,GFM,E,RGB+NIR+nDSM,cross-temporal-seg,seg-2020,before,2,0.1521331816911697,0.2640895843505859,0.2360522747039795,0.2996849119663238,model_output/clay-v1-rgb-nir-ndsm-phaseE/classification_metrics_2020.csv
Clay v1.0,GFM,E,RGB+NIR+nDSM,cross-temporal-seg,seg-2020,before,3,0.337697684764862,0.5048938989639282,0.4729000031948089,0.541530966758728,model_output/clay-v1-rgb-nir-ndsm-phaseE/classification_metrics_2020.csv
Clay v1.0,GFM,E,RGB+NIR+nDSM,cross-temporal-seg,seg-2020,before,4,0.3261401355266571,0.4918637573719024,0.4238878786563873,0.5858051776885986,model_output/clay-v1-rgb-nir-ndsm-phaseE/classification_metrics_2020.csv
Clay v1.0,GFM,E,RGB+NIR+nDSM,cross-temporal-seg,seg-2020,before,5,0.3265512883663177,0.4923311769962311,0.5904146432876587,0.4221936762332916,model_output/clay-v1-rgb-nir-ndsm-phaseE/classification_metrics_2020.csv
Clay v1.0,GFM,E,RGB+NIR+nDSM,cross-temporal-seg,seg-2020,before,6,0.163804218173027,0.2814978957176208,0.2523204982280731,0.3183055520057678,model_output/clay-v1-rgb-nir-ndsm-phaseE/classification_metrics_2020.csv
Clay v1.0,GFM,E,RGB+NIR+nDSM,cross-temporal-seg,seg-2020,before,7,0.3629879355430603,0.5326355695724487,0.414960652589798,0.7434693574905396,model_output/clay-v1-rgb-nir-ndsm-phaseE/classification_metrics_2020.csv
Clay v1.0,GFM,E,RGB+NIR+nDSM,cross-temporal-seg,seg-2020,before,8,0.3139902949333191,0.4779187142848968,0.4558640420436859,0.5022159218788147,model_output/clay-v1-rgb-nir-ndsm-phaseE/classification_metrics_2020.csv
Clay v1.0,GFM,E,RGB+NIR+nDSM,cross-temporal-seg,seg-2020,before,9,0.2501289844512939,0.4001650810241699,0.4128933846950531,0.3881980776786804,model_output/clay-v1-rgb-nir-ndsm-phaseE/classification_metrics_2020.csv
Clay v1.0,GFM,E,RGB+NIR+nDSM,cross-temporal-seg,seg-2020,before,10,0.1556341499090194,0.2693484723567962,0.3076094090938568,0.2395525574684143,model_output/clay-v1-rgb-nir-ndsm-phaseE/classification_metrics_2020.csv
Clay v1.0,GFM,E,RGB+NIR+nDSM,cross-temporal-seg,seg-2020,before,11,0.2027773708105087,0.3371818959712982,0.5680344700813293,0.2397471815347671,model_output/clay-v1-rgb-nir-ndsm-phaseE/classification_metrics_2020.csv
Clay v1.0,GFM,E,RGB+NIR+nDSM,cross-temporal-seg,seg-2020,before,12,0.2631155252456665,0.4166135787963867,0.4444058239459991,0.3920929133892059,model_output/clay-v1-rgb-nir-ndsm-phaseE/classification_metrics_2020.csv
Clay v1.0,GFM,E,RGB+NIR+nDSM,cross-temporal-seg,seg-2020,before,13,0.0505850724875927,0.0962988585233688,0.1909545063972473,0.0643839165568351,model_output/clay-v1-rgb-nir-ndsm-phaseE/classification_metrics_2020.csv
Clay v1.0,GFM,E,RGB+NIR+nDSM,cross-temporal-seg,seg-2020,before,14,0.0719599276781082,0.1342586278915405,0.2719957828521728,0.089125819504261,model_output/clay-v1-rgb-nir-ndsm-phaseE/classification_metrics_2020.csv
Clay v1.0,GFM,E,RGB+NIR+nDSM,cross-temporal-seg,seg-2020,before,15,0.3099591434001922,0.4732348024845123,0.5271785855293274,0.4293058812618255,model_output/clay-v1-rgb-nir-ndsm-phaseE/classification_metrics_2020.csv
Clay v1.0,GFM,E,RGB+NIR+nDSM,cross-temporal-seg,seg-2020,before,16,0.129596933722496,0.2294569462537765,0.2270893305540084,0.2318744212388992,model_output/clay-v1-rgb-nir-ndsm-phaseE/classification_metrics_2020.csv
Clay v1.0,GFM,E,RGB+NIR+nDSM,cross-temporal-seg,seg-2020,before,17,0.1358196288347244,0.239157035946846,0.1896655708551406,0.3235965669155121,model_output/clay-v1-rgb-nir-ndsm-phaseE/classification_metrics_2020.csv
Clay v1.0,GFM,E,RGB+NIR+nDSM,cross-temporal-seg,seg-2020,before,18,0.2869118452072143,0.4458920061588287,0.3375305831432342,0.6567297577857971,model_output/clay-v1-rgb-nir-ndsm-phaseE/classification_metrics_2020.csv
Clay v1.0,GFM,E,RGB+NIR+nDSM,cross-temporal-seg,seg-2020,before,19,0.3135299682617187,0.477385401725769,0.3956888914108276,0.6015943884849548,model_output/clay-v1-rgb-nir-ndsm-phaseE/classification_metrics_2020.csv
Clay v1.0,GFM,E,RGB+NIR+nDSM,cross-temporal-seg,seg-2020,before,20,0.4735673069953918,0.6427494883537292,0.769558310508728,0.5518198609352112,model_output/clay-v1-rgb-nir-ndsm-phaseE/classification_metrics_2020.csv
Clay v1.0,GFM,E,RGB+NIR+nDSM,cross-temporal-seg,seg-2020,before,21,0.2732402086257934,0.4292044639587402,0.5054497122764587,0.3729468286037445,model_output/clay-v1-rgb-nir-ndsm-phaseE/classification_metrics_2020.csv
Clay v1.0,GFM,E,RGB+NIR+nDSM,cross-temporal-seg,seg-2020,before,22,0.2872627377510071,0.4463156461715698,0.3346680104732513,0.6697484850883484,model_output/clay-v1-rgb-nir-ndsm-phaseE/classification_metrics_2020.csv
Clay v1.0,GFM,E,RGB+NIR+nDSM,cross-temporal-seg,seg-2020,before,23,0.4047162532806396,0.5762249231338501,0.470567911863327,0.743066132068634,model_output/clay-v1-rgb-nir-ndsm-phaseE/classification_metrics_2020.csv
Clay v1.0,GFM,E,RGB+NIR+nDSM,cross-temporal-seg,seg-2020,after,1,0.7722134590148926,0.8714677691459656,0.8675175905227661,0.8754541277885437,model_output/clay-v1-rgb-nir-ndsm-phaseE/constraint_resolution_+_polygonfix_cc_updated/classification_metrics_2020_after_postprocessing.csv
Clay v1.0,GFM,E,RGB+NIR+nDSM,cross-temporal-seg,seg-2020,after,2,0.4275544881820678,0.5990027189254761,0.6052226424217224,0.5929092764854431,model_output/clay-v1-rgb-nir-ndsm-phaseE/constraint_resolution_+_polygonfix_cc_updated/classification_metrics_2020_after_postprocessing.csv
Clay v1.0,GFM,E,RGB+NIR+nDSM,cross-temporal-seg,seg-2020,after,3,0.58101886510849,0.7349929809570312,0.6974869966506958,0.7767617106437683,model_output/clay-v1-rgb-nir-ndsm-phaseE/constraint_resolution_+_polygonfix_cc_updated/classification_metrics_2020_after_postprocessing.csv
Clay v1.0,GFM,E,RGB+NIR+nDSM,cross-temporal-seg,seg-2020,after,4,0.4932709634304046,0.6606583595275879,0.5955289602279663,0.741782546043396,model_output/clay-v1-rgb-nir-ndsm-phaseE/constraint_resolution_+_polygonfix_cc_updated/classification_metrics_2020_after_postprocessing.csv
Clay v1.0,GFM,E,RGB+NIR+nDSM,cross-temporal-seg,seg-2020,after,5,0.602598249912262,0.7520266175270081,0.7798205614089966,0.7261456847190857,model_output/clay-v1-rgb-nir-ndsm-phaseE/constraint_resolution_+_polygonfix_cc_updated/classification_metrics_2020_after_postprocessing.csv
Clay v1.0,GFM,E,RGB+NIR+nDSM,cross-temporal-seg,seg-2020,after,6,0.2749289274215698,0.4312850832939148,0.4236795604228973,0.4391686618328094,model_output/clay-v1-rgb-nir-ndsm-phaseE/constraint_resolution_+_polygonfix_cc_updated/classification_metrics_2020_after_postprocessing.csv
Clay v1.0,GFM,E,RGB+NIR+nDSM,cross-temporal-seg,seg-2020,after,7,0.4838418662548065,0.6521474719047546,0.532391369342804,0.8414154648780823,model_output/clay-v1-rgb-nir-ndsm-phaseE/constraint_resolution_+_polygonfix_cc_updated/classification_metrics_2020_after_postprocessing.csv
Clay v1.0,GFM,E,RGB+NIR+nDSM,cross-temporal-seg,seg-2020,after,8,0.1452495604753494,0.253655731678009,0.5261144638061523,0.1671129912137985,model_output/clay-v1-rgb-nir-ndsm-phaseE/constraint_resolution_+_polygonfix_cc_updated/classification_metrics_2020_after_postprocessing.csv
Clay v1.0,GFM,E,RGB+NIR+nDSM,cross-temporal-seg,seg-2020,after,9,0.2812662422657013,0.439044177532196,0.3537130355834961,0.578636884689331,model_output/clay-v1-rgb-nir-ndsm-phaseE/constraint_resolution_+_polygonfix_cc_updated/classification_metrics_2020_after_postprocessing.csv
Clay v1.0,GFM,E,RGB+NIR+nDSM,cross-temporal-seg,seg-2020,after,10,0.2149716466665268,0.3538710474967956,0.408581793308258,0.3120820224285126,model_output/clay-v1-rgb-nir-ndsm-phaseE/constraint_resolution_+_polygonfix_cc_updated/classification_metrics_2020_after_postprocessing.csv
Clay v1.0,GFM,E,RGB+NIR+nDSM,cross-temporal-seg,seg-2020,after,11,0.0901346430182457,0.1653642505407333,0.6352280378341675,0.0950545445084571,model_output/clay-v1-rgb-nir-ndsm-phaseE/constraint_resolution_+_polygonfix_cc_updated/classification_metrics_2020_after_postprocessing.csv
Clay v1.0,GFM,E,RGB+NIR+nDSM,cross-temporal-seg,seg-2020,after,12,0.3023175299167633,0.4642761945724487,0.4057506024837494,0.5425310730934143,model_output/clay-v1-rgb-nir-ndsm-phaseE/constraint_resolution_+_polygonfix_cc_updated/classification_metrics_2020_after_postprocessing.csv
Clay v1.0,GFM,E,RGB+NIR+nDSM,cross-temporal-seg,seg-2020,after,13,0.0553220547735691,0.1048439294099807,0.5209845304489136,0.0582868419587612,model_output/clay-v1-rgb-nir-ndsm-phaseE/constraint_resolution_+_polygonfix_cc_updated/classification_metrics_2020_after_postprocessing.csv
Clay v1.0,GFM,E,RGB+NIR+nDSM,cross-temporal-seg,seg-2020,after,14,0.1004754230380058,0.182603657245636,0.3366462588310241,0.1252786666154861,model_output/clay-v1-rgb-nir-ndsm-phaseE/constraint_resolution_+_polygonfix_cc_updated/classification_metrics_2020_after_postprocessing.csv
Clay v1.0,GFM,E,RGB+NIR+nDSM,cross-temporal-seg,seg-2020,after,15,0.1317921280860901,0.2328910529613495,0.4167879819869995,0.1615925282239914,model_output/clay-v1-rgb-nir-ndsm-phaseE/constraint_resolution_+_polygonfix_cc_updated/classification_metrics_2020_after_postprocessing.csv
Clay v1.0,GFM,E,RGB+NIR+nDSM,cross-temporal-seg,seg-2020,after,16,0.1294820755720138,0.2292769104242324,0.1608690470457077,0.3989084661006927,model_output/clay-v1-rgb-nir-ndsm-phaseE/constraint_resolution_+_polygonfix_cc_updated/classification_metrics_2020_after_postprocessing.csv
Clay v1.0,GFM,E,RGB+NIR+nDSM,cross-temporal-seg,seg-2020,after,17,0.0796384364366531,0.1475279778242111,0.1390628069639206,0.1570905447006225,model_output/clay-v1-rgb-nir-ndsm-phaseE/constraint_resolution_+_polygonfix_cc_updated/classification_metrics_2020_after_postprocessing.csv
Clay v1.0,GFM,E,RGB+NIR+nDSM,cross-temporal-seg,seg-2020,after,18,0.3299763798713684,0.4962139129638672,0.3547023832798004,0.8255900144577026,model_output/clay-v1-rgb-nir-ndsm-phaseE/constraint_resolution_+_polygonfix_cc_updated/classification_metrics_2020_after_postprocessing.csv
Clay v1.0,GFM,E,RGB+NIR+nDSM,cross-temporal-seg,seg-2020,after,19,0.3481981158256531,0.5165385007858276,0.4205095171928406,0.6694062948226929,model_output/clay-v1-rgb-nir-ndsm-phaseE/constraint_resolution_+_polygonfix_cc_updated/classification_metrics_2020_after_postprocessing.csv
Clay v1.0,GFM,E,RGB+NIR+nDSM,cross-temporal-seg,seg-2020,after,20,0.5752481818199158,0.7303588390350342,0.8765579462051392,0.6259568333625793,model_output/clay-v1-rgb-nir-ndsm-phaseE/constraint_resolution_+_polygonfix_cc_updated/classification_metrics_2020_after_postprocessing.csv
Clay v1.0,GFM,E,RGB+NIR+nDSM,cross-temporal-seg,seg-2020,after,21,0.3535910844802856,0.5224488973617554,0.6468349695205688,0.4381859302520752,model_output/clay-v1-rgb-nir-ndsm-phaseE/constraint_resolution_+_polygonfix_cc_updated/classification_metrics_2020_after_postprocessing.csv
Clay v1.0,GFM,E,RGB+NIR+nDSM,cross-temporal-seg,seg-2020,after,22,0.4195922613143921,0.5911447405815125,0.4606349170207977,0.8248445987701416,model_output/clay-v1-rgb-nir-ndsm-phaseE/constraint_resolution_+_polygonfix_cc_updated/classification_metrics_2020_after_postprocessing.csv
Clay v1.0,GFM,E,RGB+NIR+nDSM,cross-temporal-seg,seg-2020,after,23,0.6215022206306458,0.7665758728981018,0.6739135980606079,0.8887821435928345,model_output/clay-v1-rgb-nir-ndsm-phaseE/constraint_resolution_+_polygonfix_cc_updated/classification_metrics_2020_after_postprocessing.csv
Clay v1.0,GFM,E,RGB+NIR+nDSM,cross-temporal,change-binary,before,0,0.4007927775382995,0.5722370743751526,0.7869007587432861,0.4495903849601745,model_output/clay-v1-rgb-nir-ndsm-phaseE/change_metrics_binary_2013-2020.csv
Clay v1.0,GFM,E,RGB+NIR+nDSM,cross-temporal,change-binary,before,1,0.4610163867473602,0.6310899257659912,0.5108946561813354,0.8252393007278442,model_output/clay-v1-rgb-nir-ndsm-phaseE/change_metrics_binary_2013-2020.csv
Clay v1.0,GFM,E,RGB+NIR+nDSM,cross-temporal,change-binary,after,0,0.4686854779720306,0.6382379531860352,0.7266142964363098,0.5690284967422485,model_output/clay-v1-rgb-nir-ndsm-phaseE/constraint_resolution_+_polygonfix_cc_updated/change_metrics_binary_2013-2020_after_postprocessing.csv
Clay v1.0,GFM,E,RGB+NIR+nDSM,cross-temporal,change-binary,after,1,0.4265129268169403,0.5979798436164856,0.5267789363861084,0.6914361715316772,model_output/clay-v1-rgb-nir-ndsm-phaseE/constraint_resolution_+_polygonfix_cc_updated/change_metrics_binary_2013-2020_after_postprocessing.csv
Clay v1.0,GFM,E,RGB+NIR+nDSM,cross-temporal,change-multiclass,before,0,0.4007927775382995,0.5722370743751526,0.7869007587432861,0.4495903849601745,model_output/clay-v1-rgb-nir-ndsm-phaseE/change_metrics_multiclass_2013-2020.csv
Clay v1.0,GFM,E,RGB+NIR+nDSM,cross-temporal,change-multiclass,before,1,0.1673087179660797,0.2866572439670563,0.6110599040985107,0.1872493177652359,model_output/clay-v1-rgb-nir-ndsm-phaseE/change_metrics_multiclass_2013-2020.csv
Clay v1.0,GFM,E,RGB+NIR+nDSM,cross-temporal,change-multiclass,before,2,0.434888631105423,0.6061636209487915,0.7010681629180908,0.5338901877403259,model_output/clay-v1-rgb-nir-ndsm-phaseE/change_metrics_multiclass_2013-2020.csv
Clay v1.0,GFM,E,RGB+NIR+nDSM,cross-temporal,change-multiclass,before,3,0.1036774143576622,0.1878762990236282,0.116373598575592,0.4872609674930572,model_output/clay-v1-rgb-nir-ndsm-phaseE/change_metrics_multiclass_2013-2020.csv
Clay v1.0,GFM,E,RGB+NIR+nDSM,cross-temporal,change-multiclass,before,4,0.3895119428634643,0.5606456995010376,0.5156175494194031,0.6142908334732056,model_output/clay-v1-rgb-nir-ndsm-phaseE/change_metrics_multiclass_2013-2020.csv
Clay v1.0,GFM,E,RGB+NIR+nDSM,cross-temporal,change-multiclass,before,5,0.1694134622812271,0.2897409200668335,0.2695209980010986,0.3132407963275909,model_output/clay-v1-rgb-nir-ndsm-phaseE/change_metrics_multiclass_2013-2020.csv
Clay v1.0,GFM,E,RGB+NIR+nDSM,cross-temporal,change-multiclass,before,6,0.1836458146572113,0.3103053569793701,0.2034153193235397,0.6539307236671448,model_output/clay-v1-rgb-nir-ndsm-phaseE/change_metrics_multiclass_2013-2020.csv
Clay v1.0,GFM,E,RGB+NIR+nDSM,cross-temporal,change-multiclass,before,7,0.1853919327259063,0.3127943277359009,0.2127428352832794,0.59050452709198,model_output/clay-v1-rgb-nir-ndsm-phaseE/change_metrics_multiclass_2013-2020.csv
Clay v1.0,GFM,E,RGB+NIR+nDSM,cross-temporal,change-multiclass,before,8,0.0634223222732544,0.1192796528339386,0.0694125890731811,0.4236012399196625,model_output/clay-v1-rgb-nir-ndsm-phaseE/change_metrics_multiclass_2013-2020.csv
Clay v1.0,GFM,E,RGB+NIR+nDSM,cross-temporal,change-multiclass,after,0,0.4686853289604187,0.6382379531860352,0.7266142964363098,0.5690284967422485,model_output/clay-v1-rgb-nir-ndsm-phaseE/constraint_resolution_+_polygonfix_cc_updated/change_metrics_multiclass_2013-2020_after_postprocessing.csv
Clay v1.0,GFM,E,RGB+NIR+nDSM,cross-temporal,change-multiclass,after,1,0.059822179377079,0.1128909736871719,0.6306241750717163,0.0619944371283054,model_output/clay-v1-rgb-nir-ndsm-phaseE/constraint_resolution_+_polygonfix_cc_updated/change_metrics_multiclass_2013-2020_after_postprocessing.csv
Clay v1.0,GFM,E,RGB+NIR+nDSM,cross-temporal,change-multiclass,after,2,0.0836626440286636,0.1544071733951568,0.2797694504261017,0.1066280603408813,model_output/clay-v1-rgb-nir-ndsm-phaseE/constraint_resolution_+_polygonfix_cc_updated/change_metrics_multiclass_2013-2020_after_postprocessing.csv
Clay v1.0,GFM,E,RGB+NIR+nDSM,cross-temporal,change-multiclass,after,3,0.1351201087236404,0.2380719035863876,0.6141546368598938,0.1476544588804245,model_output/clay-v1-rgb-nir-ndsm-phaseE/constraint_resolution_+_polygonfix_cc_updated/change_metrics_multiclass_2013-2020_after_postprocessing.csv
Clay v1.0,GFM,E,RGB+NIR+nDSM,cross-temporal,change-multiclass,after,4,0.4079683423042297,0.5795134902000427,0.5199515223503113,0.654486894607544,model_output/clay-v1-rgb-nir-ndsm-phaseE/constraint_resolution_+_polygonfix_cc_updated/change_metrics_multiclass_2013-2020_after_postprocessing.csv
Clay v1.0,GFM,E,RGB+NIR+nDSM,cross-temporal,change-multiclass,after,5,0.0895542278885841,0.1643869131803512,0.0920075625181198,0.7705662846565247,model_output/clay-v1-rgb-nir-ndsm-phaseE/constraint_resolution_+_polygonfix_cc_updated/change_metrics_multiclass_2013-2020_after_postprocessing.csv
Clay v1.0,GFM,E,RGB+NIR+nDSM,cross-temporal,change-multiclass,after,6,0.2309648543596267,0.3752582371234894,0.2564626336097717,0.6990761160850525,model_output/clay-v1-rgb-nir-ndsm-phaseE/constraint_resolution_+_polygonfix_cc_updated/change_metrics_multiclass_2013-2020_after_postprocessing.csv
Clay v1.0,GFM,E,RGB+NIR+nDSM,cross-temporal,change-multiclass,after,7,0.2141005247831344,0.3526899516582489,0.2415526509284973,0.6532449722290039,model_output/clay-v1-rgb-nir-ndsm-phaseE/constraint_resolution_+_polygonfix_cc_updated/change_metrics_multiclass_2013-2020_after_postprocessing.csv
Clay v1.0,GFM,E,RGB+NIR+nDSM,cross-temporal,change-multiclass,after,8,0.0766367465257644,0.1423632353544235,0.089758425951004,0.3439314365386963,model_output/clay-v1-rgb-nir-ndsm-phaseE/constraint_resolution_+_polygonfix_cc_updated/change_metrics_multiclass_2013-2020_after_postprocessing.csv
Clay v1.5,GFM,F,RGB+NIR,in-domain-seg,seg-2013,before,1,0.5045687556266785,0.6707154512405396,0.565200686454773,0.8246693015098572,model_output/clay-v1.5-rgb-nir-phaseF/classification_metrics_2013.csv
Clay v1.5,GFM,F,RGB+NIR,in-domain-seg,seg-2013,before,2,0.2593116760253906,0.4118308126926422,0.3047559857368469,0.634900689125061,model_output/clay-v1.5-rgb-nir-phaseF/classification_metrics_2013.csv
Clay v1.5,GFM,F,RGB+NIR,in-domain-seg,seg-2013,before,3,0.2773507237434387,0.4342592656612396,0.3638909459114074,0.538367509841919,model_output/clay-v1.5-rgb-nir-phaseF/classification_metrics_2013.csv
Clay v1.5,GFM,F,RGB+NIR,in-domain-seg,seg-2013,before,4,0.4270427227020263,0.5985002517700195,0.6186269521713257,0.5796419978141785,model_output/clay-v1.5-rgb-nir-phaseF/classification_metrics_2013.csv
Clay v1.5,GFM,F,RGB+NIR,in-domain-seg,seg-2013,before,5,0.4104967713356018,0.5820598602294922,0.80966717004776,0.4543395042419433,model_output/clay-v1.5-rgb-nir-phaseF/classification_metrics_2013.csv
Clay v1.5,GFM,F,RGB+NIR,in-domain-seg,seg-2013,before,6,0.1559996306896209,0.2698956429958343,0.2945539951324463,0.2490468621253967,model_output/clay-v1.5-rgb-nir-phaseF/classification_metrics_2013.csv
Clay v1.5,GFM,F,RGB+NIR,in-domain-seg,seg-2013,before,7,0.3562932908535003,0.5253926515579224,0.4744862914085388,0.5885350704193115,model_output/clay-v1.5-rgb-nir-phaseF/classification_metrics_2013.csv
Clay v1.5,GFM,F,RGB+NIR,in-domain-seg,seg-2013,before,8,0.0916742086410522,0.1679515689611435,0.1393290311098098,0.2113745361566543,model_output/clay-v1.5-rgb-nir-phaseF/classification_metrics_2013.csv
Clay v1.5,GFM,F,RGB+NIR,in-domain-seg,seg-2013,before,9,0.3136748373508453,0.4775532484054565,0.5955758690834045,0.3985703587532043,model_output/clay-v1.5-rgb-nir-phaseF/classification_metrics_2013.csv
Clay v1.5,GFM,F,RGB+NIR,in-domain-seg,seg-2013,before,10,0.1456499099731445,0.2542659938335418,0.204321801662445,0.336526095867157,model_output/clay-v1.5-rgb-nir-phaseF/classification_metrics_2013.csv
Clay v1.5,GFM,F,RGB+NIR,in-domain-seg,seg-2013,before,11,0.1700469255447387,0.2906668484210968,0.3016254007816314,0.2804766893386841,model_output/clay-v1.5-rgb-nir-phaseF/classification_metrics_2013.csv
Clay v1.5,GFM,F,RGB+NIR,in-domain-seg,seg-2013,before,12,0.2536307871341705,0.4046339988708496,0.5827798247337341,0.3099021911621094,model_output/clay-v1.5-rgb-nir-phaseF/classification_metrics_2013.csv
Clay v1.5,GFM,F,RGB+NIR,in-domain-seg,seg-2013,before,13,0.1032595261931419,0.187189906835556,0.1274554133415222,0.3523041903972626,model_output/clay-v1.5-rgb-nir-phaseF/classification_metrics_2013.csv
Clay v1.5,GFM,F,RGB+NIR,in-domain-seg,seg-2013,before,14,0.2052175849676132,0.3405486047267914,0.3438385426998138,0.337321013212204,model_output/clay-v1.5-rgb-nir-phaseF/classification_metrics_2013.csv
Clay v1.5,GFM,F,RGB+NIR,in-domain-seg,seg-2013,before,15,0.3425296545028686,0.5102750658988953,0.5003615021705627,0.520589292049408,model_output/clay-v1.5-rgb-nir-phaseF/classification_metrics_2013.csv
Clay v1.5,GFM,F,RGB+NIR,in-domain-seg,seg-2013,before,16,0.1607517302036285,0.2769786715507507,0.2178501337766647,0.3801614046096802,model_output/clay-v1.5-rgb-nir-phaseF/classification_metrics_2013.csv
Clay v1.5,GFM,F,RGB+NIR,in-domain-seg,seg-2013,before,17,0.0846676006913185,0.1561171412467956,0.1013426408171653,0.3397456109523773,model_output/clay-v1.5-rgb-nir-phaseF/classification_metrics_2013.csv
Clay v1.5,GFM,F,RGB+NIR,in-domain-seg,seg-2013,before,18,0.1938408464193344,0.3247348070144653,0.2711158990859985,0.4047907292842865,model_output/clay-v1.5-rgb-nir-phaseF/classification_metrics_2013.csv
Clay v1.5,GFM,F,RGB+NIR,in-domain-seg,seg-2013,before,19,0.3301544785499573,0.4964151978492737,0.4152174890041351,0.617090106010437,model_output/clay-v1.5-rgb-nir-phaseF/classification_metrics_2013.csv
Clay v1.5,GFM,F,RGB+NIR,in-domain-seg,seg-2013,before,20,0.6485732197761536,0.7868297100067139,0.8403874635696411,0.7396894097328186,model_output/clay-v1.5-rgb-nir-phaseF/classification_metrics_2013.csv
Clay v1.5,GFM,F,RGB+NIR,in-domain-seg,seg-2013,before,21,0.3020720481872558,0.4639866948127746,0.5899215936660767,0.3823612332344055,model_output/clay-v1.5-rgb-nir-phaseF/classification_metrics_2013.csv
Clay v1.5,GFM,F,RGB+NIR,in-domain-seg,seg-2013,before,22,0.4907861649990082,0.6584259867668152,0.5812691450119019,0.7592012882232666,model_output/clay-v1.5-rgb-nir-phaseF/classification_metrics_2013.csv
Clay v1.5,GFM,F,RGB+NIR,in-domain-seg,seg-2013,before,23,0.4022310674190521,0.5737015604972839,0.541438639163971,0.6100530028343201,model_output/clay-v1.5-rgb-nir-phaseF/classification_metrics_2013.csv
Clay v1.5,GFM,F,RGB+NIR,in-domain-seg,seg-2013,after,1,0.7882345914840698,0.8815785050392151,0.813980221748352,0.9614212512969972,model_output/clay-v1.5-rgb-nir-phaseF/constraint_resolution_+_polygonfix_cc_updated/classification_metrics_2013_after_postprocessing.csv
Clay v1.5,GFM,F,RGB+NIR,in-domain-seg,seg-2013,after,2,0.2206011116504669,0.3614630699157715,0.2854969203472137,0.4925128221511841,model_output/clay-v1.5-rgb-nir-phaseF/constraint_resolution_+_polygonfix_cc_updated/classification_metrics_2013_after_postprocessing.csv
Clay v1.5,GFM,F,RGB+NIR,in-domain-seg,seg-2013,after,3,0.5049397945404053,0.6710432171821594,0.6934930682182312,0.6500012874603271,model_output/clay-v1.5-rgb-nir-phaseF/constraint_resolution_+_polygonfix_cc_updated/classification_metrics_2013_after_postprocessing.csv
Clay v1.5,GFM,F,RGB+NIR,in-domain-seg,seg-2013,after,4,0.621904194355011,0.7668815851211548,0.8138505220413208,0.7250381708145142,model_output/clay-v1.5-rgb-nir-phaseF/constraint_resolution_+_polygonfix_cc_updated/classification_metrics_2013_after_postprocessing.csv
Clay v1.5,GFM,F,RGB+NIR,in-domain-seg,seg-2013,after,5,0.8509032726287842,0.9194464683532716,0.9555126428604126,0.8860039114952087,model_output/clay-v1.5-rgb-nir-phaseF/constraint_resolution_+_polygonfix_cc_updated/classification_metrics_2013_after_postprocessing.csv
Clay v1.5,GFM,F,RGB+NIR,in-domain-seg,seg-2013,after,6,0.2992371022701263,0.460635095834732,0.4967708885669708,0.4293999671936035,model_output/clay-v1.5-rgb-nir-phaseF/constraint_resolution_+_polygonfix_cc_updated/classification_metrics_2013_after_postprocessing.csv
Clay v1.5,GFM,F,RGB+NIR,in-domain-seg,seg-2013,after,7,0.4142999053001404,0.5858727693557739,0.6842926740646362,0.5122039318084717,model_output/clay-v1.5-rgb-nir-phaseF/constraint_resolution_+_polygonfix_cc_updated/classification_metrics_2013_after_postprocessing.csv
Clay v1.5,GFM,F,RGB+NIR,in-domain-seg,seg-2013,after,8,0.2551740109920501,0.4065954387187958,0.4247131943702698,0.3899601995944977,model_output/clay-v1.5-rgb-nir-phaseF/constraint_resolution_+_polygonfix_cc_updated/classification_metrics_2013_after_postprocessing.csv
Clay v1.5,GFM,F,RGB+NIR,in-domain-seg,seg-2013,after,9,0.452614963054657,0.6231727004051208,0.8000580072402954,0.5103411078453064,model_output/clay-v1.5-rgb-nir-phaseF/constraint_resolution_+_polygonfix_cc_updated/classification_metrics_2013_after_postprocessing.csv
Clay v1.5,GFM,F,RGB+NIR,in-domain-seg,seg-2013,after,10,0.2955977320671081,0.4563109576702118,0.4050376117229461,0.5224471092224121,model_output/clay-v1.5-rgb-nir-phaseF/constraint_resolution_+_polygonfix_cc_updated/classification_metrics_2013_after_postprocessing.csv
Clay v1.5,GFM,F,RGB+NIR,in-domain-seg,seg-2013,after,11,0.3929818570613861,0.5642311573028564,0.6326923966407776,0.5091390609741211,model_output/clay-v1.5-rgb-nir-phaseF/constraint_resolution_+_polygonfix_cc_updated/classification_metrics_2013_after_postprocessing.csv
Clay v1.5,GFM,F,RGB+NIR,in-domain-seg,seg-2013,after,12,0.3038435876369476,0.4660736918449402,0.6428110599517822,0.3655639290809631,model_output/clay-v1.5-rgb-nir-phaseF/constraint_resolution_+_polygonfix_cc_updated/classification_metrics_2013_after_postprocessing.csv
Clay v1.5,GFM,F,RGB+NIR,in-domain-seg,seg-2013,after,13,0.2307838052511215,0.3750192523002624,0.2978886663913727,0.5060470104217529,model_output/clay-v1.5-rgb-nir-phaseF/constraint_resolution_+_polygonfix_cc_updated/classification_metrics_2013_after_postprocessing.csv
Clay v1.5,GFM,F,RGB+NIR,in-domain-seg,seg-2013,after,14,0.3741048276424408,0.5445069670677185,0.6355559825897217,0.4762762486934662,model_output/clay-v1.5-rgb-nir-phaseF/constraint_resolution_+_polygonfix_cc_updated/classification_metrics_2013_after_postprocessing.csv
Clay v1.5,GFM,F,RGB+NIR,in-domain-seg,seg-2013,after,15,0.6155166625976562,0.7620059251785278,0.6743668913841248,0.8758261203765869,model_output/clay-v1.5-rgb-nir-phaseF/constraint_resolution_+_polygonfix_cc_updated/classification_metrics_2013_after_postprocessing.csv
Clay v1.5,GFM,F,RGB+NIR,in-domain-seg,seg-2013,after,16,0.2872815132141113,0.4463383257389068,0.3267665803432464,0.7039193511009216,model_output/clay-v1.5-rgb-nir-phaseF/constraint_resolution_+_polygonfix_cc_updated/classification_metrics_2013_after_postprocessing.csv
Clay v1.5,GFM,F,RGB+NIR,in-domain-seg,seg-2013,after,17,0.1663825511932373,0.2852967083454132,0.2648456692695617,0.3091704249382019,model_output/clay-v1.5-rgb-nir-phaseF/constraint_resolution_+_polygonfix_cc_updated/classification_metrics_2013_after_postprocessing.csv
Clay v1.5,GFM,F,RGB+NIR,in-domain-seg,seg-2013,after,18,0.2342763245105743,0.379617303609848,0.2373944371938705,0.9469112753868104,model_output/clay-v1.5-rgb-nir-phaseF/constraint_resolution_+_polygonfix_cc_updated/classification_metrics_2013_after_postprocessing.csv
Clay v1.5,GFM,F,RGB+NIR,in-domain-seg,seg-2013,after,19,0.4072921574115753,0.5788309574127197,0.422507494688034,0.918764591217041,model_output/clay-v1.5-rgb-nir-phaseF/constraint_resolution_+_polygonfix_cc_updated/classification_metrics_2013_after_postprocessing.csv
Clay v1.5,GFM,F,RGB+NIR,in-domain-seg,seg-2013,after,20,0.8752065896987915,0.9334508776664734,0.937859058380127,0.9290838837623596,model_output/clay-v1.5-rgb-nir-phaseF/constraint_resolution_+_polygonfix_cc_updated/classification_metrics_2013_after_postprocessing.csv
Clay v1.5,GFM,F,RGB+NIR,in-domain-seg,seg-2013,after,21,0.4515037834644317,0.6221186518669128,0.8502812385559082,0.4904992282390594,model_output/clay-v1.5-rgb-nir-phaseF/constraint_resolution_+_polygonfix_cc_updated/classification_metrics_2013_after_postprocessing.csv
Clay v1.5,GFM,F,RGB+NIR,in-domain-seg,seg-2013,after,22,0.7656813859939575,0.8672928214073181,0.7922040224075317,0.9581066966056824,model_output/clay-v1.5-rgb-nir-phaseF/constraint_resolution_+_polygonfix_cc_updated/classification_metrics_2013_after_postprocessing.csv
Clay v1.5,GFM,F,RGB+NIR,in-domain-seg,seg-2013,after,23,0.6941582560539246,0.8194727301597595,0.8839320540428162,0.763775646686554,model_output/clay-v1.5-rgb-nir-phaseF/constraint_resolution_+_polygonfix_cc_updated/classification_metrics_2013_after_postprocessing.csv
Clay v1.5,GFM,F,RGB+NIR,cross-temporal-seg,seg-2020,before,1,0.3669972419738769,0.536939263343811,0.4443366825580597,0.6783015727996826,model_output/clay-v1.5-rgb-nir-phaseF/classification_metrics_2020.csv
Clay v1.5,GFM,F,RGB+NIR,cross-temporal-seg,seg-2020,before,2,0.2352082580327987,0.3808398246765136,0.2828505933284759,0.5827112197875977,model_output/clay-v1.5-rgb-nir-phaseF/classification_metrics_2020.csv
Clay v1.5,GFM,F,RGB+NIR,cross-temporal-seg,seg-2020,before,3,0.2896616756916046,0.4492056667804718,0.3752141892910003,0.5595472455024719,model_output/clay-v1.5-rgb-nir-phaseF/classification_metrics_2020.csv
Clay v1.5,GFM,F,RGB+NIR,cross-temporal-seg,seg-2020,before,4,0.3465132117271423,0.5146822333335876,0.5574325919151306,0.4780219793319702,model_output/clay-v1.5-rgb-nir-phaseF/classification_metrics_2020.csv
Clay v1.5,GFM,F,RGB+NIR,cross-temporal-seg,seg-2020,before,5,0.3900350630283355,0.5611873865127563,0.6676207184791565,0.4840234220027923,model_output/clay-v1.5-rgb-nir-phaseF/classification_metrics_2020.csv
Clay v1.5,GFM,F,RGB+NIR,cross-temporal-seg,seg-2020,before,6,0.151464968919754,0.263082206249237,0.2090718001127243,0.3547179996967315,model_output/clay-v1.5-rgb-nir-phaseF/classification_metrics_2020.csv
Clay v1.5,GFM,F,RGB+NIR,cross-temporal-seg,seg-2020,before,7,0.2970985770225525,0.4580971598625183,0.3370167911052704,0.7149626016616821,model_output/clay-v1.5-rgb-nir-phaseF/classification_metrics_2020.csv
Clay v1.5,GFM,F,RGB+NIR,cross-temporal-seg,seg-2020,before,8,0.1051136329770088,0.190231367945671,0.4941803514957428,0.117786169052124,model_output/clay-v1.5-rgb-nir-phaseF/classification_metrics_2020.csv
Clay v1.5,GFM,F,RGB+NIR,cross-temporal-seg,seg-2020,before,9,0.2365075647830963,0.3825412690639496,0.3190876543521881,0.477495789527893,model_output/clay-v1.5-rgb-nir-phaseF/classification_metrics_2020.csv
Clay v1.5,GFM,F,RGB+NIR,cross-temporal-seg,seg-2020,before,10,0.1709252893924713,0.291949063539505,0.2533646523952484,0.344396561384201,model_output/clay-v1.5-rgb-nir-phaseF/classification_metrics_2020.csv
Clay v1.5,GFM,F,RGB+NIR,cross-temporal-seg,seg-2020,before,11,0.0690139308571815,0.1291169971227646,0.3440153002738952,0.0794724225997924,model_output/clay-v1.5-rgb-nir-phaseF/classification_metrics_2020.csv
Clay v1.5,GFM,F,RGB+NIR,cross-temporal-seg,seg-2020,before,12,0.2158339023590088,0.3550384640693664,0.3144683837890625,0.4076271057128906,model_output/clay-v1.5-rgb-nir-phaseF/classification_metrics_2020.csv
Clay v1.5,GFM,F,RGB+NIR,cross-temporal-seg,seg-2020,before,13,0.0455409251153469,0.0871145725250244,0.093324638903141,0.0816794037818908,model_output/clay-v1.5-rgb-nir-phaseF/classification_metrics_2020.csv
Clay v1.5,GFM,F,RGB+NIR,cross-temporal-seg,seg-2020,before,14,0.1824629306793213,0.3086150586605072,0.2981822192668915,0.3198044598102569,model_output/clay-v1.5-rgb-nir-phaseF/classification_metrics_2020.csv
Clay v1.5,GFM,F,RGB+NIR,cross-temporal-seg,seg-2020,before,15,0.1357100754976272,0.2389872223138809,0.483043223619461,0.1587694734334945,model_output/clay-v1.5-rgb-nir-phaseF/classification_metrics_2020.csv
Clay v1.5,GFM,F,RGB+NIR,cross-temporal-seg,seg-2020,before,16,0.0933829322457313,0.1708146929740905,0.1472942233085632,0.2032742500305175,model_output/clay-v1.5-rgb-nir-phaseF/classification_metrics_2020.csv
Clay v1.5,GFM,F,RGB+NIR,cross-temporal-seg,seg-2020,before,17,0.0397263914346694,0.0764170065522193,0.1561179757118225,0.0505899526178836,model_output/clay-v1.5-rgb-nir-phaseF/classification_metrics_2020.csv
Clay v1.5,GFM,F,RGB+NIR,cross-temporal-seg,seg-2020,before,18,0.2882491648197174,0.4475053548812866,0.3485381305217743,0.6249633431434631,model_output/clay-v1.5-rgb-nir-phaseF/classification_metrics_2020.csv
Clay v1.5,GFM,F,RGB+NIR,cross-temporal-seg,seg-2020,before,19,0.2931617498397827,0.4534030556678772,0.3749262392520904,0.5734290480613708,model_output/clay-v1.5-rgb-nir-phaseF/classification_metrics_2020.csv
Clay v1.5,GFM,F,RGB+NIR,cross-temporal-seg,seg-2020,before,20,0.442299336194992,0.613325297832489,0.87962806224823,0.4707947373390198,model_output/clay-v1.5-rgb-nir-phaseF/classification_metrics_2020.csv
Clay v1.5,GFM,F,RGB+NIR,cross-temporal-seg,seg-2020,before,21,0.2520144879817962,0.4025743901729584,0.4807865619659424,0.3462482988834381,model_output/clay-v1.5-rgb-nir-phaseF/classification_metrics_2020.csv
Clay v1.5,GFM,F,RGB+NIR,cross-temporal-seg,seg-2020,before,22,0.2503067851066589,0.4003925919532776,0.2872733175754547,0.6604620218276978,model_output/clay-v1.5-rgb-nir-phaseF/classification_metrics_2020.csv
Clay v1.5,GFM,F,RGB+NIR,cross-temporal-seg,seg-2020,before,23,0.4655766785144806,0.635349452495575,0.6103971004486084,0.6624287962913513,model_output/clay-v1.5-rgb-nir-phaseF/classification_metrics_2020.csv
Clay v1.5,GFM,F,RGB+NIR,cross-temporal-seg,seg-2020,after,1,0.8163915872573853,0.8989158272743225,0.9009415507316588,0.8968991637229919,model_output/clay-v1.5-rgb-nir-phaseF/constraint_resolution_+_polygonfix_cc_updated/classification_metrics_2020_after_postprocessing.csv
Clay v1.5,GFM,F,RGB+NIR,cross-temporal-seg,seg-2020,after,2,0.4249171614646911,0.5964096188545227,0.4749990403652191,0.8011969327926636,model_output/clay-v1.5-rgb-nir-phaseF/constraint_resolution_+_polygonfix_cc_updated/classification_metrics_2020_after_postprocessing.csv
Clay v1.5,GFM,F,RGB+NIR,cross-temporal-seg,seg-2020,after,3,0.5111640095710754,0.6765168905258179,0.5902617573738098,0.7922953367233276,model_output/clay-v1.5-rgb-nir-phaseF/constraint_resolution_+_polygonfix_cc_updated/classification_metrics_2020_after_postprocessing.csv
Clay v1.5,GFM,F,RGB+NIR,cross-temporal-seg,seg-2020,after,4,0.4989882111549377,0.6657666563987732,0.7706576585769653,0.5860076546669006,model_output/clay-v1.5-rgb-nir-phaseF/constraint_resolution_+_polygonfix_cc_updated/classification_metrics_2020_after_postprocessing.csv
Clay v1.5,GFM,F,RGB+NIR,cross-temporal-seg,seg-2020,after,5,0.7225586771965027,0.8389365077018738,0.8402178287506104,0.8376591801643372,model_output/clay-v1.5-rgb-nir-phaseF/constraint_resolution_+_polygonfix_cc_updated/classification_metrics_2020_after_postprocessing.csv
Clay v1.5,GFM,F,RGB+NIR,cross-temporal-seg,seg-2020,after,6,0.2220764756202697,0.3634411990642547,0.3177449405193329,0.424488753080368,model_output/clay-v1.5-rgb-nir-phaseF/constraint_resolution_+_polygonfix_cc_updated/classification_metrics_2020_after_postprocessing.csv
Clay v1.5,GFM,F,RGB+NIR,cross-temporal-seg,seg-2020,after,7,0.4663865864276886,0.6361031532287598,0.5068590044975281,0.8538187742233276,model_output/clay-v1.5-rgb-nir-phaseF/constraint_resolution_+_polygonfix_cc_updated/classification_metrics_2020_after_postprocessing.csv
Clay v1.5,GFM,F,RGB+NIR,cross-temporal-seg,seg-2020,after,8,0.0952792540192604,0.1739816665649414,0.5966827869415283,0.1018378585577011,model_output/clay-v1.5-rgb-nir-phaseF/constraint_resolution_+_polygonfix_cc_updated/classification_metrics_2020_after_postprocessing.csv
Clay v1.5,GFM,F,RGB+NIR,cross-temporal-seg,seg-2020,after,9,0.3518514037132263,0.5205474495887756,0.4158592820167541,0.6956767439842224,model_output/clay-v1.5-rgb-nir-phaseF/constraint_resolution_+_polygonfix_cc_updated/classification_metrics_2020_after_postprocessing.csv
Clay v1.5,GFM,F,RGB+NIR,cross-temporal-seg,seg-2020,after,10,0.3066147565841675,0.4693269729614258,0.4661512970924377,0.4725462794303894,model_output/clay-v1.5-rgb-nir-phaseF/constraint_resolution_+_polygonfix_cc_updated/classification_metrics_2020_after_postprocessing.csv
Clay v1.5,GFM,F,RGB+NIR,cross-temporal-seg,seg-2020,after,11,0.1231778711080551,0.2193381637334823,0.618361234664917,0.1333126574754715,model_output/clay-v1.5-rgb-nir-phaseF/constraint_resolution_+_polygonfix_cc_updated/classification_metrics_2020_after_postprocessing.csv
Clay v1.5,GFM,F,RGB+NIR,cross-temporal-seg,seg-2020,after,12,0.3070111274719238,0.4697911143302917,0.4128753244876861,0.544907808303833,model_output/clay-v1.5-rgb-nir-phaseF/constraint_resolution_+_polygonfix_cc_updated/classification_metrics_2020_after_postprocessing.csv
Clay v1.5,GFM,F,RGB+NIR,cross-temporal-seg,seg-2020,after,13,0.0913431346416473,0.1673958152532577,0.2563607096672058,0.1242702826857566,model_output/clay-v1.5-rgb-nir-phaseF/constraint_resolution_+_polygonfix_cc_updated/classification_metrics_2020_after_postprocessing.csv
Clay v1.5,GFM,F,RGB+NIR,cross-temporal-seg,seg-2020,after,14,0.2669488489627838,0.4214043021202087,0.3794346153736114,0.4738132953643799,model_output/clay-v1.5-rgb-nir-phaseF/constraint_resolution_+_polygonfix_cc_updated/classification_metrics_2020_after_postprocessing.csv
Clay v1.5,GFM,F,RGB+NIR,cross-temporal-seg,seg-2020,after,15,0.1794560998678207,0.3043031394481659,0.4738692343235016,0.2241093516349792,model_output/clay-v1.5-rgb-nir-phaseF/constraint_resolution_+_polygonfix_cc_updated/classification_metrics_2020_after_postprocessing.csv
Clay v1.5,GFM,F,RGB+NIR,cross-temporal-seg,seg-2020,after,16,0.1519802659749984,0.2638591527938843,0.1980971544981002,0.3949799835681915,model_output/clay-v1.5-rgb-nir-phaseF/constraint_resolution_+_polygonfix_cc_updated/classification_metrics_2020_after_postprocessing.csv
Clay v1.5,GFM,F,RGB+NIR,cross-temporal-seg,seg-2020,after,17,0.0704769119620323,0.1316738575696945,0.1808648258447647,0.1035191044211387,model_output/clay-v1.5-rgb-nir-phaseF/constraint_resolution_+_polygonfix_cc_updated/classification_metrics_2020_after_postprocessing.csv
Clay v1.5,GFM,F,RGB+NIR,cross-temporal-seg,seg-2020,after,18,0.4070232510566711,0.578559398651123,0.4585764110088348,0.7835760712623596,model_output/clay-v1.5-rgb-nir-phaseF/constraint_resolution_+_polygonfix_cc_updated/classification_metrics_2020_after_postprocessing.csv
Clay v1.5,GFM,F,RGB+NIR,cross-temporal-seg,seg-2020,after,19,0.3343367278575897,0.5011278986930847,0.4043076634407043,0.65892094373703,model_output/clay-v1.5-rgb-nir-phaseF/constraint_resolution_+_polygonfix_cc_updated/classification_metrics_2020_after_postprocessing.csv
Clay v1.5,GFM,F,RGB+NIR,cross-temporal-seg,seg-2020,after,20,0.5825632214546204,0.7362274527549744,0.9715733528137208,0.5926650762557983,model_output/clay-v1.5-rgb-nir-phaseF/constraint_resolution_+_polygonfix_cc_updated/classification_metrics_2020_after_postprocessing.csv
Clay v1.5,GFM,F,RGB+NIR,cross-temporal-seg,seg-2020,after,21,0.333557665348053,0.500252366065979,0.6658022999763489,0.4006354510784149,model_output/clay-v1.5-rgb-nir-phaseF/constraint_resolution_+_polygonfix_cc_updated/classification_metrics_2020_after_postprocessing.csv
Clay v1.5,GFM,F,RGB+NIR,cross-temporal-seg,seg-2020,after,22,0.3482623100280761,0.5166091322898865,0.3907148838043213,0.762202262878418,model_output/clay-v1.5-rgb-nir-phaseF/constraint_resolution_+_polygonfix_cc_updated/classification_metrics_2020_after_postprocessing.csv
Clay v1.5,GFM,F,RGB+NIR,cross-temporal-seg,seg-2020,after,23,0.7358895540237427,0.8478530049324036,0.8787794709205627,0.8190292119979858,model_output/clay-v1.5-rgb-nir-phaseF/constraint_resolution_+_polygonfix_cc_updated/classification_metrics_2020_after_postprocessing.csv
Clay v1.5,GFM,F,RGB+NIR,cross-temporal,change-binary,before,0,0.3718717992305755,0.542137861251831,0.6798798441886902,0.4508056938648224,model_output/clay-v1.5-rgb-nir-phaseF/change_metrics_binary_2013-2020.csv
Clay v1.5,GFM,F,RGB+NIR,cross-temporal,change-binary,before,1,0.3888197839260101,0.5599283576011658,0.4686669707298279,0.6953260898590088,model_output/clay-v1.5-rgb-nir-phaseF/change_metrics_binary_2013-2020.csv
Clay v1.5,GFM,F,RGB+NIR,cross-temporal,change-binary,after,0,0.4931479096412658,0.6605479121208191,0.6905233263969421,0.6330666542053223,model_output/clay-v1.5-rgb-nir-phaseF/constraint_resolution_+_polygonfix_cc_updated/change_metrics_binary_2013-2020_after_postprocessing.csv
Clay v1.5,GFM,F,RGB+NIR,cross-temporal,change-binary,after,1,0.385745495557785,0.5567335486412048,0.526867687702179,0.5901888012886047,model_output/clay-v1.5-rgb-nir-phaseF/constraint_resolution_+_polygonfix_cc_updated/change_metrics_binary_2013-2020_after_postprocessing.csv
Clay v1.5,GFM,F,RGB+NIR,cross-temporal,change-multiclass,before,0,0.3718718588352203,0.542137861251831,0.6798798441886902,0.4508056938648224,model_output/clay-v1.5-rgb-nir-phaseF/change_metrics_multiclass_2013-2020.csv
Clay v1.5,GFM,F,RGB+NIR,cross-temporal,change-multiclass,before,1,0.0839929580688476,0.1549695432186126,0.4288314878940582,0.0945729985833168,model_output/clay-v1.5-rgb-nir-phaseF/change_metrics_multiclass_2013-2020.csv
Clay v1.5,GFM,F,RGB+NIR,cross-temporal,change-multiclass,before,2,0.090187594294548,0.1654533594846725,0.8691679835319519,0.0914287939667701,model_output/clay-v1.5-rgb-nir-phaseF/change_metrics_multiclass_2013-2020.csv
Clay v1.5,GFM,F,RGB+NIR,cross-temporal,change-multiclass,before,3,0.0219980608671903,0.0430491268634796,0.0254837665706872,0.1385447382926941,model_output/clay-v1.5-rgb-nir-phaseF/change_metrics_multiclass_2013-2020.csv
Clay v1.5,GFM,F,RGB+NIR,cross-temporal,change-multiclass,before,4,0.3217398524284363,0.486842930316925,0.5240688920021057,0.4545547366142273,model_output/clay-v1.5-rgb-nir-phaseF/change_metrics_multiclass_2013-2020.csv
Clay v1.5,GFM,F,RGB+NIR,cross-temporal,change-multiclass,before,5,0.105505421757698,0.1908727288246154,0.1164390742778778,0.5290995240211487,model_output/clay-v1.5-rgb-nir-phaseF/change_metrics_multiclass_2013-2020.csv
Clay v1.5,GFM,F,RGB+NIR,cross-temporal,change-multiclass,before,6,0.1673648655414581,0.2867395877838135,0.1851430088281631,0.6354292035102844,model_output/clay-v1.5-rgb-nir-phaseF/change_metrics_multiclass_2013-2020.csv
Clay v1.5,GFM,F,RGB+NIR,cross-temporal,change-multiclass,before,7,0.179853469133377,0.3048742413520813,0.2048124372959137,0.5961016416549683,model_output/clay-v1.5-rgb-nir-phaseF/change_metrics_multiclass_2013-2020.csv
Clay v1.5,GFM,F,RGB+NIR,cross-temporal,change-multiclass,before,8,0.0652565509080886,0.1225180029869079,0.0713987573981285,0.4313532412052154,model_output/clay-v1.5-rgb-nir-phaseF/change_metrics_multiclass_2013-2020.csv
Clay v1.5,GFM,F,RGB+NIR,cross-temporal,change-multiclass,after,0,0.4931479096412658,0.6605479121208191,0.6905233263969421,0.6330666542053223,model_output/clay-v1.5-rgb-nir-phaseF/constraint_resolution_+_polygonfix_cc_updated/change_metrics_multiclass_2013-2020_after_postprocessing.csv
Clay v1.5,GFM,F,RGB+NIR,cross-temporal,change-multiclass,after,1,0.1224002689123153,0.2181044965982437,0.5280359983444214,0.1374361515045166,model_output/clay-v1.5-rgb-nir-phaseF/constraint_resolution_+_polygonfix_cc_updated/change_metrics_multiclass_2013-2020_after_postprocessing.csv
Clay v1.5,GFM,F,RGB+NIR,cross-temporal,change-multiclass,after,2,0.1054742336273193,0.1908216923475265,0.3266712725162506,0.1347743868827819,model_output/clay-v1.5-rgb-nir-phaseF/constraint_resolution_+_polygonfix_cc_updated/change_metrics_multiclass_2013-2020_after_postprocessing.csv
Clay v1.5,GFM,F,RGB+NIR,cross-temporal,change-multiclass,after,3,0.0970560982823371,0.1769391745328903,0.5023300051689148,0.1073814406991005,model_output/clay-v1.5-rgb-nir-phaseF/constraint_resolution_+_polygonfix_cc_updated/change_metrics_multiclass_2013-2020_after_postprocessing.csv
Clay v1.5,GFM,F,RGB+NIR,cross-temporal,change-multiclass,after,4,0.3403735756874084,0.5078786611557007,0.5426351428031921,0.477306604385376,model_output/clay-v1.5-rgb-nir-phaseF/constraint_resolution_+_polygonfix_cc_updated/change_metrics_multiclass_2013-2020_after_postprocessing.csv
Clay v1.5,GFM,F,RGB+NIR,cross-temporal,change-multiclass,after,5,0.0986399874091148,0.1795674413442611,0.0995658114552497,0.9138529896736144,model_output/clay-v1.5-rgb-nir-phaseF/constraint_resolution_+_polygonfix_cc_updated/change_metrics_multiclass_2013-2020_after_postprocessing.csv
Clay v1.5,GFM,F,RGB+NIR,cross-temporal,change-multiclass,after,6,0.2153422236442566,0.3543729782104492,0.2477986365556717,0.6217991709709167,model_output/clay-v1.5-rgb-nir-phaseF/constraint_resolution_+_polygonfix_cc_updated/change_metrics_multiclass_2013-2020_after_postprocessing.csv
Clay v1.5,GFM,F,RGB+NIR,cross-temporal,change-multiclass,after,7,0.2094786316156387,0.3463949263095855,0.2325803339481353,0.6783490777015686,model_output/clay-v1.5-rgb-nir-phaseF/constraint_resolution_+_polygonfix_cc_updated/change_metrics_multiclass_2013-2020_after_postprocessing.csv
Clay v1.5,GFM,F,RGB+NIR,cross-temporal,change-multiclass,after,8,0.0909572467207908,0.1667475700378418,0.1075614318251609,0.3707597255706787,model_output/clay-v1.5-rgb-nir-phaseF/constraint_resolution_+_polygonfix_cc_updated/change_metrics_multiclass_2013-2020_after_postprocessing.csv
Clay v1.5,GFM,E,RGB+NIR+nDSM,in-domain-seg,seg-2013,before,1,0.588239312171936,0.7407439351081848,0.7321307063102722,0.7495622038841248,model_output/clay-v1.5-rgb-nir-ndsm-phaseE/classification_metrics_2013.csv
Clay v1.5,GFM,E,RGB+NIR+nDSM,in-domain-seg,seg-2013,before,2,0.2488632649183273,0.3985436558723449,0.3097240626811981,0.5587869882583618,model_output/clay-v1.5-rgb-nir-ndsm-phaseE/classification_metrics_2013.csv
Clay v1.5,GFM,E,RGB+NIR+nDSM,in-domain-seg,seg-2013,before,3,0.2842408120632171,0.4426596462726593,0.3909549117088318,0.5101249814033508,model_output/clay-v1.5-rgb-nir-ndsm-phaseE/classification_metrics_2013.csv
Clay v1.5,GFM,E,RGB+NIR+nDSM,in-domain-seg,seg-2013,before,4,0.4376485645771026,0.6088394522666931,0.6072694659233093,0.6104175448417664,model_output/clay-v1.5-rgb-nir-ndsm-phaseE/classification_metrics_2013.csv
Clay v1.5,GFM,E,RGB+NIR+nDSM,in-domain-seg,seg-2013,before,5,0.4267517328262329,0.5982144474983215,0.8452322483062744,0.4629253149032593,model_output/clay-v1.5-rgb-nir-ndsm-phaseE/classification_metrics_2013.csv
Clay v1.5,GFM,E,RGB+NIR+nDSM,in-domain-seg,seg-2013,before,6,0.2009100019931793,0.3345962464809418,0.3267128765583038,0.3428694903850555,model_output/clay-v1.5-rgb-nir-ndsm-phaseE/classification_metrics_2013.csv
Clay v1.5,GFM,E,RGB+NIR+nDSM,in-domain-seg,seg-2013,before,7,0.3712382614612579,0.5414642691612244,0.5197972655296326,0.5650161504745483,model_output/clay-v1.5-rgb-nir-ndsm-phaseE/classification_metrics_2013.csv
Clay v1.5,GFM,E,RGB+NIR+nDSM,in-domain-seg,seg-2013,before,8,0.1178938597440719,0.2109213918447494,0.1531731933355331,0.338564395904541,model_output/clay-v1.5-rgb-nir-ndsm-phaseE/classification_metrics_2013.csv
Clay v1.5,GFM,E,RGB+NIR+nDSM,in-domain-seg,seg-2013,before,9,0.3938778340816498,0.5651540160179138,0.5740650296211243,0.5565154552459717,model_output/clay-v1.5-rgb-nir-ndsm-phaseE/classification_metrics_2013.csv
Clay v1.5,GFM,E,RGB+NIR+nDSM,in-domain-seg,seg-2013,before,10,0.1774366199970245,0.3013947904109955,0.238712340593338,0.4087183475494385,model_output/clay-v1.5-rgb-nir-ndsm-phaseE/classification_metrics_2013.csv
Clay v1.5,GFM,E,RGB+NIR+nDSM,in-domain-seg,seg-2013,before,11,0.1826506555080413,0.3088835179805755,0.2640530467033386,0.372049480676651,model_output/clay-v1.5-rgb-nir-ndsm-phaseE/classification_metrics_2013.csv
Clay v1.5,GFM,E,RGB+NIR+nDSM,in-domain-seg,seg-2013,before,12,0.347721517086029,0.5160139203071594,0.593482255935669,0.4564346671104431,model_output/clay-v1.5-rgb-nir-ndsm-phaseE/classification_metrics_2013.csv
Clay v1.5,GFM,E,RGB+NIR+nDSM,in-domain-seg,seg-2013,before,13,0.1536030024290084,0.2663013339042663,0.2229445278644561,0.3305928707122803,model_output/clay-v1.5-rgb-nir-ndsm-phaseE/classification_metrics_2013.csv
Clay v1.5,GFM,E,RGB+NIR+nDSM,in-domain-seg,seg-2013,before,14,0.2049297243356704,0.3401521444320678,0.3477054536342621,0.3329200148582458,model_output/clay-v1.5-rgb-nir-ndsm-phaseE/classification_metrics_2013.csv
Clay v1.5,GFM,E,RGB+NIR+nDSM,in-domain-seg,seg-2013,before,15,0.2677076160907745,0.4223491549491882,0.5064063668251038,0.3622243702411651,model_output/clay-v1.5-rgb-nir-ndsm-phaseE/classification_metrics_2013.csv
Clay v1.5,GFM,E,RGB+NIR+nDSM,in-domain-seg,seg-2013,before,16,0.1617878526449203,0.2785152792930603,0.2733149230480194,0.2839173972606659,model_output/clay-v1.5-rgb-nir-ndsm-phaseE/classification_metrics_2013.csv
Clay v1.5,GFM,E,RGB+NIR+nDSM,in-domain-seg,seg-2013,before,17,0.0282315742224454,0.0549128726124763,0.0473627187311649,0.0653266832232475,model_output/clay-v1.5-rgb-nir-ndsm-phaseE/classification_metrics_2013.csv
Clay v1.5,GFM,E,RGB+NIR+nDSM,in-domain-seg,seg-2013,before,18,0.2160035818815231,0.3552680015563965,0.3005697727203369,0.4343032836914062,model_output/clay-v1.5-rgb-nir-ndsm-phaseE/classification_metrics_2013.csv
Clay v1.5,GFM,E,RGB+NIR+nDSM,in-domain-seg,seg-2013,before,19,0.3346664011478424,0.5014981627464294,0.4190951287746429,0.6242362856864929,model_output/clay-v1.5-rgb-nir-ndsm-phaseE/classification_metrics_2013.csv
Clay v1.5,GFM,E,RGB+NIR+nDSM,in-domain-seg,seg-2013,before,20,0.6388509273529053,0.7796327471733093,0.8737026453018188,0.7038504481315613,model_output/clay-v1.5-rgb-nir-ndsm-phaseE/classification_metrics_2013.csv
Clay v1.5,GFM,E,RGB+NIR+nDSM,in-domain-seg,seg-2013,before,21,0.3301852345466614,0.4964499771595001,0.5308748483657837,0.4662178754806518,model_output/clay-v1.5-rgb-nir-ndsm-phaseE/classification_metrics_2013.csv
Clay v1.5,GFM,E,RGB+NIR+nDSM,in-domain-seg,seg-2013,before,22,0.505511999130249,0.6715482473373413,0.6080997586250305,0.7497794032096863,model_output/clay-v1.5-rgb-nir-ndsm-phaseE/classification_metrics_2013.csv
Clay v1.5,GFM,E,RGB+NIR+nDSM,in-domain-seg,seg-2013,before,23,0.4067621231079101,0.5782955288887024,0.5170286893844604,0.6560341119766235,model_output/clay-v1.5-rgb-nir-ndsm-phaseE/classification_metrics_2013.csv
Clay v1.5,GFM,E,RGB+NIR+nDSM,in-domain-seg,seg-2013,after,1,0.8765825629234314,0.9342328906059264,0.9486393332481384,0.9202574491500854,model_output/clay-v1.5-rgb-nir-ndsm-phaseE/constraint_resolution_+_polygonfix_cc_updated/classification_metrics_2013_after_postprocessing.csv
Clay v1.5,GFM,E,RGB+NIR+nDSM,in-domain-seg,seg-2013,after,2,0.3620626032352447,0.5316387414932251,0.4184921085834503,0.7286388278007507,model_output/clay-v1.5-rgb-nir-ndsm-phaseE/constraint_resolution_+_polygonfix_cc_updated/classification_metrics_2013_after_postprocessing.csv
Clay v1.5,GFM,E,RGB+NIR+nDSM,in-domain-seg,seg-2013,after,3,0.4408895671367645,0.6119685769081116,0.7194623351097107,0.5324203968048096,model_output/clay-v1.5-rgb-nir-ndsm-phaseE/constraint_resolution_+_polygonfix_cc_updated/classification_metrics_2013_after_postprocessing.csv
Clay v1.5,GFM,E,RGB+NIR+nDSM,in-domain-seg,seg-2013,after,4,0.6284530162811279,0.771840512752533,0.7992157340049744,0.7462785243988037,model_output/clay-v1.5-rgb-nir-ndsm-phaseE/constraint_resolution_+_polygonfix_cc_updated/classification_metrics_2013_after_postprocessing.csv
Clay v1.5,GFM,E,RGB+NIR+nDSM,in-domain-seg,seg-2013,after,5,0.8876029849052429,0.9404552578926086,0.9835668802261353,0.900964081287384,model_output/clay-v1.5-rgb-nir-ndsm-phaseE/constraint_resolution_+_polygonfix_cc_updated/classification_metrics_2013_after_postprocessing.csv
Clay v1.5,GFM,E,RGB+NIR+nDSM,in-domain-seg,seg-2013,after,6,0.3036923110485077,0.4658956825733185,0.4812180399894714,0.4515189826488495,model_output/clay-v1.5-rgb-nir-ndsm-phaseE/constraint_resolution_+_polygonfix_cc_updated/classification_metrics_2013_after_postprocessing.csv
Clay v1.5,GFM,E,RGB+NIR+nDSM,in-domain-seg,seg-2013,after,7,0.3776419758796692,0.5482439994812012,0.6628890633583069,0.4674070477485657,model_output/clay-v1.5-rgb-nir-ndsm-phaseE/constraint_resolution_+_polygonfix_cc_updated/classification_metrics_2013_after_postprocessing.csv
Clay v1.5,GFM,E,RGB+NIR+nDSM,in-domain-seg,seg-2013,after,8,0.3356350362300873,0.5025849938392639,0.4996643364429474,0.5055399537086487,model_output/clay-v1.5-rgb-nir-ndsm-phaseE/constraint_resolution_+_polygonfix_cc_updated/classification_metrics_2013_after_postprocessing.csv
Clay v1.5,GFM,E,RGB+NIR+nDSM,in-domain-seg,seg-2013,after,9,0.5789250135421753,0.7333154678344727,0.7995668053627014,0.6772031188011169,model_output/clay-v1.5-rgb-nir-ndsm-phaseE/constraint_resolution_+_polygonfix_cc_updated/classification_metrics_2013_after_postprocessing.csv
Clay v1.5,GFM,E,RGB+NIR+nDSM,in-domain-seg,seg-2013,after,10,0.3186814188957214,0.4833334684371948,0.4017263352870941,0.6065483689308167,model_output/clay-v1.5-rgb-nir-ndsm-phaseE/constraint_resolution_+_polygonfix_cc_updated/classification_metrics_2013_after_postprocessing.csv
Clay v1.5,GFM,E,RGB+NIR+nDSM,in-domain-seg,seg-2013,after,11,0.6166965365409851,0.7629094123840332,0.7593970894813538,0.7664544582366943,model_output/clay-v1.5-rgb-nir-ndsm-phaseE/constraint_resolution_+_polygonfix_cc_updated/classification_metrics_2013_after_postprocessing.csv
Clay v1.5,GFM,E,RGB+NIR+nDSM,in-domain-seg,seg-2013,after,12,0.4754501581192016,0.6444814801216125,0.7502775192260742,0.5648346543312073,model_output/clay-v1.5-rgb-nir-ndsm-phaseE/constraint_resolution_+_polygonfix_cc_updated/classification_metrics_2013_after_postprocessing.csv
Clay v1.5,GFM,E,RGB+NIR+nDSM,in-domain-seg,seg-2013,after,13,0.2936765849590301,0.4540185630321502,0.3869203925132751,0.5492709279060364,model_output/clay-v1.5-rgb-nir-ndsm-phaseE/constraint_resolution_+_polygonfix_cc_updated/classification_metrics_2013_after_postprocessing.csv
Clay v1.5,GFM,E,RGB+NIR+nDSM,in-domain-seg,seg-2013,after,14,0.3722637295722961,0.5425542593002319,0.6372084617614746,0.4723838567733764,model_output/clay-v1.5-rgb-nir-ndsm-phaseE/constraint_resolution_+_polygonfix_cc_updated/classification_metrics_2013_after_postprocessing.csv
Clay v1.5,GFM,E,RGB+NIR+nDSM,in-domain-seg,seg-2013,after,15,0.803685188293457,0.8911590576171875,0.8973081111907959,0.8850936889648438,model_output/clay-v1.5-rgb-nir-ndsm-phaseE/constraint_resolution_+_polygonfix_cc_updated/classification_metrics_2013_after_postprocessing.csv
Clay v1.5,GFM,E,RGB+NIR+nDSM,in-domain-seg,seg-2013,after,16,0.4872109293937683,0.6552008390426636,0.5577619671821594,0.7938904762268066,model_output/clay-v1.5-rgb-nir-ndsm-phaseE/constraint_resolution_+_polygonfix_cc_updated/classification_metrics_2013_after_postprocessing.csv
Clay v1.5,GFM,E,RGB+NIR+nDSM,in-domain-seg,seg-2013,after,17,0.1030175611376762,0.1867922395467758,0.2718665897846222,0.1422716379165649,model_output/clay-v1.5-rgb-nir-ndsm-phaseE/constraint_resolution_+_polygonfix_cc_updated/classification_metrics_2013_after_postprocessing.csv
Clay v1.5,GFM,E,RGB+NIR+nDSM,in-domain-seg,seg-2013,after,18,0.2570738494396209,0.4090035855770111,0.259320467710495,0.9673978686332704,model_output/clay-v1.5-rgb-nir-ndsm-phaseE/constraint_resolution_+_polygonfix_cc_updated/classification_metrics_2013_after_postprocessing.csv
Clay v1.5,GFM,E,RGB+NIR+nDSM,in-domain-seg,seg-2013,after,19,0.388714075088501,0.5598187446594238,0.4474864304065704,0.7474510073661804,model_output/clay-v1.5-rgb-nir-ndsm-phaseE/constraint_resolution_+_polygonfix_cc_updated/classification_metrics_2013_after_postprocessing.csv
Clay v1.5,GFM,E,RGB+NIR+nDSM,in-domain-seg,seg-2013,after,20,0.8518596887588501,0.9200044870376588,0.9409415125846864,0.8999788761138916,model_output/clay-v1.5-rgb-nir-ndsm-phaseE/constraint_resolution_+_polygonfix_cc_updated/classification_metrics_2013_after_postprocessing.csv
Clay v1.5,GFM,E,RGB+NIR+nDSM,in-domain-seg,seg-2013,after,21,0.4142529368400574,0.5858258008956909,0.757289707660675,0.4776722490787506,model_output/clay-v1.5-rgb-nir-ndsm-phaseE/constraint_resolution_+_polygonfix_cc_updated/classification_metrics_2013_after_postprocessing.csv
Clay v1.5,GFM,E,RGB+NIR+nDSM,in-domain-seg,seg-2013,after,22,0.7327477335929871,0.8457638025283813,0.7586796283721924,0.9554320573806764,model_output/clay-v1.5-rgb-nir-ndsm-phaseE/constraint_resolution_+_polygonfix_cc_updated/classification_metrics_2013_after_postprocessing.csv
Clay v1.5,GFM,E,RGB+NIR+nDSM,in-domain-seg,seg-2013,after,23,0.6737917065620422,0.8051081895828247,0.7950870990753174,0.815385103225708,model_output/clay-v1.5-rgb-nir-ndsm-phaseE/constraint_resolution_+_polygonfix_cc_updated/classification_metrics_2013_after_postprocessing.csv
Clay v1.5,GFM,E,RGB+NIR+nDSM,cross-temporal-seg,seg-2020,before,1,0.2306968122720718,0.3749043643474579,0.400719404220581,0.3522141277790069,model_output/clay-v1.5-rgb-nir-ndsm-phaseE/classification_metrics_2020.csv
Clay v1.5,GFM,E,RGB+NIR+nDSM,cross-temporal-seg,seg-2020,before,2,0.1942822784185409,0.3253540396690368,0.4190967679023742,0.2658820748329162,model_output/clay-v1.5-rgb-nir-ndsm-phaseE/classification_metrics_2020.csv
Clay v1.5,GFM,E,RGB+NIR+nDSM,cross-temporal-seg,seg-2020,before,3,0.2718939483165741,0.4275418519973755,0.3802568614482879,0.488256573677063,model_output/clay-v1.5-rgb-nir-ndsm-phaseE/classification_metrics_2020.csv
Clay v1.5,GFM,E,RGB+NIR+nDSM,cross-temporal-seg,seg-2020,before,4,0.3154286444187164,0.4795830547809601,0.4937679171562195,0.4661903977394104,model_output/clay-v1.5-rgb-nir-ndsm-phaseE/classification_metrics_2020.csv
Clay v1.5,GFM,E,RGB+NIR+nDSM,cross-temporal-seg,seg-2020,before,5,0.2231134325265884,0.3648286759853363,0.6977209448814392,0.2469875365495681,model_output/clay-v1.5-rgb-nir-ndsm-phaseE/classification_metrics_2020.csv
Clay v1.5,GFM,E,RGB+NIR+nDSM,cross-temporal-seg,seg-2020,before,6,0.119361400604248,0.2132669538259506,0.1746377795934677,0.2738390564918518,model_output/clay-v1.5-rgb-nir-ndsm-phaseE/classification_metrics_2020.csv
Clay v1.5,GFM,E,RGB+NIR+nDSM,cross-temporal-seg,seg-2020,before,7,0.2838726043701172,0.4422130286693573,0.3327949047088623,0.6588252186775208,model_output/clay-v1.5-rgb-nir-ndsm-phaseE/classification_metrics_2020.csv
Clay v1.5,GFM,E,RGB+NIR+nDSM,cross-temporal-seg,seg-2020,before,8,0.227310910820961,0.3704210519790649,0.3371519744396209,0.410974770784378,model_output/clay-v1.5-rgb-nir-ndsm-phaseE/classification_metrics_2020.csv
Clay v1.5,GFM,E,RGB+NIR+nDSM,cross-temporal-seg,seg-2020,before,9,0.2107341885566711,0.3481097519397735,0.3378833830356598,0.3589744865894317,model_output/clay-v1.5-rgb-nir-ndsm-phaseE/classification_metrics_2020.csv
Clay v1.5,GFM,E,RGB+NIR+nDSM,cross-temporal-seg,seg-2020,before,10,0.1616590172052383,0.2783243954181671,0.2573903799057007,0.3029650151729584,model_output/clay-v1.5-rgb-nir-ndsm-phaseE/classification_metrics_2020.csv
Clay v1.5,GFM,E,RGB+NIR+nDSM,cross-temporal-seg,seg-2020,before,11,0.2089486867189407,0.3456700444221496,0.4585323631763458,0.2773930430412292,model_output/clay-v1.5-rgb-nir-ndsm-phaseE/classification_metrics_2020.csv
Clay v1.5,GFM,E,RGB+NIR+nDSM,cross-temporal-seg,seg-2020,before,12,0.2269584983587265,0.3699530065059662,0.4700555205345154,0.3050004541873932,model_output/clay-v1.5-rgb-nir-ndsm-phaseE/classification_metrics_2020.csv
Clay v1.5,GFM,E,RGB+NIR+nDSM,cross-temporal-seg,seg-2020,before,13,0.053155317902565,0.1009448766708374,0.1015438437461853,0.1003529280424118,model_output/clay-v1.5-rgb-nir-ndsm-phaseE/classification_metrics_2020.csv
Clay v1.5,GFM,E,RGB+NIR+nDSM,cross-temporal-seg,seg-2020,before,14,0.090248018503189,0.1655550003051757,0.229151964187622,0.1295897513628006,model_output/clay-v1.5-rgb-nir-ndsm-phaseE/classification_metrics_2020.csv
Clay v1.5,GFM,E,RGB+NIR+nDSM,cross-temporal-seg,seg-2020,before,15,0.2446645647287368,0.3931414186954498,0.500343382358551,0.3237712383270263,model_output/clay-v1.5-rgb-nir-ndsm-phaseE/classification_metrics_2020.csv
Clay v1.5,GFM,E,RGB+NIR+nDSM,cross-temporal-seg,seg-2020,before,16,0.0805874690413475,0.1491549164056778,0.1544928848743438,0.1441734880208969,model_output/clay-v1.5-rgb-nir-ndsm-phaseE/classification_metrics_2020.csv
Clay v1.5,GFM,E,RGB+NIR+nDSM,cross-temporal-seg,seg-2020,before,17,0.0942691564559936,0.1722961068153381,0.1771674156188964,0.1676855087280273,model_output/clay-v1.5-rgb-nir-ndsm-phaseE/classification_metrics_2020.csv
Clay v1.5,GFM,E,RGB+NIR+nDSM,cross-temporal-seg,seg-2020,before,18,0.2887707948684692,0.4481337070465088,0.3190250098705292,0.7527834177017212,model_output/clay-v1.5-rgb-nir-ndsm-phaseE/classification_metrics_2020.csv
Clay v1.5,GFM,E,RGB+NIR+nDSM,cross-temporal-seg,seg-2020,before,19,0.2927798330783844,0.452946126461029,0.394700825214386,0.5313576459884644,model_output/clay-v1.5-rgb-nir-ndsm-phaseE/classification_metrics_2020.csv
Clay v1.5,GFM,E,RGB+NIR+nDSM,cross-temporal-seg,seg-2020,before,20,0.3675362169742584,0.5375158786773682,0.6664360761642456,0.4503893256187439,model_output/clay-v1.5-rgb-nir-ndsm-phaseE/classification_metrics_2020.csv
Clay v1.5,GFM,E,RGB+NIR+nDSM,cross-temporal-seg,seg-2020,before,21,0.2690684199333191,0.4240408539772033,0.4733198881149292,0.3840554654598236,model_output/clay-v1.5-rgb-nir-ndsm-phaseE/classification_metrics_2020.csv
Clay v1.5,GFM,E,RGB+NIR+nDSM,cross-temporal-seg,seg-2020,before,22,0.1948896050453186,0.3262051939964294,0.2878581583499908,0.3763392567634582,model_output/clay-v1.5-rgb-nir-ndsm-phaseE/classification_metrics_2020.csv
Clay v1.5,GFM,E,RGB+NIR+nDSM,cross-temporal-seg,seg-2020,before,23,0.3871316313743591,0.5581757426261902,0.5990301966667175,0.5225381255149841,model_output/clay-v1.5-rgb-nir-ndsm-phaseE/classification_metrics_2020.csv
Clay v1.5,GFM,E,RGB+NIR+nDSM,cross-temporal-seg,seg-2020,after,1,0.4718877673149109,0.6412007212638855,0.9002031087875366,0.4979366660118103,model_output/clay-v1.5-rgb-nir-ndsm-phaseE/constraint_resolution_+_polygonfix_cc_updated/classification_metrics_2020_after_postprocessing.csv
Clay v1.5,GFM,E,RGB+NIR+nDSM,cross-temporal-seg,seg-2020,after,2,0.3796203732490539,0.550325870513916,0.6770685315132141,0.4635520279407501,model_output/clay-v1.5-rgb-nir-ndsm-phaseE/constraint_resolution_+_polygonfix_cc_updated/classification_metrics_2020_after_postprocessing.csv
Clay v1.5,GFM,E,RGB+NIR+nDSM,cross-temporal-seg,seg-2020,after,3,0.5191605091094971,0.6834834218025208,0.6296972632408142,0.7473161220550537,model_output/clay-v1.5-rgb-nir-ndsm-phaseE/constraint_resolution_+_polygonfix_cc_updated/classification_metrics_2020_after_postprocessing.csv
Clay v1.5,GFM,E,RGB+NIR+nDSM,cross-temporal-seg,seg-2020,after,4,0.5239561796188354,0.687626302242279,0.6965234875679016,0.6789535284042358,model_output/clay-v1.5-rgb-nir-ndsm-phaseE/constraint_resolution_+_polygonfix_cc_updated/classification_metrics_2020_after_postprocessing.csv
Clay v1.5,GFM,E,RGB+NIR+nDSM,cross-temporal-seg,seg-2020,after,5,0.6447603702545166,0.7840173840522766,0.886482834815979,0.7027849555015564,model_output/clay-v1.5-rgb-nir-ndsm-phaseE/constraint_resolution_+_polygonfix_cc_updated/classification_metrics_2020_after_postprocessing.csv
Clay v1.5,GFM,E,RGB+NIR+nDSM,cross-temporal-seg,seg-2020,after,6,0.2043256312608719,0.3393195569515228,0.3161778151988983,0.366116464138031,model_output/clay-v1.5-rgb-nir-ndsm-phaseE/constraint_resolution_+_polygonfix_cc_updated/classification_metrics_2020_after_postprocessing.csv
Clay v1.5,GFM,E,RGB+NIR+nDSM,cross-temporal-seg,seg-2020,after,7,0.398802250623703,0.5702053308486938,0.4454854726791382,0.7919121980667114,model_output/clay-v1.5-rgb-nir-ndsm-phaseE/constraint_resolution_+_polygonfix_cc_updated/classification_metrics_2020_after_postprocessing.csv
Clay v1.5,GFM,E,RGB+NIR+nDSM,cross-temporal-seg,seg-2020,after,8,0.1080440655350685,0.1950176507234573,0.4274199604988098,0.1263286024332046,model_output/clay-v1.5-rgb-nir-ndsm-phaseE/constraint_resolution_+_polygonfix_cc_updated/classification_metrics_2020_after_postprocessing.csv
Clay v1.5,GFM,E,RGB+NIR+nDSM,cross-temporal-seg,seg-2020,after,9,0.2504209578037262,0.4005386531352997,0.308613121509552,0.5704595446586609,model_output/clay-v1.5-rgb-nir-ndsm-phaseE/constraint_resolution_+_polygonfix_cc_updated/classification_metrics_2020_after_postprocessing.csv
Clay v1.5,GFM,E,RGB+NIR+nDSM,cross-temporal-seg,seg-2020,after,10,0.250037670135498,0.4000482261180877,0.3991615772247314,0.4009388089179992,model_output/clay-v1.5-rgb-nir-ndsm-phaseE/constraint_resolution_+_polygonfix_cc_updated/classification_metrics_2020_after_postprocessing.csv
Clay v1.5,GFM,E,RGB+NIR+nDSM,cross-temporal-seg,seg-2020,after,11,0.1597447991371154,0.2754826545715332,0.713939905166626,0.1706686466932296,model_output/clay-v1.5-rgb-nir-ndsm-phaseE/constraint_resolution_+_polygonfix_cc_updated/classification_metrics_2020_after_postprocessing.csv
Clay v1.5,GFM,E,RGB+NIR+nDSM,cross-temporal-seg,seg-2020,after,12,0.2675246000289917,0.4221213459968567,0.3841430842876434,0.4684329032897949,model_output/clay-v1.5-rgb-nir-ndsm-phaseE/constraint_resolution_+_polygonfix_cc_updated/classification_metrics_2020_after_postprocessing.csv
Clay v1.5,GFM,E,RGB+NIR+nDSM,cross-temporal-seg,seg-2020,after,13,0.105946809053421,0.1915947645902633,0.3933094143867492,0.1266436576843261,model_output/clay-v1.5-rgb-nir-ndsm-phaseE/constraint_resolution_+_polygonfix_cc_updated/classification_metrics_2020_after_postprocessing.csv
Clay v1.5,GFM,E,RGB+NIR+nDSM,cross-temporal-seg,seg-2020,after,14,0.1149451807141304,0.206189826130867,0.2952509224414825,0.1584070771932602,model_output/clay-v1.5-rgb-nir-ndsm-phaseE/constraint_resolution_+_polygonfix_cc_updated/classification_metrics_2020_after_postprocessing.csv
Clay v1.5,GFM,E,RGB+NIR+nDSM,cross-temporal-seg,seg-2020,after,15,0.200633242726326,0.3342123329639435,0.5519765019416809,0.2396617233753204,model_output/clay-v1.5-rgb-nir-ndsm-phaseE/constraint_resolution_+_polygonfix_cc_updated/classification_metrics_2020_after_postprocessing.csv
Clay v1.5,GFM,E,RGB+NIR+nDSM,cross-temporal-seg,seg-2020,after,16,0.1178066506981849,0.2107817977666854,0.156340479850769,0.3233953714370727,model_output/clay-v1.5-rgb-nir-ndsm-phaseE/constraint_resolution_+_polygonfix_cc_updated/classification_metrics_2020_after_postprocessing.csv
Clay v1.5,GFM,E,RGB+NIR+nDSM,cross-temporal-seg,seg-2020,after,17,0.0837720856070518,0.1545935422182083,0.1708313375711441,0.1411746591329574,model_output/clay-v1.5-rgb-nir-ndsm-phaseE/constraint_resolution_+_polygonfix_cc_updated/classification_metrics_2020_after_postprocessing.csv
Clay v1.5,GFM,E,RGB+NIR+nDSM,cross-temporal-seg,seg-2020,after,18,0.3673832714557647,0.5373523235321045,0.3850315511226654,0.8890758156776428,model_output/clay-v1.5-rgb-nir-ndsm-phaseE/constraint_resolution_+_polygonfix_cc_updated/classification_metrics_2020_after_postprocessing.csv
Clay v1.5,GFM,E,RGB+NIR+nDSM,cross-temporal-seg,seg-2020,after,19,0.361231654882431,0.530742347240448,0.4561475813388824,0.6345041990280151,model_output/clay-v1.5-rgb-nir-ndsm-phaseE/constraint_resolution_+_polygonfix_cc_updated/classification_metrics_2020_after_postprocessing.csv
Clay v1.5,GFM,E,RGB+NIR+nDSM,cross-temporal-seg,seg-2020,after,20,0.5130812525749207,0.6781939268112183,0.8408174514770508,0.5682818293571472,model_output/clay-v1.5-rgb-nir-ndsm-phaseE/constraint_resolution_+_polygonfix_cc_updated/classification_metrics_2020_after_postprocessing.csv
Clay v1.5,GFM,E,RGB+NIR+nDSM,cross-temporal-seg,seg-2020,after,21,0.2782899141311645,0.4354096949100494,0.4101617932319641,0.4639697670936584,model_output/clay-v1.5-rgb-nir-ndsm-phaseE/constraint_resolution_+_polygonfix_cc_updated/classification_metrics_2020_after_postprocessing.csv
Clay v1.5,GFM,E,RGB+NIR+nDSM,cross-temporal-seg,seg-2020,after,22,0.3536487519741058,0.5225118398666382,0.4841630458831787,0.5674580931663513,model_output/clay-v1.5-rgb-nir-ndsm-phaseE/constraint_resolution_+_polygonfix_cc_updated/classification_metrics_2020_after_postprocessing.csv
Clay v1.5,GFM,E,RGB+NIR+nDSM,cross-temporal-seg,seg-2020,after,23,0.6507174968719482,0.7884056568145752,0.9091575145721436,0.6959689259529114,model_output/clay-v1.5-rgb-nir-ndsm-phaseE/constraint_resolution_+_polygonfix_cc_updated/classification_metrics_2020_after_postprocessing.csv
Clay v1.5,GFM,E,RGB+NIR+nDSM,cross-temporal,change-binary,before,0,0.3529094159603119,0.5217044949531555,0.7577165961265564,0.3977988660335541,model_output/clay-v1.5-rgb-nir-ndsm-phaseE/change_metrics_binary_2013-2020.csv
Clay v1.5,GFM,E,RGB+NIR+nDSM,cross-temporal,change-binary,before,1,0.4384415745735168,0.6096063852310181,0.4860387444496155,0.8174233436584473,model_output/clay-v1.5-rgb-nir-ndsm-phaseE/change_metrics_binary_2013-2020.csv
Clay v1.5,GFM,E,RGB+NIR+nDSM,cross-temporal,change-binary,after,0,0.451784998178482,0.622385561466217,0.6994698643684387,0.5606046915054321,model_output/clay-v1.5-rgb-nir-ndsm-phaseE/constraint_resolution_+_polygonfix_cc_updated/change_metrics_binary_2013-2020_after_postprocessing.csv
Clay v1.5,GFM,E,RGB+NIR+nDSM,cross-temporal,change-binary,after,1,0.4002543985843658,0.5716881155967712,0.5081673264503479,0.6533575654029846,model_output/clay-v1.5-rgb-nir-ndsm-phaseE/constraint_resolution_+_polygonfix_cc_updated/change_metrics_binary_2013-2020_after_postprocessing.csv
Clay v1.5,GFM,E,RGB+NIR+nDSM,cross-temporal,change-multiclass,before,0,0.3529094755649566,0.5217044949531555,0.7577165961265564,0.3977988660335541,model_output/clay-v1.5-rgb-nir-ndsm-phaseE/change_metrics_multiclass_2013-2020.csv
Clay v1.5,GFM,E,RGB+NIR+nDSM,cross-temporal,change-multiclass,before,1,0.2389626801013946,0.3857463598251343,0.5779554843902588,0.2894760966300964,model_output/clay-v1.5-rgb-nir-ndsm-phaseE/change_metrics_multiclass_2013-2020.csv
Clay v1.5,GFM,E,RGB+NIR+nDSM,cross-temporal,change-multiclass,before,2,0.3585882484912872,0.5278836488723755,0.7963660359382629,0.3947872519493103,model_output/clay-v1.5-rgb-nir-ndsm-phaseE/change_metrics_multiclass_2013-2020.csv
Clay v1.5,GFM,E,RGB+NIR+nDSM,cross-temporal,change-multiclass,before,3,0.0777662545442581,0.1443100571632385,0.0845182090997695,0.4932722151279449,model_output/clay-v1.5-rgb-nir-ndsm-phaseE/change_metrics_multiclass_2013-2020.csv
Clay v1.5,GFM,E,RGB+NIR+nDSM,cross-temporal,change-multiclass,before,4,0.3511509001255035,0.5197805166244507,0.5030458569526672,0.5376667976379395,model_output/clay-v1.5-rgb-nir-ndsm-phaseE/change_metrics_multiclass_2013-2020.csv
Clay v1.5,GFM,E,RGB+NIR+nDSM,cross-temporal,change-multiclass,before,5,0.0733629316091537,0.1366973370313644,0.1100493222475051,0.1803742796182632,model_output/clay-v1.5-rgb-nir-ndsm-phaseE/change_metrics_multiclass_2013-2020.csv
Clay v1.5,GFM,E,RGB+NIR+nDSM,cross-temporal,change-multiclass,before,6,0.1184080317616462,0.2117438912391662,0.1273345798254013,0.6281222105026245,model_output/clay-v1.5-rgb-nir-ndsm-phaseE/change_metrics_multiclass_2013-2020.csv
Clay v1.5,GFM,E,RGB+NIR+nDSM,cross-temporal,change-multiclass,before,7,0.1805268675088882,0.3058411777019501,0.2114326208829879,0.552577018737793,model_output/clay-v1.5-rgb-nir-ndsm-phaseE/change_metrics_multiclass_2013-2020.csv
Clay v1.5,GFM,E,RGB+NIR+nDSM,cross-temporal,change-multiclass,before,8,0.072193294763565,0.134664699435234,0.0782036706805229,0.4843603670597076,model_output/clay-v1.5-rgb-nir-ndsm-phaseE/change_metrics_multiclass_2013-2020.csv
Clay v1.5,GFM,E,RGB+NIR+nDSM,cross-temporal,change-multiclass,after,0,0.451784998178482,0.622385561466217,0.6994698643684387,0.5606046915054321,model_output/clay-v1.5-rgb-nir-ndsm-phaseE/constraint_resolution_+_polygonfix_cc_updated/change_metrics_multiclass_2013-2020_after_postprocessing.csv
Clay v1.5,GFM,E,RGB+NIR+nDSM,cross-temporal,change-multiclass,after,1,0.1452813446521759,0.2537042200565338,0.6960374116897583,0.15512315928936,model_output/clay-v1.5-rgb-nir-ndsm-phaseE/constraint_resolution_+_polygonfix_cc_updated/change_metrics_multiclass_2013-2020_after_postprocessing.csv
Clay v1.5,GFM,E,RGB+NIR+nDSM,cross-temporal,change-multiclass,after,2,0.1671968847513198,0.2864930331707001,0.4320852160453796,0.2142881155014038,model_output/clay-v1.5-rgb-nir-ndsm-phaseE/constraint_resolution_+_polygonfix_cc_updated/change_metrics_multiclass_2013-2020_after_postprocessing.csv
Clay v1.5,GFM,E,RGB+NIR+nDSM,cross-temporal,change-multiclass,after,3,0.1006038933992385,0.1828158050775528,0.3934557437896728,0.1190704256296157,model_output/clay-v1.5-rgb-nir-ndsm-phaseE/constraint_resolution_+_polygonfix_cc_updated/change_metrics_multiclass_2013-2020_after_postprocessing.csv
Clay v1.5,GFM,E,RGB+NIR+nDSM,cross-temporal,change-multiclass,after,4,0.3731450140476227,0.5434896349906921,0.5285266041755676,0.5593245625495911,model_output/clay-v1.5-rgb-nir-ndsm-phaseE/constraint_resolution_+_polygonfix_cc_updated/change_metrics_multiclass_2013-2020_after_postprocessing.csv
Clay v1.5,GFM,E,RGB+NIR+nDSM,cross-temporal,change-multiclass,after,5,0.0609351396560668,0.1148706227540969,0.063182532787323,0.6314194202423096,model_output/clay-v1.5-rgb-nir-ndsm-phaseE/constraint_resolution_+_polygonfix_cc_updated/change_metrics_multiclass_2013-2020_after_postprocessing.csv
Clay v1.5,GFM,E,RGB+NIR+nDSM,cross-temporal,change-multiclass,after,6,0.2025464475154876,0.336862564086914,0.2248881757259369,0.6709226369857788,model_output/clay-v1.5-rgb-nir-ndsm-phaseE/constraint_resolution_+_polygonfix_cc_updated/change_metrics_multiclass_2013-2020_after_postprocessing.csv
Clay v1.5,GFM,E,RGB+NIR+nDSM,cross-temporal,change-multiclass,after,7,0.2365573644638061,0.3826063871383667,0.2778921723365783,0.6139540076255798,model_output/clay-v1.5-rgb-nir-ndsm-phaseE/constraint_resolution_+_polygonfix_cc_updated/change_metrics_multiclass_2013-2020_after_postprocessing.csv
Clay v1.5,GFM,E,RGB+NIR+nDSM,cross-temporal,change-multiclass,after,8,0.0747456550598144,0.139094591140747,0.0860896632075309,0.3619374930858612,model_output/clay-v1.5-rgb-nir-ndsm-phaseE/constraint_resolution_+_polygonfix_cc_updated/change_metrics_multiclass_2013-2020_after_postprocessing.csv
Prithvi,GFM,F,RGB+NIR,in-domain-seg,seg-2013,before,1,0.5050614476203918,0.6711506247520447,0.5910731554031372,0.7763257026672363,model_output/prithvi-v2-300-rgb-nir-phaseF/classification_metrics_2013.csv
Prithvi,GFM,F,RGB+NIR,in-domain-seg,seg-2013,before,2,0.2951233088970184,0.45574551820755,0.3320465385913849,0.7263282537460327,model_output/prithvi-v2-300-rgb-nir-phaseF/classification_metrics_2013.csv
Prithvi,GFM,F,RGB+NIR,in-domain-seg,seg-2013,before,3,0.2855116426944732,0.4441992342472076,0.3817260265350342,0.5311226844787598,model_output/prithvi-v2-300-rgb-nir-phaseF/classification_metrics_2013.csv
Prithvi,GFM,F,RGB+NIR,in-domain-seg,seg-2013,before,4,0.4530589878559112,0.6235933899879456,0.6812418103218079,0.5749404430389404,model_output/prithvi-v2-300-rgb-nir-phaseF/classification_metrics_2013.csv
Prithvi,GFM,F,RGB+NIR,in-domain-seg,seg-2013,before,5,0.4837371408939361,0.6520523428916931,0.8114449381828308,0.5449979901313782,model_output/prithvi-v2-300-rgb-nir-phaseF/classification_metrics_2013.csv
Prithvi,GFM,F,RGB+NIR,in-domain-seg,seg-2013,before,6,0.1777654588222503,0.3018690049648285,0.2794442772865295,0.3282068073749542,model_output/prithvi-v2-300-rgb-nir-phaseF/classification_metrics_2013.csv
Prithvi,GFM,F,RGB+NIR,in-domain-seg,seg-2013,before,7,0.3459715843200683,0.5140845775604248,0.5442951321601868,0.4870512187480926,model_output/prithvi-v2-300-rgb-nir-phaseF/classification_metrics_2013.csv
Prithvi,GFM,F,RGB+NIR,in-domain-seg,seg-2013,before,8,0.0917819365859031,0.1681323647499084,0.1158394366502761,0.3064897954463959,model_output/prithvi-v2-300-rgb-nir-phaseF/classification_metrics_2013.csv
Prithvi,GFM,F,RGB+NIR,in-domain-seg,seg-2013,before,9,0.3501898050308227,0.5187267661094666,0.4800049364566803,0.5642442107200623,model_output/prithvi-v2-300-rgb-nir-phaseF/classification_metrics_2013.csv
Prithvi,GFM,F,RGB+NIR,in-domain-seg,seg-2013,before,10,0.147399291396141,0.2569276392459869,0.1783436983823776,0.459317684173584,model_output/prithvi-v2-300-rgb-nir-phaseF/classification_metrics_2013.csv
Prithvi,GFM,F,RGB+NIR,in-domain-seg,seg-2013,before,11,0.1612076461315155,0.277655154466629,0.276708573102951,0.2786082327365875,model_output/prithvi-v2-300-rgb-nir-phaseF/classification_metrics_2013.csv
Prithvi,GFM,F,RGB+NIR,in-domain-seg,seg-2013,before,12,0.2987872064113617,0.460101842880249,0.5785630941390991,0.3819062411785126,model_output/prithvi-v2-300-rgb-nir-phaseF/classification_metrics_2013.csv
Prithvi,GFM,F,RGB+NIR,in-domain-seg,seg-2013,before,13,0.0883777141571044,0.1624026447534561,0.1256172508001327,0.2296538352966308,model_output/prithvi-v2-300-rgb-nir-phaseF/classification_metrics_2013.csv
Prithvi,GFM,F,RGB+NIR,in-domain-seg,seg-2013,before,14,0.2502001821994781,0.4002562165260315,0.4061006307601928,0.3945776224136352,model_output/prithvi-v2-300-rgb-nir-phaseF/classification_metrics_2013.csv
Prithvi,GFM,F,RGB+NIR,in-domain-seg,seg-2013,before,15,0.3118606805801391,0.4754478931427002,0.5181923508644104,0.439217746257782,model_output/prithvi-v2-300-rgb-nir-phaseF/classification_metrics_2013.csv
Prithvi,GFM,F,RGB+NIR,in-domain-seg,seg-2013,before,16,0.1134354025125503,0.203757494688034,0.211565762758255,0.1965050548315048,model_output/prithvi-v2-300-rgb-nir-phaseF/classification_metrics_2013.csv
Prithvi,GFM,F,RGB+NIR,in-domain-seg,seg-2013,before,17,0.0228214301168918,0.0446244664490222,0.0381819084286689,0.0536824911832809,model_output/prithvi-v2-300-rgb-nir-phaseF/classification_metrics_2013.csv
Prithvi,GFM,F,RGB+NIR,in-domain-seg,seg-2013,before,18,0.2395971715450287,0.3865725994110107,0.35039022564888,0.4310881495475769,model_output/prithvi-v2-300-rgb-nir-phaseF/classification_metrics_2013.csv
Prithvi,GFM,F,RGB+NIR,in-domain-seg,seg-2013,before,19,0.3233188986778259,0.4886485040187835,0.4219472110271454,0.5803976655006409,model_output/prithvi-v2-300-rgb-nir-phaseF/classification_metrics_2013.csv
Prithvi,GFM,F,RGB+NIR,in-domain-seg,seg-2013,before,20,0.6440951228141785,0.7835254073143005,0.8666431903839111,0.7149556279182434,model_output/prithvi-v2-300-rgb-nir-phaseF/classification_metrics_2013.csv
Prithvi,GFM,F,RGB+NIR,in-domain-seg,seg-2013,before,21,0.3823854923248291,0.553225576877594,0.5835473537445068,0.5258992910385132,model_output/prithvi-v2-300-rgb-nir-phaseF/classification_metrics_2013.csv
Prithvi,GFM,F,RGB+NIR,in-domain-seg,seg-2013,before,22,0.5271924734115601,0.6904074549674988,0.6518716812133789,0.7337855696678162,model_output/prithvi-v2-300-rgb-nir-phaseF/classification_metrics_2013.csv
Prithvi,GFM,F,RGB+NIR,in-domain-seg,seg-2013,before,23,0.3801513612270355,0.5508835911750793,0.4562956392765045,0.6949417591094971,model_output/prithvi-v2-300-rgb-nir-phaseF/classification_metrics_2013.csv
Prithvi,GFM,F,RGB+NIR,in-domain-seg,seg-2013,after,1,0.8036237359046936,0.8911212682723999,0.9391352534294128,0.8477780222892761,model_output/prithvi-v2-300-rgb-nir-phaseF/constraint_resolution_+_polygonfix_cc_updated/classification_metrics_2013_after_postprocessing.csv
Prithvi,GFM,F,RGB+NIR,in-domain-seg,seg-2013,after,2,0.1645539104938507,0.2826041877269745,0.1798373907804489,0.6594317555427551,model_output/prithvi-v2-300-rgb-nir-phaseF/constraint_resolution_+_polygonfix_cc_updated/classification_metrics_2013_after_postprocessing.csv
Prithvi,GFM,F,RGB+NIR,in-domain-seg,seg-2013,after,3,0.2406562864780426,0.3879499733448028,0.2881690263748169,0.5934301018714905,model_output/prithvi-v2-300-rgb-nir-phaseF/constraint_resolution_+_polygonfix_cc_updated/classification_metrics_2013_after_postprocessing.csv
Prithvi,GFM,F,RGB+NIR,in-domain-seg,seg-2013,after,4,0.3837959468364715,0.5547001957893372,0.6136879324913025,0.506057858467102,model_output/prithvi-v2-300-rgb-nir-phaseF/constraint_resolution_+_polygonfix_cc_updated/classification_metrics_2013_after_postprocessing.csv
Prithvi,GFM,F,RGB+NIR,in-domain-seg,seg-2013,after,5,0.7264390587806702,0.8415461182594299,0.91277277469635,0.780630886554718,model_output/prithvi-v2-300-rgb-nir-phaseF/constraint_resolution_+_polygonfix_cc_updated/classification_metrics_2013_after_postprocessing.csv
Prithvi,GFM,F,RGB+NIR,in-domain-seg,seg-2013,after,6,0.1546836793422699,0.267923891544342,0.3193221688270569,0.2307777851819992,model_output/prithvi-v2-300-rgb-nir-phaseF/constraint_resolution_+_polygonfix_cc_updated/classification_metrics_2013_after_postprocessing.csv
Prithvi,GFM,F,RGB+NIR,in-domain-seg,seg-2013,after,7,0.3643170893192291,0.5340651273727417,0.6650654673576355,0.4461795389652252,model_output/prithvi-v2-300-rgb-nir-phaseF/constraint_resolution_+_polygonfix_cc_updated/classification_metrics_2013_after_postprocessing.csv
Prithvi,GFM,F,RGB+NIR,in-domain-seg,seg-2013,after,8,0.2010579109191894,0.3348013758659363,0.3656079769134521,0.3087829053401947,model_output/prithvi-v2-300-rgb-nir-phaseF/constraint_resolution_+_polygonfix_cc_updated/classification_metrics_2013_after_postprocessing.csv
Prithvi,GFM,F,RGB+NIR,in-domain-seg,seg-2013,after,9,0.4288733601570129,0.6002958416938782,0.7281773090362549,0.510621190071106,model_output/prithvi-v2-300-rgb-nir-phaseF/constraint_resolution_+_polygonfix_cc_updated/classification_metrics_2013_after_postprocessing.csv
Prithvi,GFM,F,RGB+NIR,in-domain-seg,seg-2013,after,10,0.247453823685646,0.3967342376708984,0.3167821764945984,0.5306687355041504,model_output/prithvi-v2-300-rgb-nir-phaseF/constraint_resolution_+_polygonfix_cc_updated/classification_metrics_2013_after_postprocessing.csv
Prithvi,GFM,F,RGB+NIR,in-domain-seg,seg-2013,after,11,0.4785663485527038,0.647338330745697,0.6609061360359192,0.6343164443969727,model_output/prithvi-v2-300-rgb-nir-phaseF/constraint_resolution_+_polygonfix_cc_updated/classification_metrics_2013_after_postprocessing.csv
Prithvi,GFM,F,RGB+NIR,in-domain-seg,seg-2013,after,12,0.3959778249263763,0.5673125386238098,0.6207449436187744,0.5223497748374939,model_output/prithvi-v2-300-rgb-nir-phaseF/constraint_resolution_+_polygonfix_cc_updated/classification_metrics_2013_after_postprocessing.csv
Prithvi,GFM,F,RGB+NIR,in-domain-seg,seg-2013,after,13,0.2161576598882675,0.3554763793945312,0.2314643561840057,0.7657359838485718,model_output/prithvi-v2-300-rgb-nir-phaseF/constraint_resolution_+_polygonfix_cc_updated/classification_metrics_2013_after_postprocessing.csv
Prithvi,GFM,F,RGB+NIR,in-domain-seg,seg-2013,after,14,0.2082941383123397,0.3447739481925964,0.4978427290916443,0.2636966407299042,model_output/prithvi-v2-300-rgb-nir-phaseF/constraint_resolution_+_polygonfix_cc_updated/classification_metrics_2013_after_postprocessing.csv
Prithvi,GFM,F,RGB+NIR,in-domain-seg,seg-2013,after,15,0.7062252163887024,0.8278217911720276,0.8411999344825745,0.8148624897003174,model_output/prithvi-v2-300-rgb-nir-phaseF/constraint_resolution_+_polygonfix_cc_updated/classification_metrics_2013_after_postprocessing.csv
Prithvi,GFM,F,RGB+NIR,in-domain-seg,seg-2013,after,16,0.4216046333312988,0.5931390523910522,0.4362319409847259,0.926327347755432,model_output/prithvi-v2-300-rgb-nir-phaseF/constraint_resolution_+_polygonfix_cc_updated/classification_metrics_2013_after_postprocessing.csv
Prithvi,GFM,F,RGB+NIR,in-domain-seg,seg-2013,after,17,0.2526499629020691,0.4033847749233246,0.7847766876220703,0.271459013223648,model_output/prithvi-v2-300-rgb-nir-phaseF/constraint_resolution_+_polygonfix_cc_updated/classification_metrics_2013_after_postprocessing.csv
Prithvi,GFM,F,RGB+NIR,in-domain-seg,seg-2013,after,18,0.2155387550592422,0.3546390235424042,0.2218897938728332,0.8827717900276184,model_output/prithvi-v2-300-rgb-nir-phaseF/constraint_resolution_+_polygonfix_cc_updated/classification_metrics_2013_after_postprocessing.csv
Prithvi,GFM,F,RGB+NIR,in-domain-seg,seg-2013,after,19,0.4415663480758667,0.6126202344894409,0.6553515791893005,0.5751202702522278,model_output/prithvi-v2-300-rgb-nir-phaseF/constraint_resolution_+_polygonfix_cc_updated/classification_metrics_2013_after_postprocessing.csv
Prithvi,GFM,F,RGB+NIR,in-domain-seg,seg-2013,after,20,0.8628009557723999,0.9263479113578796,0.8992035388946533,0.9551822543144226,model_output/prithvi-v2-300-rgb-nir-phaseF/constraint_resolution_+_polygonfix_cc_updated/classification_metrics_2013_after_postprocessing.csv
Prithvi,GFM,F,RGB+NIR,in-domain-seg,seg-2013,after,21,0.603320300579071,0.7525886297225952,0.8484129309654236,0.6762134432792664,model_output/prithvi-v2-300-rgb-nir-phaseF/constraint_resolution_+_polygonfix_cc_updated/classification_metrics_2013_after_postprocessing.csv
Prithvi,GFM,F,RGB+NIR,in-domain-seg,seg-2013,after,22,0.7949774861335754,0.8857799768447876,0.882578432559967,0.8890047073364258,model_output/prithvi-v2-300-rgb-nir-phaseF/constraint_resolution_+_polygonfix_cc_updated/classification_metrics_2013_after_postprocessing.csv
Prithvi,GFM,F,RGB+NIR,in-domain-seg,seg-2013,after,23,0.513293981552124,0.6783797740936279,0.8288028836250305,0.5741708874702454,model_output/prithvi-v2-300-rgb-nir-phaseF/constraint_resolution_+_polygonfix_cc_updated/classification_metrics_2013_after_postprocessing.csv
Prithvi,GFM,F,RGB+NIR,cross-temporal-seg,seg-2020,before,1,0.3404807448387146,0.507997989654541,0.4276060461997986,0.6256168484687805,model_output/prithvi-v2-300-rgb-nir-phaseF/classification_metrics_2020.csv
Prithvi,GFM,F,RGB+NIR,cross-temporal-seg,seg-2020,before,2,0.2029552161693573,0.3374277055263519,0.2516534924507141,0.5119076371192932,model_output/prithvi-v2-300-rgb-nir-phaseF/classification_metrics_2020.csv
Prithvi,GFM,F,RGB+NIR,cross-temporal-seg,seg-2020,before,3,0.321196436882019,0.4862205386161804,0.4391104578971863,0.5446538925170898,model_output/prithvi-v2-300-rgb-nir-phaseF/classification_metrics_2020.csv
Prithvi,GFM,F,RGB+NIR,cross-temporal-seg,seg-2020,before,4,0.348684012889862,0.5170729756355286,0.5890153646469116,0.4607917666435241,model_output/prithvi-v2-300-rgb-nir-phaseF/classification_metrics_2020.csv
Prithvi,GFM,F,RGB+NIR,cross-temporal-seg,seg-2020,before,5,0.4322250783443451,0.6035714745521545,0.7124956250190735,0.5235350131988525,model_output/prithvi-v2-300-rgb-nir-phaseF/classification_metrics_2020.csv
Prithvi,GFM,F,RGB+NIR,cross-temporal-seg,seg-2020,before,6,0.1146313548088073,0.2056847810745239,0.1344619989395141,0.4373360872268677,model_output/prithvi-v2-300-rgb-nir-phaseF/classification_metrics_2020.csv
Prithvi,GFM,F,RGB+NIR,cross-temporal-seg,seg-2020,before,7,0.2614281177520752,0.414495438337326,0.3256597220897674,0.5699780583381653,model_output/prithvi-v2-300-rgb-nir-phaseF/classification_metrics_2020.csv
Prithvi,GFM,F,RGB+NIR,cross-temporal-seg,seg-2020,before,8,0.0697364509105682,0.130380630493164,0.1822187155485153,0.1015043705701828,model_output/prithvi-v2-300-rgb-nir-phaseF/classification_metrics_2020.csv
Prithvi,GFM,F,RGB+NIR,cross-temporal-seg,seg-2020,before,9,0.213297814130783,0.3516000807285309,0.2442997545003891,0.626979410648346,model_output/prithvi-v2-300-rgb-nir-phaseF/classification_metrics_2020.csv
Prithvi,GFM,F,RGB+NIR,cross-temporal-seg,seg-2020,before,10,0.1519662588834762,0.2638380527496338,0.1906436383724212,0.4282621443271637,model_output/prithvi-v2-300-rgb-nir-phaseF/classification_metrics_2020.csv
Prithvi,GFM,F,RGB+NIR,cross-temporal-seg,seg-2020,before,11,0.07988041639328,0.1479430943727493,0.4043320417404175,0.0905346348881721,model_output/prithvi-v2-300-rgb-nir-phaseF/classification_metrics_2020.csv
Prithvi,GFM,F,RGB+NIR,cross-temporal-seg,seg-2020,before,12,0.1493111103773117,0.2598271369934082,0.2501834034919739,0.270244151353836,model_output/prithvi-v2-300-rgb-nir-phaseF/classification_metrics_2020.csv
Prithvi,GFM,F,RGB+NIR,cross-temporal-seg,seg-2020,before,13,0.0843276605010032,0.1555390805006027,0.1862050741910934,0.1335455477237701,model_output/prithvi-v2-300-rgb-nir-phaseF/classification_metrics_2020.csv
Prithvi,GFM,F,RGB+NIR,cross-temporal-seg,seg-2020,before,14,0.1396264284849167,0.2450389564037323,0.2468941062688827,0.2432114779949188,model_output/prithvi-v2-300-rgb-nir-phaseF/classification_metrics_2020.csv
Prithvi,GFM,F,RGB+NIR,cross-temporal-seg,seg-2020,before,15,0.1219261363148689,0.2173514515161514,0.5616076588630676,0.1347512155771255,model_output/prithvi-v2-300-rgb-nir-phaseF/classification_metrics_2020.csv
Prithvi,GFM,F,RGB+NIR,cross-temporal-seg,seg-2020,before,16,0.122363731265068,0.2180464714765548,0.2084295749664306,0.2285937666893005,model_output/prithvi-v2-300-rgb-nir-phaseF/classification_metrics_2020.csv
Prithvi,GFM,F,RGB+NIR,cross-temporal-seg,seg-2020,before,17,0.0196617059409618,0.0385651551187038,0.0636497810482978,0.0276630446314811,model_output/prithvi-v2-300-rgb-nir-phaseF/classification_metrics_2020.csv
Prithvi,GFM,F,RGB+NIR,cross-temporal-seg,seg-2020,before,18,0.2513796091079712,0.4017639458179474,0.3483595252037048,0.4745071232318878,model_output/prithvi-v2-300-rgb-nir-phaseF/classification_metrics_2020.csv
Prithvi,GFM,F,RGB+NIR,cross-temporal-seg,seg-2020,before,19,0.2756462097167969,0.4321671426296234,0.48673877120018,0.3885987102985382,model_output/prithvi-v2-300-rgb-nir-phaseF/classification_metrics_2020.csv
Prithvi,GFM,F,RGB+NIR,cross-temporal-seg,seg-2020,before,20,0.4376395642757416,0.6088306903839111,0.8840482831001282,0.4642901718616485,model_output/prithvi-v2-300-rgb-nir-phaseF/classification_metrics_2020.csv
Prithvi,GFM,F,RGB+NIR,cross-temporal-seg,seg-2020,before,21,0.3778521418571472,0.5484654307365417,0.5768762826919556,0.5227217674255371,model_output/prithvi-v2-300-rgb-nir-phaseF/classification_metrics_2020.csv
Prithvi,GFM,F,RGB+NIR,cross-temporal-seg,seg-2020,before,22,0.2422163039445877,0.389974445104599,0.3196384906768799,0.4999982416629791,model_output/prithvi-v2-300-rgb-nir-phaseF/classification_metrics_2020.csv
Prithvi,GFM,F,RGB+NIR,cross-temporal-seg,seg-2020,before,23,0.4177071750164032,0.5892714262008667,0.5036309361457825,0.7100051045417786,model_output/prithvi-v2-300-rgb-nir-phaseF/classification_metrics_2020.csv
Prithvi,GFM,F,RGB+NIR,cross-temporal-seg,seg-2020,after,1,0.5782317519187927,0.7327589988708496,0.8076403141021729,0.6705849170684814,model_output/prithvi-v2-300-rgb-nir-phaseF/constraint_resolution_+_polygonfix_cc_updated/classification_metrics_2020_after_postprocessing.csv
Prithvi,GFM,F,RGB+NIR,cross-temporal-seg,seg-2020,after,2,0.2784345149993896,0.4355866611003876,0.3648838102817535,0.5402747392654419,model_output/prithvi-v2-300-rgb-nir-phaseF/constraint_resolution_+_polygonfix_cc_updated/classification_metrics_2020_after_postprocessing.csv
Prithvi,GFM,F,RGB+NIR,cross-temporal-seg,seg-2020,after,3,0.5368393063545227,0.698627769947052,0.6306078433990479,0.7830955982208252,model_output/prithvi-v2-300-rgb-nir-phaseF/constraint_resolution_+_polygonfix_cc_updated/classification_metrics_2020_after_postprocessing.csv
Prithvi,GFM,F,RGB+NIR,cross-temporal-seg,seg-2020,after,4,0.489550918340683,0.6573134064674377,0.759537935256958,0.5793411731719971,model_output/prithvi-v2-300-rgb-nir-phaseF/constraint_resolution_+_polygonfix_cc_updated/classification_metrics_2020_after_postprocessing.csv
Prithvi,GFM,F,RGB+NIR,cross-temporal-seg,seg-2020,after,5,0.7318812608718872,0.8451864123344421,0.8506326675415039,0.8398095369338989,model_output/prithvi-v2-300-rgb-nir-phaseF/constraint_resolution_+_polygonfix_cc_updated/classification_metrics_2020_after_postprocessing.csv
Prithvi,GFM,F,RGB+NIR,cross-temporal-seg,seg-2020,after,6,0.1991190463304519,0.3321088850498199,0.2400128245353698,0.5388868451118469,model_output/prithvi-v2-300-rgb-nir-phaseF/constraint_resolution_+_polygonfix_cc_updated/classification_metrics_2020_after_postprocessing.csv
Prithvi,GFM,F,RGB+NIR,cross-temporal-seg,seg-2020,after,7,0.3828988969326019,0.5537627339363098,0.4862360954284668,0.6430697441101074,model_output/prithvi-v2-300-rgb-nir-phaseF/constraint_resolution_+_polygonfix_cc_updated/classification_metrics_2020_after_postprocessing.csv
Prithvi,GFM,F,RGB+NIR,cross-temporal-seg,seg-2020,after,8,0.153427168726921,0.2660370171070099,0.5259033441543579,0.1780544221401214,model_output/prithvi-v2-300-rgb-nir-phaseF/constraint_resolution_+_polygonfix_cc_updated/classification_metrics_2020_after_postprocessing.csv
Prithvi,GFM,F,RGB+NIR,cross-temporal-seg,seg-2020,after,9,0.3115884065628052,0.4751313924789428,0.3472468256950378,0.752125084400177,model_output/prithvi-v2-300-rgb-nir-phaseF/constraint_resolution_+_polygonfix_cc_updated/classification_metrics_2020_after_postprocessing.csv
Prithvi,GFM,F,RGB+NIR,cross-temporal-seg,seg-2020,after,10,0.3230346739292145,0.4883238971233368,0.4359967708587646,0.5549243092536926,model_output/prithvi-v2-300-rgb-nir-phaseF/constraint_resolution_+_polygonfix_cc_updated/classification_metrics_2020_after_postprocessing.csv
Prithvi,GFM,F,RGB+NIR,cross-temporal-seg,seg-2020,after,11,0.2137458771467209,0.3522086143493652,0.6565223336219788,0.2406579405069351,model_output/prithvi-v2-300-rgb-nir-phaseF/constraint_resolution_+_polygonfix_cc_updated/classification_metrics_2020_after_postprocessing.csv
Prithvi,GFM,F,RGB+NIR,cross-temporal-seg,seg-2020,after,12,0.2767210304737091,0.4334871172904968,0.3686570525169372,0.5259837508201599,model_output/prithvi-v2-300-rgb-nir-phaseF/constraint_resolution_+_polygonfix_cc_updated/classification_metrics_2020_after_postprocessing.csv
Prithvi,GFM,F,RGB+NIR,cross-temporal-seg,seg-2020,after,13,0.1981945633888244,0.3308220207691192,0.3695255219936371,0.299457311630249,model_output/prithvi-v2-300-rgb-nir-phaseF/constraint_resolution_+_polygonfix_cc_updated/classification_metrics_2020_after_postprocessing.csv
Prithvi,GFM,F,RGB+NIR,cross-temporal-seg,seg-2020,after,14,0.2670965790748596,0.4215883612632751,0.3874765634536743,0.4622859954833984,model_output/prithvi-v2-300-rgb-nir-phaseF/constraint_resolution_+_polygonfix_cc_updated/classification_metrics_2020_after_postprocessing.csv
Prithvi,GFM,F,RGB+NIR,cross-temporal-seg,seg-2020,after,15,0.2120902985334396,0.3499579131603241,0.602353036403656,0.2466202527284622,model_output/prithvi-v2-300-rgb-nir-phaseF/constraint_resolution_+_polygonfix_cc_updated/classification_metrics_2020_after_postprocessing.csv
Prithvi,GFM,F,RGB+NIR,cross-temporal-seg,seg-2020,after,16,0.1866821050643921,0.3146286606788635,0.2555900514125824,0.4091344475746155,model_output/prithvi-v2-300-rgb-nir-phaseF/constraint_resolution_+_polygonfix_cc_updated/classification_metrics_2020_after_postprocessing.csv
Prithvi,GFM,F,RGB+NIR,cross-temporal-seg,seg-2020,after,17,0.0703355595469474,0.1314271241426468,0.2185374796390533,0.0939700827002525,model_output/prithvi-v2-300-rgb-nir-phaseF/constraint_resolution_+_polygonfix_cc_updated/classification_metrics_2020_after_postprocessing.csv
Prithvi,GFM,F,RGB+NIR,cross-temporal-seg,seg-2020,after,18,0.3733862936496734,0.5437455177307129,0.4515748620033264,0.6831912398338318,model_output/prithvi-v2-300-rgb-nir-phaseF/constraint_resolution_+_polygonfix_cc_updated/classification_metrics_2020_after_postprocessing.csv
Prithvi,GFM,F,RGB+NIR,cross-temporal-seg,seg-2020,after,19,0.324384868144989,0.4898649156093597,0.5450906157493591,0.4448001682758331,model_output/prithvi-v2-300-rgb-nir-phaseF/constraint_resolution_+_polygonfix_cc_updated/classification_metrics_2020_after_postprocessing.csv
Prithvi,GFM,F,RGB+NIR,cross-temporal-seg,seg-2020,after,20,0.5463264584541321,0.7066120505332947,0.9723963141441344,0.5549326539039612,model_output/prithvi-v2-300-rgb-nir-phaseF/constraint_resolution_+_polygonfix_cc_updated/classification_metrics_2020_after_postprocessing.csv
Prithvi,GFM,F,RGB+NIR,cross-temporal-seg,seg-2020,after,21,0.4542565047740936,0.6247267723083496,0.6603791117668152,0.5927267670631409,model_output/prithvi-v2-300-rgb-nir-phaseF/constraint_resolution_+_polygonfix_cc_updated/classification_metrics_2020_after_postprocessing.csv
Prithvi,GFM,F,RGB+NIR,cross-temporal-seg,seg-2020,after,22,0.3533983826637268,0.5222384929656982,0.4361891448497772,0.6505823731422424,model_output/prithvi-v2-300-rgb-nir-phaseF/constraint_resolution_+_polygonfix_cc_updated/classification_metrics_2020_after_postprocessing.csv
Prithvi,GFM,F,RGB+NIR,cross-temporal-seg,seg-2020,after,23,0.6244579553604126,0.7688201069831848,0.7394838333129883,0.8005801439285278,model_output/prithvi-v2-300-rgb-nir-phaseF/constraint_resolution_+_polygonfix_cc_updated/classification_metrics_2020_after_postprocessing.csv
Prithvi,GFM,F,RGB+NIR,cross-temporal,change-binary,before,0,0.3454765081405639,0.5135377645492554,0.636753499507904,0.4302765727043152,model_output/prithvi-v2-300-rgb-nir-phaseF/change_metrics_binary_2013-2020.csv
Prithvi,GFM,F,RGB+NIR,cross-temporal,change-binary,before,1,0.3563029766082763,0.5254032611846924,0.4419661164283752,0.6476755142211914,model_output/prithvi-v2-300-rgb-nir-phaseF/change_metrics_binary_2013-2020.csv
Prithvi,GFM,F,RGB+NIR,cross-temporal,change-binary,after,0,0.4859445989131927,0.6540548801422119,0.6557639241218567,0.6523545980453491,model_output/prithvi-v2-300-rgb-nir-phaseF/constraint_resolution_+_polygonfix_cc_updated/change_metrics_binary_2013-2020_after_postprocessing.csv
Prithvi,GFM,F,RGB+NIR,cross-temporal,change-binary,after,1,0.3399934470653534,0.5074553489685059,0.5055792927742004,0.5093454718589783,model_output/prithvi-v2-300-rgb-nir-phaseF/constraint_resolution_+_polygonfix_cc_updated/change_metrics_binary_2013-2020_after_postprocessing.csv
Prithvi,GFM,F,RGB+NIR,cross-temporal,change-multiclass,before,0,0.3454765081405639,0.5135377645492554,0.636753499507904,0.4302765727043152,model_output/prithvi-v2-300-rgb-nir-phaseF/change_metrics_multiclass_2013-2020.csv
Prithvi,GFM,F,RGB+NIR,cross-temporal,change-multiclass,before,1,0.0840406417846679,0.1550507098436355,0.5793677568435669,0.0895015895366668,model_output/prithvi-v2-300-rgb-nir-phaseF/change_metrics_multiclass_2013-2020.csv
Prithvi,GFM,F,RGB+NIR,cross-temporal,change-multiclass,before,2,0.1087409332394599,0.1961521059274673,0.9011363387107848,0.1100538745522499,model_output/prithvi-v2-300-rgb-nir-phaseF/change_metrics_multiclass_2013-2020.csv
Prithvi,GFM,F,RGB+NIR,cross-temporal,change-multiclass,before,3,0.0274980757385492,0.0535243339836597,0.029714236035943,0.2693763375282287,model_output/prithvi-v2-300-rgb-nir-phaseF/change_metrics_multiclass_2013-2020.csv
Prithvi,GFM,F,RGB+NIR,cross-temporal,change-multiclass,before,4,0.2618361115455627,0.4150081872940063,0.5344381928443909,0.3392062783241272,model_output/prithvi-v2-300-rgb-nir-phaseF/change_metrics_multiclass_2013-2020.csv
Prithvi,GFM,F,RGB+NIR,cross-temporal,change-multiclass,before,5,0.0753988474607467,0.1402249038219452,0.0846796706318855,0.4075657427310943,model_output/prithvi-v2-300-rgb-nir-phaseF/change_metrics_multiclass_2013-2020.csv
Prithvi,GFM,F,RGB+NIR,cross-temporal,change-multiclass,before,6,0.1588283628225326,0.2741188704967499,0.1693593561649322,0.7186485528945923,model_output/prithvi-v2-300-rgb-nir-phaseF/change_metrics_multiclass_2013-2020.csv
Prithvi,GFM,F,RGB+NIR,cross-temporal,change-multiclass,before,7,0.1606381684541702,0.2768100798130035,0.2412299960851669,0.3247017562389374,model_output/prithvi-v2-300-rgb-nir-phaseF/change_metrics_multiclass_2013-2020.csv
Prithvi,GFM,F,RGB+NIR,cross-temporal,change-multiclass,before,8,0.1020004674792289,0.1851187348365783,0.1082184016704559,0.6396709680557251,model_output/prithvi-v2-300-rgb-nir-phaseF/change_metrics_multiclass_2013-2020.csv
Prithvi,GFM,F,RGB+NIR,cross-temporal,change-multiclass,after,0,0.4859446585178375,0.6540548801422119,0.6557639241218567,0.6523545980453491,model_output/prithvi-v2-300-rgb-nir-phaseF/constraint_resolution_+_polygonfix_cc_updated/change_metrics_multiclass_2013-2020_after_postprocessing.csv
Prithvi,GFM,F,RGB+NIR,cross-temporal,change-multiclass,after,1,0.2101468294858932,0.3473080098628998,0.5774756669998169,0.2483298033475875,model_output/prithvi-v2-300-rgb-nir-phaseF/constraint_resolution_+_polygonfix_cc_updated/change_metrics_multiclass_2013-2020_after_postprocessing.csv
Prithvi,GFM,F,RGB+NIR,cross-temporal,change-multiclass,after,2,0.1380324512720108,0.2425808757543563,0.3800627291202545,0.1781410872936248,model_output/prithvi-v2-300-rgb-nir-phaseF/constraint_resolution_+_polygonfix_cc_updated/change_metrics_multiclass_2013-2020_after_postprocessing.csv
Prithvi,GFM,F,RGB+NIR,cross-temporal,change-multiclass,after,3,0.2046056240797042,0.3397055864334106,0.5653124451637268,0.2428057938814163,model_output/prithvi-v2-300-rgb-nir-phaseF/constraint_resolution_+_polygonfix_cc_updated/change_metrics_multiclass_2013-2020_after_postprocessing.csv
Prithvi,GFM,F,RGB+NIR,cross-temporal,change-multiclass,after,4,0.2630994915962219,0.416593462228775,0.5584828853607178,0.3321951627731323,model_output/prithvi-v2-300-rgb-nir-phaseF/constraint_resolution_+_polygonfix_cc_updated/change_metrics_multiclass_2013-2020_after_postprocessing.csv
Prithvi,GFM,F,RGB+NIR,cross-temporal,change-multiclass,after,5,0.0877829268574714,0.1613978743553161,0.0889906138181686,0.8661043047904968,model_output/prithvi-v2-300-rgb-nir-phaseF/constraint_resolution_+_polygonfix_cc_updated/change_metrics_multiclass_2013-2020_after_postprocessing.csv
Prithvi,GFM,F,RGB+NIR,cross-temporal,change-multiclass,after,6,0.202342614531517,0.3365806341171264,0.2171242982149124,0.7482478618621826,model_output/prithvi-v2-300-rgb-nir-phaseF/constraint_resolution_+_polygonfix_cc_updated/change_metrics_multiclass_2013-2020_after_postprocessing.csv
Prithvi,GFM,F,RGB+NIR,cross-temporal,change-multiclass,after,7,0.1970748454332351,0.3292606770992279,0.3128606379032135,0.3474752306938171,model_output/prithvi-v2-300-rgb-nir-phaseF/constraint_resolution_+_polygonfix_cc_updated/change_metrics_multiclass_2013-2020_after_postprocessing.csv
Prithvi,GFM,F,RGB+NIR,cross-temporal,change-multiclass,after,8,0.1288279294967651,0.2282507866621017,0.1426678299903869,0.570449709892273,model_output/prithvi-v2-300-rgb-nir-phaseF/constraint_resolution_+_polygonfix_cc_updated/change_metrics_multiclass_2013-2020_after_postprocessing.csv
Prithvi,GFM,E,RGB+NIR+nDSM,in-domain-seg,seg-2013,before,1,0.6611633896827698,0.7960245609283447,0.894428014755249,0.7171273827552795,model_output/prithvi-v2-300-rgb-nir-ndsm-phaseE/classification_metrics_2013.csv
Prithvi,GFM,E,RGB+NIR+nDSM,in-domain-seg,seg-2013,before,2,0.15548637509346,0.2691271603107452,0.1698736101388931,0.6473742127418518,model_output/prithvi-v2-300-rgb-nir-ndsm-phaseE/classification_metrics_2013.csv
Prithvi,GFM,E,RGB+NIR+nDSM,in-domain-seg,seg-2013,before,3,0.1688719391822815,0.2889485657215118,0.1920522302389145,0.5831820368766785,model_output/prithvi-v2-300-rgb-nir-ndsm-phaseE/classification_metrics_2013.csv
Prithvi,GFM,E,RGB+NIR+nDSM,in-domain-seg,seg-2013,before,4,0.2014252245426178,0.3353104889392853,0.4712740778923034,0.2602327764034271,model_output/prithvi-v2-300-rgb-nir-ndsm-phaseE/classification_metrics_2013.csv
Prithvi,GFM,E,RGB+NIR+nDSM,in-domain-seg,seg-2013,before,5,0.3529489636421203,0.5217476487159729,0.7823292016983032,0.3913838267326355,model_output/prithvi-v2-300-rgb-nir-ndsm-phaseE/classification_metrics_2013.csv
Prithvi,GFM,E,RGB+NIR+nDSM,in-domain-seg,seg-2013,before,6,0.1608482897281646,0.2771219611167907,0.3281139731407165,0.2398474216461181,model_output/prithvi-v2-300-rgb-nir-ndsm-phaseE/classification_metrics_2013.csv
Prithvi,GFM,E,RGB+NIR+nDSM,in-domain-seg,seg-2013,before,7,0.3708590269088745,0.5410608053207397,0.5516371726989746,0.5308823585510254,model_output/prithvi-v2-300-rgb-nir-ndsm-phaseE/classification_metrics_2013.csv
Prithvi,GFM,E,RGB+NIR+nDSM,in-domain-seg,seg-2013,before,8,0.0716696977615356,0.1337533444166183,0.1397126466035843,0.1282816082239151,model_output/prithvi-v2-300-rgb-nir-ndsm-phaseE/classification_metrics_2013.csv
Prithvi,GFM,E,RGB+NIR+nDSM,in-domain-seg,seg-2013,before,9,0.3444952070713043,0.5124527812004089,0.6057206392288208,0.4440748989582062,model_output/prithvi-v2-300-rgb-nir-ndsm-phaseE/classification_metrics_2013.csv
Prithvi,GFM,E,RGB+NIR+nDSM,in-domain-seg,seg-2013,before,10,0.1614610254764557,0.2780309021472931,0.1978310942649841,0.4675895273685455,model_output/prithvi-v2-300-rgb-nir-ndsm-phaseE/classification_metrics_2013.csv
Prithvi,GFM,E,RGB+NIR+nDSM,in-domain-seg,seg-2013,before,11,0.163061648607254,0.2804007232189178,0.2538459002971649,0.3131603598594665,model_output/prithvi-v2-300-rgb-nir-ndsm-phaseE/classification_metrics_2013.csv
Prithvi,GFM,E,RGB+NIR+nDSM,in-domain-seg,seg-2013,before,12,0.3367058634757995,0.5037844777107239,0.5126354694366455,0.4952340126037597,model_output/prithvi-v2-300-rgb-nir-ndsm-phaseE/classification_metrics_2013.csv
Prithvi,GFM,E,RGB+NIR+nDSM,in-domain-seg,seg-2013,before,13,0.1004090532660484,0.182494044303894,0.1106223985552787,0.5209687352180481,model_output/prithvi-v2-300-rgb-nir-ndsm-phaseE/classification_metrics_2013.csv
Prithvi,GFM,E,RGB+NIR+nDSM,in-domain-seg,seg-2013,before,14,0.1212364360690116,0.2162549048662185,0.2244290560483932,0.2086552679538726,model_output/prithvi-v2-300-rgb-nir-ndsm-phaseE/classification_metrics_2013.csv
Prithvi,GFM,E,RGB+NIR+nDSM,in-domain-seg,seg-2013,before,15,0.1870849132537841,0.3152005672454834,0.4735140204429626,0.2362225502729416,model_output/prithvi-v2-300-rgb-nir-ndsm-phaseE/classification_metrics_2013.csv
Prithvi,GFM,E,RGB+NIR+nDSM,in-domain-seg,seg-2013,before,16,0.1737847775220871,0.2961101531982422,0.2333438992500305,0.4050676524639129,model_output/prithvi-v2-300-rgb-nir-ndsm-phaseE/classification_metrics_2013.csv
Prithvi,GFM,E,RGB+NIR+nDSM,in-domain-seg,seg-2013,before,17,0.0040868520736694,0.0081404354423284,0.0241716299206018,0.0048943720757961,model_output/prithvi-v2-300-rgb-nir-ndsm-phaseE/classification_metrics_2013.csv
Prithvi,GFM,E,RGB+NIR+nDSM,in-domain-seg,seg-2013,before,18,0.2365422248840332,0.3825865387916565,0.3265946507453918,0.4617495834827423,model_output/prithvi-v2-300-rgb-nir-ndsm-phaseE/classification_metrics_2013.csv
Prithvi,GFM,E,RGB+NIR+nDSM,in-domain-seg,seg-2013,before,19,0.2823145687580108,0.4403202831745147,0.4245456457138061,0.4573123455047607,model_output/prithvi-v2-300-rgb-nir-ndsm-phaseE/classification_metrics_2013.csv
Prithvi,GFM,E,RGB+NIR+nDSM,in-domain-seg,seg-2013,before,20,0.6542852520942688,0.7910186648368835,0.7984541058540344,0.7837204337120056,model_output/prithvi-v2-300-rgb-nir-ndsm-phaseE/classification_metrics_2013.csv
Prithvi,GFM,E,RGB+NIR+nDSM,in-domain-seg,seg-2013,before,21,0.4212638139724731,0.5928017497062683,0.6181991100311279,0.5694088339805603,model_output/prithvi-v2-300-rgb-nir-ndsm-phaseE/classification_metrics_2013.csv
Prithvi,GFM,E,RGB+NIR+nDSM,in-domain-seg,seg-2013,before,22,0.4576336145401001,0.6279131770133972,0.718374490737915,0.5576863288879395,model_output/prithvi-v2-300-rgb-nir-ndsm-phaseE/classification_metrics_2013.csv
Prithvi,GFM,E,RGB+NIR+nDSM,in-domain-seg,seg-2013,before,23,0.2642331421375274,0.418013334274292,0.431144505739212,0.4056583642959595,model_output/prithvi-v2-300-rgb-nir-ndsm-phaseE/classification_metrics_2013.csv
Prithvi,GFM,E,RGB+NIR+nDSM,in-domain-seg,seg-2013,after,1,0.8036237359046936,0.8911212682723999,0.9391352534294128,0.8477780222892761,model_output/prithvi-v2-300-rgb-nir-ndsm-phaseE/constraint_resolution_+_polygonfix_cc_updated/classification_metrics_2013_after_postprocessing.csv
Prithvi,GFM,E,RGB+NIR+nDSM,in-domain-seg,seg-2013,after,2,0.1645539104938507,0.2826041877269745,0.1798373907804489,0.6594317555427551,model_output/prithvi-v2-300-rgb-nir-ndsm-phaseE/constraint_resolution_+_polygonfix_cc_updated/classification_metrics_2013_after_postprocessing.csv
Prithvi,GFM,E,RGB+NIR+nDSM,in-domain-seg,seg-2013,after,3,0.2406562864780426,0.3879499733448028,0.2881690263748169,0.5934301018714905,model_output/prithvi-v2-300-rgb-nir-ndsm-phaseE/constraint_resolution_+_polygonfix_cc_updated/classification_metrics_2013_after_postprocessing.csv
Prithvi,GFM,E,RGB+NIR+nDSM,in-domain-seg,seg-2013,after,4,0.3837959468364715,0.5547001957893372,0.6136879324913025,0.506057858467102,model_output/prithvi-v2-300-rgb-nir-ndsm-phaseE/constraint_resolution_+_polygonfix_cc_updated/classification_metrics_2013_after_postprocessing.csv
Prithvi,GFM,E,RGB+NIR+nDSM,in-domain-seg,seg-2013,after,5,0.7264390587806702,0.8415461182594299,0.91277277469635,0.780630886554718,model_output/prithvi-v2-300-rgb-nir-ndsm-phaseE/constraint_resolution_+_polygonfix_cc_updated/classification_metrics_2013_after_postprocessing.csv
Prithvi,GFM,E,RGB+NIR+nDSM,in-domain-seg,seg-2013,after,6,0.1546836793422699,0.267923891544342,0.3193221688270569,0.2307777851819992,model_output/prithvi-v2-300-rgb-nir-ndsm-phaseE/constraint_resolution_+_polygonfix_cc_updated/classification_metrics_2013_after_postprocessing.csv
Prithvi,GFM,E,RGB+NIR+nDSM,in-domain-seg,seg-2013,after,7,0.3643170893192291,0.5340651273727417,0.6650654673576355,0.4461795389652252,model_output/prithvi-v2-300-rgb-nir-ndsm-phaseE/constraint_resolution_+_polygonfix_cc_updated/classification_metrics_2013_after_postprocessing.csv
Prithvi,GFM,E,RGB+NIR+nDSM,in-domain-seg,seg-2013,after,8,0.2010579109191894,0.3348013758659363,0.3656079769134521,0.3087829053401947,model_output/prithvi-v2-300-rgb-nir-ndsm-phaseE/constraint_resolution_+_polygonfix_cc_updated/classification_metrics_2013_after_postprocessing.csv
Prithvi,GFM,E,RGB+NIR+nDSM,in-domain-seg,seg-2013,after,9,0.4288733601570129,0.6002958416938782,0.7281773090362549,0.510621190071106,model_output/prithvi-v2-300-rgb-nir-ndsm-phaseE/constraint_resolution_+_polygonfix_cc_updated/classification_metrics_2013_after_postprocessing.csv
Prithvi,GFM,E,RGB+NIR+nDSM,in-domain-seg,seg-2013,after,10,0.247453823685646,0.3967342376708984,0.3167821764945984,0.5306687355041504,model_output/prithvi-v2-300-rgb-nir-ndsm-phaseE/constraint_resolution_+_polygonfix_cc_updated/classification_metrics_2013_after_postprocessing.csv
Prithvi,GFM,E,RGB+NIR+nDSM,in-domain-seg,seg-2013,after,11,0.4785663485527038,0.647338330745697,0.6609061360359192,0.6343164443969727,model_output/prithvi-v2-300-rgb-nir-ndsm-phaseE/constraint_resolution_+_polygonfix_cc_updated/classification_metrics_2013_after_postprocessing.csv
Prithvi,GFM,E,RGB+NIR+nDSM,in-domain-seg,seg-2013,after,12,0.3959778249263763,0.5673125386238098,0.6207449436187744,0.5223497748374939,model_output/prithvi-v2-300-rgb-nir-ndsm-phaseE/constraint_resolution_+_polygonfix_cc_updated/classification_metrics_2013_after_postprocessing.csv
Prithvi,GFM,E,RGB+NIR+nDSM,in-domain-seg,seg-2013,after,13,0.2161576598882675,0.3554763793945312,0.2314643561840057,0.7657359838485718,model_output/prithvi-v2-300-rgb-nir-ndsm-phaseE/constraint_resolution_+_polygonfix_cc_updated/classification_metrics_2013_after_postprocessing.csv
Prithvi,GFM,E,RGB+NIR+nDSM,in-domain-seg,seg-2013,after,14,0.2082941383123397,0.3447739481925964,0.4978427290916443,0.2636966407299042,model_output/prithvi-v2-300-rgb-nir-ndsm-phaseE/constraint_resolution_+_polygonfix_cc_updated/classification_metrics_2013_after_postprocessing.csv
Prithvi,GFM,E,RGB+NIR+nDSM,in-domain-seg,seg-2013,after,15,0.7062252163887024,0.8278217911720276,0.8411999344825745,0.8148624897003174,model_output/prithvi-v2-300-rgb-nir-ndsm-phaseE/constraint_resolution_+_polygonfix_cc_updated/classification_metrics_2013_after_postprocessing.csv
Prithvi,GFM,E,RGB+NIR+nDSM,in-domain-seg,seg-2013,after,16,0.4216046333312988,0.5931390523910522,0.4362319409847259,0.926327347755432,model_output/prithvi-v2-300-rgb-nir-ndsm-phaseE/constraint_resolution_+_polygonfix_cc_updated/classification_metrics_2013_after_postprocessing.csv
Prithvi,GFM,E,RGB+NIR+nDSM,in-domain-seg,seg-2013,after,17,0.2526499629020691,0.4033847749233246,0.7847766876220703,0.271459013223648,model_output/prithvi-v2-300-rgb-nir-ndsm-phaseE/constraint_resolution_+_polygonfix_cc_updated/classification_metrics_2013_after_postprocessing.csv
Prithvi,GFM,E,RGB+NIR+nDSM,in-domain-seg,seg-2013,after,18,0.2155387550592422,0.3546390235424042,0.2218897938728332,0.8827717900276184,model_output/prithvi-v2-300-rgb-nir-ndsm-phaseE/constraint_resolution_+_polygonfix_cc_updated/classification_metrics_2013_after_postprocessing.csv
Prithvi,GFM,E,RGB+NIR+nDSM,in-domain-seg,seg-2013,after,19,0.4415663480758667,0.6126202344894409,0.6553515791893005,0.5751202702522278,model_output/prithvi-v2-300-rgb-nir-ndsm-phaseE/constraint_resolution_+_polygonfix_cc_updated/classification_metrics_2013_after_postprocessing.csv
Prithvi,GFM,E,RGB+NIR+nDSM,in-domain-seg,seg-2013,after,20,0.8628009557723999,0.9263479113578796,0.8992035388946533,0.9551822543144226,model_output/prithvi-v2-300-rgb-nir-ndsm-phaseE/constraint_resolution_+_polygonfix_cc_updated/classification_metrics_2013_after_postprocessing.csv
Prithvi,GFM,E,RGB+NIR+nDSM,in-domain-seg,seg-2013,after,21,0.603320300579071,0.7525886297225952,0.8484129309654236,0.6762134432792664,model_output/prithvi-v2-300-rgb-nir-ndsm-phaseE/constraint_resolution_+_polygonfix_cc_updated/classification_metrics_2013_after_postprocessing.csv
Prithvi,GFM,E,RGB+NIR+nDSM,in-domain-seg,seg-2013,after,22,0.7949774861335754,0.8857799768447876,0.882578432559967,0.8890047073364258,model_output/prithvi-v2-300-rgb-nir-ndsm-phaseE/constraint_resolution_+_polygonfix_cc_updated/classification_metrics_2013_after_postprocessing.csv
Prithvi,GFM,E,RGB+NIR+nDSM,in-domain-seg,seg-2013,after,23,0.513293981552124,0.6783797740936279,0.8288028836250305,0.5741708874702454,model_output/prithvi-v2-300-rgb-nir-ndsm-phaseE/constraint_resolution_+_polygonfix_cc_updated/classification_metrics_2013_after_postprocessing.csv
Prithvi,GFM,E,RGB+NIR+nDSM,cross-temporal-seg,seg-2020,before,1,0.2372154891490936,0.3834667503833771,0.5890166759490967,0.2842660248279571,model_output/prithvi-v2-300-rgb-nir-ndsm-phaseE/classification_metrics_2020.csv
Prithvi,GFM,E,RGB+NIR+nDSM,cross-temporal-seg,seg-2020,before,2,0.0779149979352951,0.1445661336183548,0.0907400548458099,0.3553650379180908,model_output/prithvi-v2-300-rgb-nir-ndsm-phaseE/classification_metrics_2020.csv
Prithvi,GFM,E,RGB+NIR+nDSM,cross-temporal-seg,seg-2020,before,3,0.1532228589057922,0.2657298445701599,0.1679163724184036,0.6364983320236206,model_output/prithvi-v2-300-rgb-nir-ndsm-phaseE/classification_metrics_2020.csv
Prithvi,GFM,E,RGB+NIR+nDSM,cross-temporal-seg,seg-2020,before,4,0.0441256724298,0.0845217630267143,0.1721844971179962,0.0560072809457778,model_output/prithvi-v2-300-rgb-nir-ndsm-phaseE/classification_metrics_2020.csv
Prithvi,GFM,E,RGB+NIR+nDSM,cross-temporal-seg,seg-2020,before,5,0.1434900760650634,0.2509686350822449,0.6270173788070679,0.1568806916475296,model_output/prithvi-v2-300-rgb-nir-ndsm-phaseE/classification_metrics_2020.csv
Prithvi,GFM,E,RGB+NIR+nDSM,cross-temporal-seg,seg-2020,before,6,0.1314907371997833,0.232420340180397,0.1804296374320984,0.3265016078948974,model_output/prithvi-v2-300-rgb-nir-ndsm-phaseE/classification_metrics_2020.csv
Prithvi,GFM,E,RGB+NIR+nDSM,cross-temporal-seg,seg-2020,before,7,0.3007459640502929,0.4624207615852356,0.3992576897144317,0.549324631690979,model_output/prithvi-v2-300-rgb-nir-ndsm-phaseE/classification_metrics_2020.csv
Prithvi,GFM,E,RGB+NIR+nDSM,cross-temporal-seg,seg-2020,before,8,0.0875207483768463,0.1609546095132827,0.4142518937587738,0.0998814180493354,model_output/prithvi-v2-300-rgb-nir-ndsm-phaseE/classification_metrics_2020.csv
Prithvi,GFM,E,RGB+NIR+nDSM,cross-temporal-seg,seg-2020,before,9,0.1870568245649337,0.3151606917381286,0.3798727095127105,0.2692871689796448,model_output/prithvi-v2-300-rgb-nir-ndsm-phaseE/classification_metrics_2020.csv
Prithvi,GFM,E,RGB+NIR+nDSM,cross-temporal-seg,seg-2020,before,10,0.1509581804275512,0.262317419052124,0.2273392677307129,0.3100160658359527,model_output/prithvi-v2-300-rgb-nir-ndsm-phaseE/classification_metrics_2020.csv
Prithvi,GFM,E,RGB+NIR+nDSM,cross-temporal-seg,seg-2020,before,11,0.1657795310020446,0.284409761428833,0.4461002051830292,0.2087482661008834,model_output/prithvi-v2-300-rgb-nir-ndsm-phaseE/classification_metrics_2020.csv
Prithvi,GFM,E,RGB+NIR+nDSM,cross-temporal-seg,seg-2020,before,12,0.2807230651378631,0.438382089138031,0.4701253175735473,0.4106543958187103,model_output/prithvi-v2-300-rgb-nir-ndsm-phaseE/classification_metrics_2020.csv
Prithvi,GFM,E,RGB+NIR+nDSM,cross-temporal-seg,seg-2020,before,13,0.0795684978365898,0.1474079638719558,0.0929382443428039,0.3561311960220337,model_output/prithvi-v2-300-rgb-nir-ndsm-phaseE/classification_metrics_2020.csv
Prithvi,GFM,E,RGB+NIR+nDSM,cross-temporal-seg,seg-2020,before,14,0.1163817569613456,0.2084981203079223,0.1934075802564621,0.2261428236961364,model_output/prithvi-v2-300-rgb-nir-ndsm-phaseE/classification_metrics_2020.csv
Prithvi,GFM,E,RGB+NIR+nDSM,cross-temporal-seg,seg-2020,before,15,0.1522718518972396,0.264298528432846,0.4157720804214477,0.1937219500541687,model_output/prithvi-v2-300-rgb-nir-ndsm-phaseE/classification_metrics_2020.csv
Prithvi,GFM,E,RGB+NIR+nDSM,cross-temporal-seg,seg-2020,before,16,0.1585748791694641,0.2737412750720978,0.20140340924263,0.4271661341190338,model_output/prithvi-v2-300-rgb-nir-ndsm-phaseE/classification_metrics_2020.csv
Prithvi,GFM,E,RGB+NIR+nDSM,cross-temporal-seg,seg-2020,before,17,0.0020937307272106,0.0041787126101553,0.0205388497561216,0.0023259702138602,model_output/prithvi-v2-300-rgb-nir-ndsm-phaseE/classification_metrics_2020.csv
Prithvi,GFM,E,RGB+NIR+nDSM,cross-temporal-seg,seg-2020,before,18,0.2705641090869903,0.4258960485458374,0.3177392184734344,0.6456834673881531,model_output/prithvi-v2-300-rgb-nir-ndsm-phaseE/classification_metrics_2020.csv
Prithvi,GFM,E,RGB+NIR+nDSM,cross-temporal-seg,seg-2020,before,19,0.2040972411632537,0.3390045762062073,0.3928883075714111,0.2981183230876922,model_output/prithvi-v2-300-rgb-nir-ndsm-phaseE/classification_metrics_2020.csv
Prithvi,GFM,E,RGB+NIR+nDSM,cross-temporal-seg,seg-2020,before,20,0.1541982144117355,0.2671953737735748,0.5297832489013672,0.1786481440067291,model_output/prithvi-v2-300-rgb-nir-ndsm-phaseE/classification_metrics_2020.csv
Prithvi,GFM,E,RGB+NIR+nDSM,cross-temporal-seg,seg-2020,before,21,0.3368678092956543,0.5039657950401306,0.6308937668800354,0.4195562899112701,model_output/prithvi-v2-300-rgb-nir-ndsm-phaseE/classification_metrics_2020.csv
Prithvi,GFM,E,RGB+NIR+nDSM,cross-temporal-seg,seg-2020,before,22,0.1612832099199295,0.2777672410011291,0.2867181599140167,0.2693582773208618,model_output/prithvi-v2-300-rgb-nir-ndsm-phaseE/classification_metrics_2020.csv
Prithvi,GFM,E,RGB+NIR+nDSM,cross-temporal-seg,seg-2020,before,23,0.226217895746231,0.368968516588211,0.4072946012020111,0.3372349739074707,model_output/prithvi-v2-300-rgb-nir-ndsm-phaseE/classification_metrics_2020.csv
Prithvi,GFM,E,RGB+NIR+nDSM,cross-temporal-seg,seg-2020,after,1,0.4351435005664825,0.6064111590385437,0.9652310013771056,0.4420727789402008,model_output/prithvi-v2-300-rgb-nir-ndsm-phaseE/constraint_resolution_+_polygonfix_cc_updated/classification_metrics_2020_after_postprocessing.csv
Prithvi,GFM,E,RGB+NIR+nDSM,cross-temporal-seg,seg-2020,after,2,0.1484749317169189,0.2585601508617401,0.2008057683706283,0.3629491329193115,model_output/prithvi-v2-300-rgb-nir-ndsm-phaseE/constraint_resolution_+_polygonfix_cc_updated/classification_metrics_2020_after_postprocessing.csv
Prithvi,GFM,E,RGB+NIR+nDSM,cross-temporal-seg,seg-2020,after,3,0.1867173910140991,0.314678817987442,0.1912644505500793,0.8870564103126526,model_output/prithvi-v2-300-rgb-nir-ndsm-phaseE/constraint_resolution_+_polygonfix_cc_updated/classification_metrics_2020_after_postprocessing.csv
Prithvi,GFM,E,RGB+NIR+nDSM,cross-temporal-seg,seg-2020,after,4,0.0876104980707168,0.1611063927412033,0.3926827609539032,0.1013420522212982,model_output/prithvi-v2-300-rgb-nir-ndsm-phaseE/constraint_resolution_+_polygonfix_cc_updated/classification_metrics_2020_after_postprocessing.csv
Prithvi,GFM,E,RGB+NIR+nDSM,cross-temporal-seg,seg-2020,after,5,0.2369666844606399,0.3831415772438049,0.7682297825813293,0.2552121579647064,model_output/prithvi-v2-300-rgb-nir-ndsm-phaseE/constraint_resolution_+_polygonfix_cc_updated/classification_metrics_2020_after_postprocessing.csv
Prithvi,GFM,E,RGB+NIR+nDSM,cross-temporal-seg,seg-2020,after,6,0.1809807121753692,0.3064922392368316,0.2459892928600311,0.4064655303955078,model_output/prithvi-v2-300-rgb-nir-ndsm-phaseE/constraint_resolution_+_polygonfix_cc_updated/classification_metrics_2020_after_postprocessing.csv
Prithvi,GFM,E,RGB+NIR+nDSM,cross-temporal-seg,seg-2020,after,7,0.3866726458072662,0.5576984286308289,0.4693563282489776,0.6870068907737732,model_output/prithvi-v2-300-rgb-nir-ndsm-phaseE/constraint_resolution_+_polygonfix_cc_updated/classification_metrics_2020_after_postprocessing.csv
Prithvi,GFM,E,RGB+NIR+nDSM,cross-temporal-seg,seg-2020,after,8,0.0840256065130233,0.1550251245498657,0.5947433114051819,0.0891286581754684,model_output/prithvi-v2-300-rgb-nir-ndsm-phaseE/constraint_resolution_+_polygonfix_cc_updated/classification_metrics_2020_after_postprocessing.csv
Prithvi,GFM,E,RGB+NIR+nDSM,cross-temporal-seg,seg-2020,after,9,0.2101606875658035,0.3473269045352936,0.3793939650058746,0.32025808095932,model_output/prithvi-v2-300-rgb-nir-ndsm-phaseE/constraint_resolution_+_polygonfix_cc_updated/classification_metrics_2020_after_postprocessing.csv
Prithvi,GFM,E,RGB+NIR+nDSM,cross-temporal-seg,seg-2020,after,10,0.2104852050542831,0.3477699756622314,0.3342363834381103,0.3624458014965057,model_output/prithvi-v2-300-rgb-nir-ndsm-phaseE/constraint_resolution_+_polygonfix_cc_updated/classification_metrics_2020_after_postprocessing.csv
Prithvi,GFM,E,RGB+NIR+nDSM,cross-temporal-seg,seg-2020,after,11,0.1706331074237823,0.2915227711200714,0.6748449206352234,0.1859183013439178,model_output/prithvi-v2-300-rgb-nir-ndsm-phaseE/constraint_resolution_+_polygonfix_cc_updated/classification_metrics_2020_after_postprocessing.csv
Prithvi,GFM,E,RGB+NIR+nDSM,cross-temporal-seg,seg-2020,after,12,0.3018459975719452,0.4637199640274048,0.4454262554645538,0.4835806787014007,model_output/prithvi-v2-300-rgb-nir-ndsm-phaseE/constraint_resolution_+_polygonfix_cc_updated/classification_metrics_2020_after_postprocessing.csv
Prithvi,GFM,E,RGB+NIR+nDSM,cross-temporal-seg,seg-2020,after,13,0.1433203518390655,0.2507089972496032,0.1918615102767944,0.3616266250610351,model_output/prithvi-v2-300-rgb-nir-ndsm-phaseE/constraint_resolution_+_polygonfix_cc_updated/classification_metrics_2020_after_postprocessing.csv
Prithvi,GFM,E,RGB+NIR+nDSM,cross-temporal-seg,seg-2020,after,14,0.1562568992376327,0.2702805995941162,0.2472136914730072,0.2980950772762298,model_output/prithvi-v2-300-rgb-nir-ndsm-phaseE/constraint_resolution_+_polygonfix_cc_updated/classification_metrics_2020_after_postprocessing.csv
Prithvi,GFM,E,RGB+NIR+nDSM,cross-temporal-seg,seg-2020,after,15,0.2479106038808822,0.3973210752010345,0.5435999631881714,0.313074916601181,model_output/prithvi-v2-300-rgb-nir-ndsm-phaseE/constraint_resolution_+_polygonfix_cc_updated/classification_metrics_2020_after_postprocessing.csv
Prithvi,GFM,E,RGB+NIR+nDSM,cross-temporal-seg,seg-2020,after,16,0.1413918882608413,0.2477534711360931,0.1696004271507263,0.4594892263412475,model_output/prithvi-v2-300-rgb-nir-ndsm-phaseE/constraint_resolution_+_polygonfix_cc_updated/classification_metrics_2020_after_postprocessing.csv
Prithvi,GFM,E,RGB+NIR+nDSM,cross-temporal-seg,seg-2020,after,17,0.0636763870716095,0.1197288706898689,0.1708587408065796,0.0921521410346031,model_output/prithvi-v2-300-rgb-nir-ndsm-phaseE/constraint_resolution_+_polygonfix_cc_updated/classification_metrics_2020_after_postprocessing.csv
Prithvi,GFM,E,RGB+NIR+nDSM,cross-temporal-seg,seg-2020,after,18,0.4194399118423462,0.5909935235977173,0.4498524367809295,0.8611924648284912,model_output/prithvi-v2-300-rgb-nir-ndsm-phaseE/constraint_resolution_+_polygonfix_cc_updated/classification_metrics_2020_after_postprocessing.csv
Prithvi,GFM,E,RGB+NIR+nDSM,cross-temporal-seg,seg-2020,after,19,0.2682091891765594,0.4229731261730194,0.4775800406932831,0.3795724511146545,model_output/prithvi-v2-300-rgb-nir-ndsm-phaseE/constraint_resolution_+_polygonfix_cc_updated/classification_metrics_2020_after_postprocessing.csv
Prithvi,GFM,E,RGB+NIR+nDSM,cross-temporal-seg,seg-2020,after,20,0.1894822865724563,0.3185962438583374,0.6014820337295532,0.2166857421398162,model_output/prithvi-v2-300-rgb-nir-ndsm-phaseE/constraint_resolution_+_polygonfix_cc_updated/classification_metrics_2020_after_postprocessing.csv
Prithvi,GFM,E,RGB+NIR+nDSM,cross-temporal-seg,seg-2020,after,21,0.4445697665214538,0.615504801273346,0.7427006959915161,0.5255059003829956,model_output/prithvi-v2-300-rgb-nir-ndsm-phaseE/constraint_resolution_+_polygonfix_cc_updated/classification_metrics_2020_after_postprocessing.csv
Prithvi,GFM,E,RGB+NIR+nDSM,cross-temporal-seg,seg-2020,after,22,0.2430527955293655,0.3910578787326813,0.412599116563797,0.3716543018817901,model_output/prithvi-v2-300-rgb-nir-ndsm-phaseE/constraint_resolution_+_polygonfix_cc_updated/classification_metrics_2020_after_postprocessing.csv
Prithvi,GFM,E,RGB+NIR+nDSM,cross-temporal-seg,seg-2020,after,23,0.5232197046279907,0.6869917511940002,0.8265912532806396,0.587732195854187,model_output/prithvi-v2-300-rgb-nir-ndsm-phaseE/constraint_resolution_+_polygonfix_cc_updated/classification_metrics_2020_after_postprocessing.csv
Prithvi,GFM,E,RGB+NIR+nDSM,cross-temporal,change-binary,before,0,0.2950447201728821,0.4556517899036407,0.7504018545150757,0.3271504938602447,model_output/prithvi-v2-300-rgb-nir-ndsm-phaseE/change_metrics_binary_2013-2020.csv
Prithvi,GFM,E,RGB+NIR+nDSM,cross-temporal,change-binary,before,1,0.4292459785938263,0.6006607413291931,0.4662955999374389,0.8438075184822083,model_output/prithvi-v2-300-rgb-nir-ndsm-phaseE/change_metrics_binary_2013-2020.csv
Prithvi,GFM,E,RGB+NIR+nDSM,cross-temporal,change-binary,after,0,0.3879798650741577,0.5590569376945496,0.7169028520584106,0.4581767320632934,model_output/prithvi-v2-300-rgb-nir-ndsm-phaseE/constraint_resolution_+_polygonfix_cc_updated/change_metrics_binary_2013-2020_after_postprocessing.csv
Prithvi,GFM,E,RGB+NIR+nDSM,cross-temporal,change-binary,after,1,0.414523035287857,0.5860958695411682,0.485711008310318,0.7387850284576416,model_output/prithvi-v2-300-rgb-nir-ndsm-phaseE/constraint_resolution_+_polygonfix_cc_updated/change_metrics_binary_2013-2020_after_postprocessing.csv
Prithvi,GFM,E,RGB+NIR+nDSM,cross-temporal,change-multiclass,before,0,0.2950447201728821,0.4556517899036407,0.7504018545150757,0.3271504938602447,model_output/prithvi-v2-300-rgb-nir-ndsm-phaseE/change_metrics_multiclass_2013-2020.csv
Prithvi,GFM,E,RGB+NIR+nDSM,cross-temporal,change-multiclass,before,1,0.2387457191944122,0.3854636549949646,0.5087752938270569,0.3102648556232452,model_output/prithvi-v2-300-rgb-nir-ndsm-phaseE/change_metrics_multiclass_2013-2020.csv
Prithvi,GFM,E,RGB+NIR+nDSM,cross-temporal,change-multiclass,before,2,0.1396020203828811,0.2450013607740402,0.8457894325256348,0.1432481557130813,model_output/prithvi-v2-300-rgb-nir-ndsm-phaseE/change_metrics_multiclass_2013-2020.csv
Prithvi,GFM,E,RGB+NIR+nDSM,cross-temporal,change-multiclass,before,3,0.0439085662364959,0.084123395383358,0.0521305836737155,0.2177698761224746,model_output/prithvi-v2-300-rgb-nir-ndsm-phaseE/change_metrics_multiclass_2013-2020.csv
Prithvi,GFM,E,RGB+NIR+nDSM,cross-temporal,change-multiclass,before,4,0.3673148453235626,0.5372791290283203,0.4958003759384155,0.5863316059112549,model_output/prithvi-v2-300-rgb-nir-ndsm-phaseE/change_metrics_multiclass_2013-2020.csv
Prithvi,GFM,E,RGB+NIR+nDSM,cross-temporal,change-multiclass,before,5,0.0881590023636818,0.1620333194732666,0.1024078428745269,0.3878578841686249,model_output/prithvi-v2-300-rgb-nir-ndsm-phaseE/change_metrics_multiclass_2013-2020.csv
Prithvi,GFM,E,RGB+NIR+nDSM,cross-temporal,change-multiclass,before,6,0.1298091262578964,0.2297894805669784,0.1354272812604904,0.7578156590461731,model_output/prithvi-v2-300-rgb-nir-ndsm-phaseE/change_metrics_multiclass_2013-2020.csv
Prithvi,GFM,E,RGB+NIR+nDSM,cross-temporal,change-multiclass,before,7,0.1309179365634918,0.2315250933170318,0.1931693851947784,0.2888863682746887,model_output/prithvi-v2-300-rgb-nir-ndsm-phaseE/change_metrics_multiclass_2013-2020.csv
Prithvi,GFM,E,RGB+NIR+nDSM,cross-temporal,change-multiclass,before,8,0.0695873349905014,0.1301199644804,0.0730826407670974,0.5926660895347595,model_output/prithvi-v2-300-rgb-nir-ndsm-phaseE/change_metrics_multiclass_2013-2020.csv
Prithvi,GFM,E,RGB+NIR+nDSM,cross-temporal,change-multiclass,after,0,0.3879799246788025,0.5590569376945496,0.7169028520584106,0.4581767320632934,model_output/prithvi-v2-300-rgb-nir-ndsm-phaseE/constraint_resolution_+_polygonfix_cc_updated/change_metrics_multiclass_2013-2020_after_postprocessing.csv
Prithvi,GFM,E,RGB+NIR+nDSM,cross-temporal,change-multiclass,after,1,0.2110136002302169,0.3484908640384674,0.6744393110275269,0.2349448502063751,model_output/prithvi-v2-300-rgb-nir-ndsm-phaseE/constraint_resolution_+_polygonfix_cc_updated/change_metrics_multiclass_2013-2020_after_postprocessing.csv
Prithvi,GFM,E,RGB+NIR+nDSM,cross-temporal,change-multiclass,after,2,0.1799404323101043,0.3049992024898529,0.4027926921844482,0.2454151660203933,model_output/prithvi-v2-300-rgb-nir-ndsm-phaseE/constraint_resolution_+_polygonfix_cc_updated/change_metrics_multiclass_2013-2020_after_postprocessing.csv
Prithvi,GFM,E,RGB+NIR+nDSM,cross-temporal,change-multiclass,after,3,0.1031413674354553,0.186995729804039,0.5793362259864807,0.1114912033081054,model_output/prithvi-v2-300-rgb-nir-ndsm-phaseE/constraint_resolution_+_polygonfix_cc_updated/change_metrics_multiclass_2013-2020_after_postprocessing.csv
Prithvi,GFM,E,RGB+NIR+nDSM,cross-temporal,change-multiclass,after,4,0.3881001472473144,0.5591817498207092,0.5074306726455688,0.6226874589920044,model_output/prithvi-v2-300-rgb-nir-ndsm-phaseE/constraint_resolution_+_polygonfix_cc_updated/change_metrics_multiclass_2013-2020_after_postprocessing.csv
Prithvi,GFM,E,RGB+NIR+nDSM,cross-temporal,change-multiclass,after,5,0.0886419638991355,0.1628487110137939,0.0922841355204582,0.6919269561767578,model_output/prithvi-v2-300-rgb-nir-ndsm-phaseE/constraint_resolution_+_polygonfix_cc_updated/change_metrics_multiclass_2013-2020_after_postprocessing.csv
Prithvi,GFM,E,RGB+NIR+nDSM,cross-temporal,change-multiclass,after,6,0.1961247026920318,0.3279335498809814,0.2034946084022522,0.8441228866577148,model_output/prithvi-v2-300-rgb-nir-ndsm-phaseE/constraint_resolution_+_polygonfix_cc_updated/change_metrics_multiclass_2013-2020_after_postprocessing.csv
Prithvi,GFM,E,RGB+NIR+nDSM,cross-temporal,change-multiclass,after,7,0.1508347690105438,0.2621310651302337,0.2417061775922775,0.2863264977931976,model_output/prithvi-v2-300-rgb-nir-ndsm-phaseE/constraint_resolution_+_polygonfix_cc_updated/change_metrics_multiclass_2013-2020_after_postprocessing.csv
Prithvi,GFM,E,RGB+NIR+nDSM,cross-temporal,change-multiclass,after,8,0.076219692826271,0.1416433751583099,0.0816863551735878,0.5324758291244507,model_output/prithvi-v2-300-rgb-nir-ndsm-phaseE/constraint_resolution_+_polygonfix_cc_updated/change_metrics_multiclass_2013-2020_after_postprocessing.csv
DOFA,GFM,F,RGB+NIR,in-domain-seg,seg-2013,before,1,0.5404102802276611,0.7016445994377136,0.6537678241729736,0.7570876479148865,model_output/dofa-base-rgb-nir-phaseF/classification_metrics_2013.csv
DOFA,GFM,F,RGB+NIR,in-domain-seg,seg-2013,before,2,0.2639444768428802,0.4176520407199859,0.2966623604297638,0.7052981853485107,model_output/dofa-base-rgb-nir-phaseF/classification_metrics_2013.csv
DOFA,GFM,F,RGB+NIR,in-domain-seg,seg-2013,before,3,0.222843587398529,0.3644678592681885,0.3265327215194702,0.412375807762146,model_output/dofa-base-rgb-nir-phaseF/classification_metrics_2013.csv
DOFA,GFM,F,RGB+NIR,in-domain-seg,seg-2013,before,4,0.3880601227283478,0.5591402053833008,0.6599451899528503,0.4850500524044037,model_output/dofa-base-rgb-nir-phaseF/classification_metrics_2013.csv
DOFA,GFM,F,RGB+NIR,in-domain-seg,seg-2013,before,5,0.4323381185531616,0.6036816835403442,0.7990081906318665,0.4850948452949524,model_output/dofa-base-rgb-nir-phaseF/classification_metrics_2013.csv
DOFA,GFM,F,RGB+NIR,in-domain-seg,seg-2013,before,6,0.1650654524564743,0.2833582758903503,0.2244570404291153,0.3841710984706878,model_output/dofa-base-rgb-nir-phaseF/classification_metrics_2013.csv
DOFA,GFM,F,RGB+NIR,in-domain-seg,seg-2013,before,7,0.3111088275909424,0.4745736122131347,0.4366603791713714,0.5196964740753174,model_output/dofa-base-rgb-nir-phaseF/classification_metrics_2013.csv
DOFA,GFM,F,RGB+NIR,in-domain-seg,seg-2013,before,8,0.0784571319818496,0.1454988420009613,0.0961613431572914,0.2988085746765136,model_output/dofa-base-rgb-nir-phaseF/classification_metrics_2013.csv
DOFA,GFM,F,RGB+NIR,in-domain-seg,seg-2013,before,9,0.3179354667663574,0.4824749231338501,0.4469326436519623,0.5241586565971375,model_output/dofa-base-rgb-nir-phaseF/classification_metrics_2013.csv
DOFA,GFM,F,RGB+NIR,in-domain-seg,seg-2013,before,10,0.1298883259296417,0.2299135476350784,0.1580413728952407,0.4216803610324859,model_output/dofa-base-rgb-nir-phaseF/classification_metrics_2013.csv
DOFA,GFM,F,RGB+NIR,in-domain-seg,seg-2013,before,11,0.1449259519577026,0.2531621158123016,0.2365757524967193,0.2722496092319488,model_output/dofa-base-rgb-nir-phaseF/classification_metrics_2013.csv
DOFA,GFM,F,RGB+NIR,in-domain-seg,seg-2013,before,12,0.2747902274131775,0.4311144053936004,0.5891382694244385,0.339934229850769,model_output/dofa-base-rgb-nir-phaseF/classification_metrics_2013.csv
DOFA,GFM,F,RGB+NIR,in-domain-seg,seg-2013,before,13,0.0996767356991767,0.1812836974859237,0.1489288657903671,0.2315985262393951,model_output/dofa-base-rgb-nir-phaseF/classification_metrics_2013.csv
DOFA,GFM,F,RGB+NIR,in-domain-seg,seg-2013,before,14,0.1741229146718979,0.2966008186340332,0.3827628493309021,0.24210225045681,model_output/dofa-base-rgb-nir-phaseF/classification_metrics_2013.csv
DOFA,GFM,F,RGB+NIR,in-domain-seg,seg-2013,before,15,0.212935984134674,0.3511083424091339,0.465630441904068,0.2817995548248291,model_output/dofa-base-rgb-nir-phaseF/classification_metrics_2013.csv
DOFA,GFM,F,RGB+NIR,in-domain-seg,seg-2013,before,16,0.1369198262691497,0.2408610135316848,0.2340587079524994,0.2480705082416534,model_output/dofa-base-rgb-nir-phaseF/classification_metrics_2013.csv
DOFA,GFM,F,RGB+NIR,in-domain-seg,seg-2013,before,17,0.0133641976863145,0.0263759009540081,0.0281996615231037,0.0247737094759941,model_output/dofa-base-rgb-nir-phaseF/classification_metrics_2013.csv
DOFA,GFM,F,RGB+NIR,in-domain-seg,seg-2013,before,18,0.2288047820329666,0.3724021911621094,0.3222461342811584,0.4410494267940521,model_output/dofa-base-rgb-nir-phaseF/classification_metrics_2013.csv
DOFA,GFM,F,RGB+NIR,in-domain-seg,seg-2013,before,19,0.3104313313961029,0.4737849831581116,0.3977008163928985,0.5858672261238098,model_output/dofa-base-rgb-nir-phaseF/classification_metrics_2013.csv
DOFA,GFM,F,RGB+NIR,in-domain-seg,seg-2013,before,20,0.6384193301200867,0.7793112993240356,0.8438569903373718,0.7239380478858948,model_output/dofa-base-rgb-nir-phaseF/classification_metrics_2013.csv
DOFA,GFM,F,RGB+NIR,in-domain-seg,seg-2013,before,21,0.3654965758323669,0.5353313684463501,0.5847737193107605,0.4935978949069977,model_output/dofa-base-rgb-nir-phaseF/classification_metrics_2013.csv
DOFA,GFM,F,RGB+NIR,in-domain-seg,seg-2013,before,22,0.5172263979911804,0.6818051934242249,0.6276258230209351,0.7462222576141357,model_output/dofa-base-rgb-nir-phaseF/classification_metrics_2013.csv
DOFA,GFM,F,RGB+NIR,in-domain-seg,seg-2013,before,23,0.2841660976409912,0.4425690770149231,0.3440782725811004,0.6200576424598694,model_output/dofa-base-rgb-nir-phaseF/classification_metrics_2013.csv
DOFA,GFM,F,RGB+NIR,in-domain-seg,seg-2013,after,1,0.7930587530136108,0.8845875859260559,0.8756300806999207,0.8937302231788635,model_output/dofa-base-rgb-nir-phaseF/constraint_resolution_+_polygonfix_cc_updated/classification_metrics_2013_after_postprocessing.csv
DOFA,GFM,F,RGB+NIR,in-domain-seg,seg-2013,after,2,0.317972868680954,0.4825180768966675,0.3661550283432007,0.7072941660881042,model_output/dofa-base-rgb-nir-phaseF/constraint_resolution_+_polygonfix_cc_updated/classification_metrics_2013_after_postprocessing.csv
DOFA,GFM,F,RGB+NIR,in-domain-seg,seg-2013,after,3,0.3770624995231628,0.5476331114768982,0.7455412149429321,0.4327556788921356,model_output/dofa-base-rgb-nir-phaseF/constraint_resolution_+_polygonfix_cc_updated/classification_metrics_2013_after_postprocessing.csv
DOFA,GFM,F,RGB+NIR,in-domain-seg,seg-2013,after,4,0.5875692367553711,0.7402124404907227,0.7690754532814026,0.7134374976158142,model_output/dofa-base-rgb-nir-phaseF/constraint_resolution_+_polygonfix_cc_updated/classification_metrics_2013_after_postprocessing.csv
DOFA,GFM,F,RGB+NIR,in-domain-seg,seg-2013,after,5,0.797836184501648,0.8875515460968018,0.940969705581665,0.8398726582527161,model_output/dofa-base-rgb-nir-phaseF/constraint_resolution_+_polygonfix_cc_updated/classification_metrics_2013_after_postprocessing.csv
DOFA,GFM,F,RGB+NIR,in-domain-seg,seg-2013,after,6,0.2883549034595489,0.4476327002048492,0.4162297248840332,0.4841608703136444,model_output/dofa-base-rgb-nir-phaseF/constraint_resolution_+_polygonfix_cc_updated/classification_metrics_2013_after_postprocessing.csv
DOFA,GFM,F,RGB+NIR,in-domain-seg,seg-2013,after,7,0.3464251160621643,0.514585018157959,0.6539999842643738,0.424164742231369,model_output/dofa-base-rgb-nir-phaseF/constraint_resolution_+_polygonfix_cc_updated/classification_metrics_2013_after_postprocessing.csv
DOFA,GFM,F,RGB+NIR,in-domain-seg,seg-2013,after,8,0.2400837391614914,0.3872056901454925,0.4037722051143646,0.3719450235366821,model_output/dofa-base-rgb-nir-phaseF/constraint_resolution_+_polygonfix_cc_updated/classification_metrics_2013_after_postprocessing.csv
DOFA,GFM,F,RGB+NIR,in-domain-seg,seg-2013,after,9,0.597413182258606,0.7479758262634277,0.717930793762207,0.7806453108787537,model_output/dofa-base-rgb-nir-phaseF/constraint_resolution_+_polygonfix_cc_updated/classification_metrics_2013_after_postprocessing.csv
DOFA,GFM,F,RGB+NIR,in-domain-seg,seg-2013,after,10,0.2573333382606506,0.4093319177627563,0.3290385007858276,0.5414617657661438,model_output/dofa-base-rgb-nir-phaseF/constraint_resolution_+_polygonfix_cc_updated/classification_metrics_2013_after_postprocessing.csv
DOFA,GFM,F,RGB+NIR,in-domain-seg,seg-2013,after,11,0.6371417045593262,0.7783586382865906,0.7326435446739197,0.8301584124565125,model_output/dofa-base-rgb-nir-phaseF/constraint_resolution_+_polygonfix_cc_updated/classification_metrics_2013_after_postprocessing.csv
DOFA,GFM,F,RGB+NIR,in-domain-seg,seg-2013,after,12,0.5417675375938416,0.7027875185012817,0.8996546864509583,0.5766106843948364,model_output/dofa-base-rgb-nir-phaseF/constraint_resolution_+_polygonfix_cc_updated/classification_metrics_2013_after_postprocessing.csv
DOFA,GFM,F,RGB+NIR,in-domain-seg,seg-2013,after,13,0.326161652803421,0.4918882250785827,0.4445701539516449,0.5504787564277649,model_output/dofa-base-rgb-nir-phaseF/constraint_resolution_+_polygonfix_cc_updated/classification_metrics_2013_after_postprocessing.csv
DOFA,GFM,F,RGB+NIR,in-domain-seg,seg-2013,after,14,0.4839037954807281,0.6522037386894226,0.7880058884620667,0.5563280582427979,model_output/dofa-base-rgb-nir-phaseF/constraint_resolution_+_polygonfix_cc_updated/classification_metrics_2013_after_postprocessing.csv
DOFA,GFM,F,RGB+NIR,in-domain-seg,seg-2013,after,15,0.7368935346603394,0.848518967628479,0.8163123726844788,0.883371114730835,model_output/dofa-base-rgb-nir-phaseF/constraint_resolution_+_polygonfix_cc_updated/classification_metrics_2013_after_postprocessing.csv
DOFA,GFM,F,RGB+NIR,in-domain-seg,seg-2013,after,16,0.4631156325340271,0.6330540776252747,0.5364754796028137,0.7720399498939514,model_output/dofa-base-rgb-nir-phaseF/constraint_resolution_+_polygonfix_cc_updated/classification_metrics_2013_after_postprocessing.csv
DOFA,GFM,F,RGB+NIR,in-domain-seg,seg-2013,after,17,0.227356731891632,0.3704819083213806,0.4621259272098541,0.3091704249382019,model_output/dofa-base-rgb-nir-phaseF/constraint_resolution_+_polygonfix_cc_updated/classification_metrics_2013_after_postprocessing.csv
DOFA,GFM,F,RGB+NIR,in-domain-seg,seg-2013,after,18,0.2732363939285278,0.4291997849941253,0.2780498564243316,0.9404179453849792,model_output/dofa-base-rgb-nir-phaseF/constraint_resolution_+_polygonfix_cc_updated/classification_metrics_2013_after_postprocessing.csv
DOFA,GFM,F,RGB+NIR,in-domain-seg,seg-2013,after,19,0.4330013990402221,0.604327917098999,0.4762212932109833,0.8267213702201843,model_output/dofa-base-rgb-nir-phaseF/constraint_resolution_+_polygonfix_cc_updated/classification_metrics_2013_after_postprocessing.csv
DOFA,GFM,F,RGB+NIR,in-domain-seg,seg-2013,after,20,0.8449470400810242,0.915958046913147,0.9302696585655212,0.9020799994468688,model_output/dofa-base-rgb-nir-phaseF/constraint_resolution_+_polygonfix_cc_updated/classification_metrics_2013_after_postprocessing.csv
DOFA,GFM,F,RGB+NIR,in-domain-seg,seg-2013,after,21,0.5426108837127686,0.7034967541694641,0.8635198473930359,0.5935103893280029,model_output/dofa-base-rgb-nir-phaseF/constraint_resolution_+_polygonfix_cc_updated/classification_metrics_2013_after_postprocessing.csv
DOFA,GFM,F,RGB+NIR,in-domain-seg,seg-2013,after,22,0.7821556925773621,0.8777635097503662,0.8181542754173279,0.94674152135849,model_output/dofa-base-rgb-nir-phaseF/constraint_resolution_+_polygonfix_cc_updated/classification_metrics_2013_after_postprocessing.csv
DOFA,GFM,F,RGB+NIR,in-domain-seg,seg-2013,after,23,0.5171281099319458,0.6817197799682617,0.6527948379516602,0.7133268713951111,model_output/dofa-base-rgb-nir-phaseF/constraint_resolution_+_polygonfix_cc_updated/classification_metrics_2013_after_postprocessing.csv
DOFA,GFM,F,RGB+NIR,cross-temporal-seg,seg-2020,before,1,0.3031902909278869,0.4653047025203705,0.4172008633613586,0.525947093963623,model_output/dofa-base-rgb-nir-phaseF/classification_metrics_2020.csv
DOFA,GFM,F,RGB+NIR,cross-temporal-seg,seg-2020,before,2,0.1769209653139114,0.3006505370140075,0.1986757516860962,0.6176978945732117,model_output/dofa-base-rgb-nir-phaseF/classification_metrics_2020.csv
DOFA,GFM,F,RGB+NIR,cross-temporal-seg,seg-2020,before,3,0.2557947933673858,0.4073831140995025,0.4147379100322723,0.4002846181392669,model_output/dofa-base-rgb-nir-phaseF/classification_metrics_2020.csv
DOFA,GFM,F,RGB+NIR,cross-temporal-seg,seg-2020,before,4,0.3003980815410614,0.4620094001293182,0.4948291480541229,0.4332724511623382,model_output/dofa-base-rgb-nir-phaseF/classification_metrics_2020.csv
DOFA,GFM,F,RGB+NIR,cross-temporal-seg,seg-2020,before,5,0.4278635382652282,0.5993059277534485,0.6625264883041382,0.547099769115448,model_output/dofa-base-rgb-nir-phaseF/classification_metrics_2020.csv
DOFA,GFM,F,RGB+NIR,cross-temporal-seg,seg-2020,before,6,0.07924335449934,0.1468498408794403,0.0925750806927681,0.3549482226371765,model_output/dofa-base-rgb-nir-phaseF/classification_metrics_2020.csv
DOFA,GFM,F,RGB+NIR,cross-temporal-seg,seg-2020,before,7,0.1675105690956115,0.2869534194469452,0.1963557302951812,0.5327723026275635,model_output/dofa-base-rgb-nir-phaseF/classification_metrics_2020.csv
DOFA,GFM,F,RGB+NIR,cross-temporal-seg,seg-2020,before,8,0.0686792209744453,0.1285310238599777,0.1934094578027725,0.0962457582354545,model_output/dofa-base-rgb-nir-phaseF/classification_metrics_2020.csv
DOFA,GFM,F,RGB+NIR,cross-temporal-seg,seg-2020,before,9,0.2004272937774658,0.3339265584945678,0.2264875769615173,0.6352887749671936,model_output/dofa-base-rgb-nir-phaseF/classification_metrics_2020.csv
DOFA,GFM,F,RGB+NIR,cross-temporal-seg,seg-2020,before,10,0.1063002720475196,0.1921725571155548,0.1461218744516372,0.2806063890457153,model_output/dofa-base-rgb-nir-phaseF/classification_metrics_2020.csv
DOFA,GFM,F,RGB+NIR,cross-temporal-seg,seg-2020,before,11,0.0790823176503181,0.1465732902288437,0.3277305960655212,0.0943951532244682,model_output/dofa-base-rgb-nir-phaseF/classification_metrics_2020.csv
DOFA,GFM,F,RGB+NIR,cross-temporal-seg,seg-2020,before,12,0.1197092905640602,0.213822066783905,0.2233432978391647,0.205079436302185,model_output/dofa-base-rgb-nir-phaseF/classification_metrics_2020.csv
DOFA,GFM,F,RGB+NIR,cross-temporal-seg,seg-2020,before,13,0.0769888758659362,0.1429706066846847,0.1383593827486038,0.1478997766971588,model_output/dofa-base-rgb-nir-phaseF/classification_metrics_2020.csv
DOFA,GFM,F,RGB+NIR,cross-temporal-seg,seg-2020,before,14,0.1095742508769035,0.197506844997406,0.1916179656982422,0.2037691473960876,model_output/dofa-base-rgb-nir-phaseF/classification_metrics_2020.csv
DOFA,GFM,F,RGB+NIR,cross-temporal-seg,seg-2020,before,15,0.0744881406426429,0.1386486142873764,0.582571268081665,0.0786879435181617,model_output/dofa-base-rgb-nir-phaseF/classification_metrics_2020.csv
DOFA,GFM,F,RGB+NIR,cross-temporal-seg,seg-2020,before,16,0.1075781881809234,0.1942584216594696,0.2041797190904617,0.1852566003799438,model_output/dofa-base-rgb-nir-phaseF/classification_metrics_2020.csv
DOFA,GFM,F,RGB+NIR,cross-temporal-seg,seg-2020,before,17,0.0004151283064857,0.0008299120818264,0.0042824572883546,0.0004594779456965,model_output/dofa-base-rgb-nir-phaseF/classification_metrics_2020.csv
DOFA,GFM,F,RGB+NIR,cross-temporal-seg,seg-2020,before,18,0.2097789496183395,0.3468054234981537,0.3374437391757965,0.3567013740539551,model_output/dofa-base-rgb-nir-phaseF/classification_metrics_2020.csv
DOFA,GFM,F,RGB+NIR,cross-temporal-seg,seg-2020,before,19,0.2257915586233139,0.3684012591838836,0.4565545916557312,0.3087806701660156,model_output/dofa-base-rgb-nir-phaseF/classification_metrics_2020.csv
DOFA,GFM,F,RGB+NIR,cross-temporal-seg,seg-2020,before,20,0.2880059778690338,0.4472121596336365,0.8164898753166199,0.3079391121864319,model_output/dofa-base-rgb-nir-phaseF/classification_metrics_2020.csv
DOFA,GFM,F,RGB+NIR,cross-temporal-seg,seg-2020,before,21,0.2583240270614624,0.4105842709541321,0.5584667325019836,0.3246236741542816,model_output/dofa-base-rgb-nir-phaseF/classification_metrics_2020.csv
DOFA,GFM,F,RGB+NIR,cross-temporal-seg,seg-2020,before,22,0.1125023290514946,0.2022509574890136,0.1392854005098343,0.3691125214099884,model_output/dofa-base-rgb-nir-phaseF/classification_metrics_2020.csv
DOFA,GFM,F,RGB+NIR,cross-temporal-seg,seg-2020,before,23,0.321917176246643,0.4870459139347076,0.3837523460388183,0.6664260029792786,model_output/dofa-base-rgb-nir-phaseF/classification_metrics_2020.csv
DOFA,GFM,F,RGB+NIR,cross-temporal-seg,seg-2020,after,1,0.5606837272644043,0.7185103893280029,0.8704133629798889,0.611748993396759,model_output/dofa-base-rgb-nir-phaseF/constraint_resolution_+_polygonfix_cc_updated/classification_metrics_2020_after_postprocessing.csv
DOFA,GFM,F,RGB+NIR,cross-temporal-seg,seg-2020,after,2,0.317020982503891,0.4814213216304779,0.3316763341426849,0.877672016620636,model_output/dofa-base-rgb-nir-phaseF/constraint_resolution_+_polygonfix_cc_updated/classification_metrics_2020_after_postprocessing.csv
DOFA,GFM,F,RGB+NIR,cross-temporal-seg,seg-2020,after,3,0.4763615131378174,0.6453182697296143,0.6497723460197449,0.6409248113632202,model_output/dofa-base-rgb-nir-phaseF/constraint_resolution_+_polygonfix_cc_updated/classification_metrics_2020_after_postprocessing.csv
DOFA,GFM,F,RGB+NIR,cross-temporal-seg,seg-2020,after,4,0.4180075526237488,0.5895702838897705,0.6403519511222839,0.5462510585784912,model_output/dofa-base-rgb-nir-phaseF/constraint_resolution_+_polygonfix_cc_updated/classification_metrics_2020_after_postprocessing.csv
DOFA,GFM,F,RGB+NIR,cross-temporal-seg,seg-2020,after,5,0.658123791217804,0.793817400932312,0.7706315517425537,0.8184417486190796,model_output/dofa-base-rgb-nir-phaseF/constraint_resolution_+_polygonfix_cc_updated/classification_metrics_2020_after_postprocessing.csv
DOFA,GFM,F,RGB+NIR,cross-temporal-seg,seg-2020,after,6,0.1653576791286468,0.2837887108325958,0.2254578471183776,0.3828370273113251,model_output/dofa-base-rgb-nir-phaseF/constraint_resolution_+_polygonfix_cc_updated/classification_metrics_2020_after_postprocessing.csv
DOFA,GFM,F,RGB+NIR,cross-temporal-seg,seg-2020,after,7,0.2782919704914093,0.4354122281074524,0.3424905240535736,0.5975287556648254,model_output/dofa-base-rgb-nir-phaseF/constraint_resolution_+_polygonfix_cc_updated/classification_metrics_2020_after_postprocessing.csv
DOFA,GFM,F,RGB+NIR,cross-temporal-seg,seg-2020,after,8,0.1701354384422302,0.290796160697937,0.518800675868988,0.2020141929388046,model_output/dofa-base-rgb-nir-phaseF/constraint_resolution_+_polygonfix_cc_updated/classification_metrics_2020_after_postprocessing.csv
DOFA,GFM,F,RGB+NIR,cross-temporal-seg,seg-2020,after,9,0.3078518509864807,0.4707747995853424,0.3341961801052093,0.7961394190788269,model_output/dofa-base-rgb-nir-phaseF/constraint_resolution_+_polygonfix_cc_updated/classification_metrics_2020_after_postprocessing.csv
DOFA,GFM,F,RGB+NIR,cross-temporal-seg,seg-2020,after,10,0.2629483938217163,0.4164040088653564,0.3691931664943695,0.4774594008922577,model_output/dofa-base-rgb-nir-phaseF/constraint_resolution_+_polygonfix_cc_updated/classification_metrics_2020_after_postprocessing.csv
DOFA,GFM,F,RGB+NIR,cross-temporal-seg,seg-2020,after,11,0.2326666712760925,0.3775013387203216,0.6917568445205688,0.2595784664154053,model_output/dofa-base-rgb-nir-phaseF/constraint_resolution_+_polygonfix_cc_updated/classification_metrics_2020_after_postprocessing.csv
DOFA,GFM,F,RGB+NIR,cross-temporal-seg,seg-2020,after,12,0.2599267065525055,0.4126061201095581,0.3520013988018036,0.4984199106693268,model_output/dofa-base-rgb-nir-phaseF/constraint_resolution_+_polygonfix_cc_updated/classification_metrics_2020_after_postprocessing.csv
DOFA,GFM,F,RGB+NIR,cross-temporal-seg,seg-2020,after,13,0.2131922990083694,0.351456731557846,0.3856081664562225,0.3228623867034912,model_output/dofa-base-rgb-nir-phaseF/constraint_resolution_+_polygonfix_cc_updated/classification_metrics_2020_after_postprocessing.csv
DOFA,GFM,F,RGB+NIR,cross-temporal-seg,seg-2020,after,14,0.2420302927494049,0.3897333145141601,0.3277724385261535,0.4805804193019867,model_output/dofa-base-rgb-nir-phaseF/constraint_resolution_+_polygonfix_cc_updated/classification_metrics_2020_after_postprocessing.csv
DOFA,GFM,F,RGB+NIR,cross-temporal-seg,seg-2020,after,15,0.2104912400245666,0.3477782309055328,0.6293768286705017,0.2402738034725189,model_output/dofa-base-rgb-nir-phaseF/constraint_resolution_+_polygonfix_cc_updated/classification_metrics_2020_after_postprocessing.csv
DOFA,GFM,F,RGB+NIR,cross-temporal-seg,seg-2020,after,16,0.1850235015153885,0.312269777059555,0.2527486979961395,0.4084601700305938,model_output/dofa-base-rgb-nir-phaseF/constraint_resolution_+_polygonfix_cc_updated/classification_metrics_2020_after_postprocessing.csv
DOFA,GFM,F,RGB+NIR,cross-temporal-seg,seg-2020,after,17,0.0766205862164497,0.1423353552818298,0.3354614675045013,0.090331345796585,model_output/dofa-base-rgb-nir-phaseF/constraint_resolution_+_polygonfix_cc_updated/classification_metrics_2020_after_postprocessing.csv
DOFA,GFM,F,RGB+NIR,cross-temporal-seg,seg-2020,after,18,0.3984304964542389,0.5698252320289612,0.5201653838157654,0.6299679279327393,model_output/dofa-base-rgb-nir-phaseF/constraint_resolution_+_polygonfix_cc_updated/classification_metrics_2020_after_postprocessing.csv
DOFA,GFM,F,RGB+NIR,cross-temporal-seg,seg-2020,after,19,0.2644160389900207,0.4182421565055847,0.5173413753509521,0.3510054051876068,model_output/dofa-base-rgb-nir-phaseF/constraint_resolution_+_polygonfix_cc_updated/classification_metrics_2020_after_postprocessing.csv
DOFA,GFM,F,RGB+NIR,cross-temporal-seg,seg-2020,after,20,0.3601288497447967,0.529551088809967,0.9156534671783448,0.3724855780601501,model_output/dofa-base-rgb-nir-phaseF/constraint_resolution_+_polygonfix_cc_updated/classification_metrics_2020_after_postprocessing.csv
DOFA,GFM,F,RGB+NIR,cross-temporal-seg,seg-2020,after,21,0.3245598971843719,0.4900645613670349,0.6952948570251465,0.3783784508705139,model_output/dofa-base-rgb-nir-phaseF/constraint_resolution_+_polygonfix_cc_updated/classification_metrics_2020_after_postprocessing.csv
DOFA,GFM,F,RGB+NIR,cross-temporal-seg,seg-2020,after,22,0.145620122551918,0.2542206048965454,0.1770837604999542,0.450422465801239,model_output/dofa-base-rgb-nir-phaseF/constraint_resolution_+_polygonfix_cc_updated/classification_metrics_2020_after_postprocessing.csv
DOFA,GFM,F,RGB+NIR,cross-temporal-seg,seg-2020,after,23,0.5421536564826965,0.7031123638153076,0.6310028433799744,0.7938292622566223,model_output/dofa-base-rgb-nir-phaseF/constraint_resolution_+_polygonfix_cc_updated/classification_metrics_2020_after_postprocessing.csv
DOFA,GFM,F,RGB+NIR,cross-temporal,change-binary,before,0,0.2887763977050781,0.448140412569046,0.5992467999458313,0.357893705368042,model_output/dofa-base-rgb-nir-phaseF/change_metrics_binary_2013-2020.csv
DOFA,GFM,F,RGB+NIR,cross-temporal,change-binary,before,1,0.3416050672531128,0.5092483162879944,0.4159714877605438,0.6564496755599976,model_output/dofa-base-rgb-nir-phaseF/change_metrics_binary_2013-2020.csv
DOFA,GFM,F,RGB+NIR,cross-temporal,change-binary,after,0,0.4447510838508606,0.6156785488128662,0.6205534338951111,0.61087965965271,model_output/dofa-base-rgb-nir-phaseF/constraint_resolution_+_polygonfix_cc_updated/change_metrics_binary_2013-2020_after_postprocessing.csv
DOFA,GFM,F,RGB+NIR,cross-temporal,change-binary,after,1,0.2963740527629852,0.4572353959083557,0.4522183537483215,0.4623650014400482,model_output/dofa-base-rgb-nir-phaseF/constraint_resolution_+_polygonfix_cc_updated/change_metrics_binary_2013-2020_after_postprocessing.csv
DOFA,GFM,F,RGB+NIR,cross-temporal,change-multiclass,before,0,0.2887763381004333,0.448140412569046,0.5992467999458313,0.357893705368042,model_output/dofa-base-rgb-nir-phaseF/change_metrics_multiclass_2013-2020.csv
DOFA,GFM,F,RGB+NIR,cross-temporal,change-multiclass,before,1,0.0828527212142944,0.1530267745256424,0.4329173266887665,0.092939406633377,model_output/dofa-base-rgb-nir-phaseF/change_metrics_multiclass_2013-2020.csv
DOFA,GFM,F,RGB+NIR,cross-temporal,change-multiclass,before,2,0.0636869147419929,0.1197474747896194,0.5607713460922241,0.0670306161046028,model_output/dofa-base-rgb-nir-phaseF/change_metrics_multiclass_2013-2020.csv
DOFA,GFM,F,RGB+NIR,cross-temporal,change-multiclass,before,3,0.0285343695431947,0.0554854981601238,0.0301838815212249,0.343030720949173,model_output/dofa-base-rgb-nir-phaseF/change_metrics_multiclass_2013-2020.csv
DOFA,GFM,F,RGB+NIR,cross-temporal,change-multiclass,before,4,0.1942605525255203,0.3253235816955566,0.4887584149837494,0.2437998801469802,model_output/dofa-base-rgb-nir-phaseF/change_metrics_multiclass_2013-2020.csv
DOFA,GFM,F,RGB+NIR,cross-temporal,change-multiclass,before,5,0.0846955105662345,0.1561645865440368,0.0969828218221664,0.400657594203949,model_output/dofa-base-rgb-nir-phaseF/change_metrics_multiclass_2013-2020.csv
DOFA,GFM,F,RGB+NIR,cross-temporal,change-multiclass,before,6,0.1319768577814102,0.233179435133934,0.1376692205667495,0.7614418268203735,model_output/dofa-base-rgb-nir-phaseF/change_metrics_multiclass_2013-2020.csv
DOFA,GFM,F,RGB+NIR,cross-temporal,change-multiclass,before,7,0.1410081386566162,0.2471641302108764,0.213508129119873,0.2934163212776184,model_output/dofa-base-rgb-nir-phaseF/change_metrics_multiclass_2013-2020.csv
DOFA,GFM,F,RGB+NIR,cross-temporal,change-multiclass,before,8,0.089682251214981,0.1646025627851486,0.0947773307561874,0.6252219676971436,model_output/dofa-base-rgb-nir-phaseF/change_metrics_multiclass_2013-2020.csv
DOFA,GFM,F,RGB+NIR,cross-temporal,change-multiclass,after,0,0.4447510838508606,0.6156785488128662,0.6205534338951111,0.61087965965271,model_output/dofa-base-rgb-nir-phaseF/constraint_resolution_+_polygonfix_cc_updated/change_metrics_multiclass_2013-2020_after_postprocessing.csv
DOFA,GFM,F,RGB+NIR,cross-temporal,change-multiclass,after,1,0.2429083436727523,0.3908708989620209,0.6923830509185791,0.272294670343399,model_output/dofa-base-rgb-nir-phaseF/constraint_resolution_+_polygonfix_cc_updated/change_metrics_multiclass_2013-2020_after_postprocessing.csv
DOFA,GFM,F,RGB+NIR,cross-temporal,change-multiclass,after,2,0.1621864736080169,0.2791057527065277,0.4168612658977508,0.2097815871238708,model_output/dofa-base-rgb-nir-phaseF/constraint_resolution_+_polygonfix_cc_updated/change_metrics_multiclass_2013-2020_after_postprocessing.csv
DOFA,GFM,F,RGB+NIR,cross-temporal,change-multiclass,after,3,0.2169126868247985,0.3564967215061188,0.5806154012680054,0.2572122812271118,model_output/dofa-base-rgb-nir-phaseF/constraint_resolution_+_polygonfix_cc_updated/change_metrics_multiclass_2013-2020_after_postprocessing.csv
DOFA,GFM,F,RGB+NIR,cross-temporal,change-multiclass,after,4,0.1893840283155441,0.3184572756290436,0.4978536665439605,0.2341013550758361,model_output/dofa-base-rgb-nir-phaseF/constraint_resolution_+_polygonfix_cc_updated/change_metrics_multiclass_2013-2020_after_postprocessing.csv
DOFA,GFM,F,RGB+NIR,cross-temporal,change-multiclass,after,5,0.0857613980770111,0.1579746603965759,0.0865052789449691,0.9088677763938904,model_output/dofa-base-rgb-nir-phaseF/constraint_resolution_+_polygonfix_cc_updated/change_metrics_multiclass_2013-2020_after_postprocessing.csv
DOFA,GFM,F,RGB+NIR,cross-temporal,change-multiclass,after,6,0.1605159789323806,0.2766286432743072,0.168393850326538,0.7743232846260071,model_output/dofa-base-rgb-nir-phaseF/constraint_resolution_+_polygonfix_cc_updated/change_metrics_multiclass_2013-2020_after_postprocessing.csv
DOFA,GFM,F,RGB+NIR,cross-temporal,change-multiclass,after,7,0.1632633507251739,0.2806988656520843,0.2540779113769531,0.3135510683059692,model_output/dofa-base-rgb-nir-phaseF/constraint_resolution_+_polygonfix_cc_updated/change_metrics_multiclass_2013-2020_after_postprocessing.csv
DOFA,GFM,F,RGB+NIR,cross-temporal,change-multiclass,after,8,0.1248830929398536,0.2220374643802642,0.1350340843200683,0.6242385506629944,model_output/dofa-base-rgb-nir-phaseF/constraint_resolution_+_polygonfix_cc_updated/change_metrics_multiclass_2013-2020_after_postprocessing.csv
DOFA,GFM,E,RGB+NIR+nDSM,in-domain-seg,seg-2013,before,1,0.5435694456100464,0.7043018937110901,0.624399721622467,0.8076545596122742,model_output/dofa-base-rgb-nir-ndsm-phaseE/classification_metrics_2013.csv
DOFA,GFM,E,RGB+NIR+nDSM,in-domain-seg,seg-2013,before,2,0.2268335074186325,0.3697869479656219,0.2650834321975708,0.6112010478973389,model_output/dofa-base-rgb-nir-ndsm-phaseE/classification_metrics_2013.csv
DOFA,GFM,E,RGB+NIR+nDSM,in-domain-seg,seg-2013,before,3,0.2376449853181839,0.3840277194976806,0.3494476079940796,0.4262032508850097,model_output/dofa-base-rgb-nir-ndsm-phaseE/classification_metrics_2013.csv
DOFA,GFM,E,RGB+NIR+nDSM,in-domain-seg,seg-2013,before,4,0.4208682179450989,0.5924099087715149,0.6216896772384644,0.5657641291618347,model_output/dofa-base-rgb-nir-ndsm-phaseE/classification_metrics_2013.csv
DOFA,GFM,E,RGB+NIR+nDSM,in-domain-seg,seg-2013,before,5,0.4317119121551513,0.6030709147453308,0.8316152691841125,0.4730636775493622,model_output/dofa-base-rgb-nir-ndsm-phaseE/classification_metrics_2013.csv
DOFA,GFM,E,RGB+NIR+nDSM,in-domain-seg,seg-2013,before,6,0.2048752009868621,0.3400770425796509,0.3303784132003784,0.3503623306751251,model_output/dofa-base-rgb-nir-ndsm-phaseE/classification_metrics_2013.csv
DOFA,GFM,E,RGB+NIR+nDSM,in-domain-seg,seg-2013,before,7,0.3757257163524627,0.5462218523025513,0.5322989821434021,0.5608925819396973,model_output/dofa-base-rgb-nir-ndsm-phaseE/classification_metrics_2013.csv
DOFA,GFM,E,RGB+NIR+nDSM,in-domain-seg,seg-2013,before,8,0.1162678152322769,0.2083152681589126,0.1560513228178024,0.3132160604000091,model_output/dofa-base-rgb-nir-ndsm-phaseE/classification_metrics_2013.csv
DOFA,GFM,E,RGB+NIR+nDSM,in-domain-seg,seg-2013,before,9,0.4085217416286468,0.5800716280937195,0.5551061034202576,0.6073886752128601,model_output/dofa-base-rgb-nir-ndsm-phaseE/classification_metrics_2013.csv
DOFA,GFM,E,RGB+NIR+nDSM,in-domain-seg,seg-2013,before,10,0.1803375035524368,0.3055694103240967,0.2346617579460144,0.4378849267959595,model_output/dofa-base-rgb-nir-ndsm-phaseE/classification_metrics_2013.csv
DOFA,GFM,E,RGB+NIR+nDSM,in-domain-seg,seg-2013,before,11,0.1781556606292724,0.3024314641952514,0.3021426796913147,0.3027208149433136,model_output/dofa-base-rgb-nir-ndsm-phaseE/classification_metrics_2013.csv
DOFA,GFM,E,RGB+NIR+nDSM,in-domain-seg,seg-2013,before,12,0.328290045261383,0.494304746389389,0.5905787348747253,0.42501962184906,model_output/dofa-base-rgb-nir-ndsm-phaseE/classification_metrics_2013.csv
DOFA,GFM,E,RGB+NIR+nDSM,in-domain-seg,seg-2013,before,13,0.0984173715114593,0.1791984885931015,0.131704568862915,0.2802645564079284,model_output/dofa-base-rgb-nir-ndsm-phaseE/classification_metrics_2013.csv
DOFA,GFM,E,RGB+NIR+nDSM,in-domain-seg,seg-2013,before,14,0.1304060667753219,0.2307242751121521,0.3615565598011017,0.1694187074899673,model_output/dofa-base-rgb-nir-ndsm-phaseE/classification_metrics_2013.csv
DOFA,GFM,E,RGB+NIR+nDSM,in-domain-seg,seg-2013,before,15,0.2977350056171417,0.4588533341884613,0.4972746074199676,0.4259433150291443,model_output/dofa-base-rgb-nir-ndsm-phaseE/classification_metrics_2013.csv
DOFA,GFM,E,RGB+NIR+nDSM,in-domain-seg,seg-2013,before,16,0.1558970510959625,0.2697421014308929,0.2329303324222564,0.3203731179237366,model_output/dofa-base-rgb-nir-ndsm-phaseE/classification_metrics_2013.csv
DOFA,GFM,E,RGB+NIR+nDSM,in-domain-seg,seg-2013,before,17,0.0879420265555381,0.1616667509078979,0.1073751598596572,0.3270125389099121,model_output/dofa-base-rgb-nir-ndsm-phaseE/classification_metrics_2013.csv
DOFA,GFM,E,RGB+NIR+nDSM,in-domain-seg,seg-2013,before,18,0.2168984562158584,0.3564774990081787,0.2925203740596771,0.4562277793884277,model_output/dofa-base-rgb-nir-ndsm-phaseE/classification_metrics_2013.csv
DOFA,GFM,E,RGB+NIR+nDSM,in-domain-seg,seg-2013,before,19,0.377792626619339,0.5484026670455933,0.4670030772686004,0.6641687154769897,model_output/dofa-base-rgb-nir-ndsm-phaseE/classification_metrics_2013.csv
DOFA,GFM,E,RGB+NIR+nDSM,in-domain-seg,seg-2013,before,20,0.644580602645874,0.7838845252990723,0.8492971062660217,0.7278275489807129,model_output/dofa-base-rgb-nir-ndsm-phaseE/classification_metrics_2013.csv
DOFA,GFM,E,RGB+NIR+nDSM,in-domain-seg,seg-2013,before,21,0.4196442067623138,0.5911963582038879,0.5878536701202393,0.5945771932601929,model_output/dofa-base-rgb-nir-ndsm-phaseE/classification_metrics_2013.csv
DOFA,GFM,E,RGB+NIR+nDSM,in-domain-seg,seg-2013,before,22,0.5234442949295044,0.6871853470802307,0.6665821671485901,0.7091027498245239,model_output/dofa-base-rgb-nir-ndsm-phaseE/classification_metrics_2013.csv
DOFA,GFM,E,RGB+NIR+nDSM,in-domain-seg,seg-2013,before,23,0.3267632126808166,0.4925720393657684,0.406319260597229,0.6253123879432678,model_output/dofa-base-rgb-nir-ndsm-phaseE/classification_metrics_2013.csv
DOFA,GFM,E,RGB+NIR+nDSM,in-domain-seg,seg-2013,after,1,0.7575367093086243,0.8620436787605286,0.8132642507553101,0.9170480370521544,model_output/dofa-base-rgb-nir-ndsm-phaseE/constraint_resolution_+_polygonfix_cc_updated/classification_metrics_2013_after_postprocessing.csv
DOFA,GFM,E,RGB+NIR+nDSM,in-domain-seg,seg-2013,after,2,0.2217244356870651,0.3629696369171142,0.2856011688709259,0.4978302419185638,model_output/dofa-base-rgb-nir-ndsm-phaseE/constraint_resolution_+_polygonfix_cc_updated/classification_metrics_2013_after_postprocessing.csv
DOFA,GFM,E,RGB+NIR+nDSM,in-domain-seg,seg-2013,after,3,0.4138462841510772,0.5854190587997437,0.742218554019928,0.4833149909973144,model_output/dofa-base-rgb-nir-ndsm-phaseE/constraint_resolution_+_polygonfix_cc_updated/classification_metrics_2013_after_postprocessing.csv
DOFA,GFM,E,RGB+NIR+nDSM,in-domain-seg,seg-2013,after,4,0.5832313895225525,0.7367607951164246,0.7517746090888977,0.7223348617553711,model_output/dofa-base-rgb-nir-ndsm-phaseE/constraint_resolution_+_polygonfix_cc_updated/classification_metrics_2013_after_postprocessing.csv
DOFA,GFM,E,RGB+NIR+nDSM,in-domain-seg,seg-2013,after,5,0.8293884992599487,0.906738579273224,0.9488755464553832,0.8681848049163818,model_output/dofa-base-rgb-nir-ndsm-phaseE/constraint_resolution_+_polygonfix_cc_updated/classification_metrics_2013_after_postprocessing.csv
DOFA,GFM,E,RGB+NIR+nDSM,in-domain-seg,seg-2013,after,6,0.3241156935691833,0.4895579516887665,0.4778583645820617,0.5018448233604431,model_output/dofa-base-rgb-nir-ndsm-phaseE/constraint_resolution_+_polygonfix_cc_updated/classification_metrics_2013_after_postprocessing.csv
DOFA,GFM,E,RGB+NIR+nDSM,in-domain-seg,seg-2013,after,7,0.3791838884353637,0.5498670935630798,0.6632063984870911,0.4696122109889984,model_output/dofa-base-rgb-nir-ndsm-phaseE/constraint_resolution_+_polygonfix_cc_updated/classification_metrics_2013_after_postprocessing.csv
DOFA,GFM,E,RGB+NIR+nDSM,in-domain-seg,seg-2013,after,8,0.2166282087564468,0.3561124205589294,0.3759229183197021,0.338285356760025,model_output/dofa-base-rgb-nir-ndsm-phaseE/constraint_resolution_+_polygonfix_cc_updated/classification_metrics_2013_after_postprocessing.csv
DOFA,GFM,E,RGB+NIR+nDSM,in-domain-seg,seg-2013,after,9,0.5977113246917725,0.7482092976570129,0.7616835832595825,0.7352035641670227,model_output/dofa-base-rgb-nir-ndsm-phaseE/constraint_resolution_+_polygonfix_cc_updated/classification_metrics_2013_after_postprocessing.csv
DOFA,GFM,E,RGB+NIR+nDSM,in-domain-seg,seg-2013,after,10,0.2876776456832886,0.4468162655830383,0.3604947030544281,0.5874933004379272,model_output/dofa-base-rgb-nir-ndsm-phaseE/constraint_resolution_+_polygonfix_cc_updated/classification_metrics_2013_after_postprocessing.csv
DOFA,GFM,E,RGB+NIR+nDSM,in-domain-seg,seg-2013,after,11,0.3888031542301178,0.5599111318588257,0.6619129180908203,0.4851489067077636,model_output/dofa-base-rgb-nir-ndsm-phaseE/constraint_resolution_+_polygonfix_cc_updated/classification_metrics_2013_after_postprocessing.csv
DOFA,GFM,E,RGB+NIR+nDSM,in-domain-seg,seg-2013,after,12,0.4607577621936798,0.6308476328849792,0.7547804713249207,0.5418735146522522,model_output/dofa-base-rgb-nir-ndsm-phaseE/constraint_resolution_+_polygonfix_cc_updated/classification_metrics_2013_after_postprocessing.csv
DOFA,GFM,E,RGB+NIR+nDSM,in-domain-seg,seg-2013,after,13,0.2195550054311752,0.3600575625896454,0.2936828434467315,0.4651955962181091,model_output/dofa-base-rgb-nir-ndsm-phaseE/constraint_resolution_+_polygonfix_cc_updated/classification_metrics_2013_after_postprocessing.csv
DOFA,GFM,E,RGB+NIR+nDSM,in-domain-seg,seg-2013,after,14,0.263791024684906,0.4174599051475525,0.7096315622329712,0.2957094609737396,model_output/dofa-base-rgb-nir-ndsm-phaseE/constraint_resolution_+_polygonfix_cc_updated/classification_metrics_2013_after_postprocessing.csv
DOFA,GFM,E,RGB+NIR+nDSM,in-domain-seg,seg-2013,after,15,0.5920336842536926,0.7437452077865601,0.6824985146522522,0.8170679807662964,model_output/dofa-base-rgb-nir-ndsm-phaseE/constraint_resolution_+_polygonfix_cc_updated/classification_metrics_2013_after_postprocessing.csv
DOFA,GFM,E,RGB+NIR+nDSM,in-domain-seg,seg-2013,after,16,0.4498357772827148,0.6205334067344666,0.5009567141532898,0.8150935769081116,model_output/dofa-base-rgb-nir-ndsm-phaseE/constraint_resolution_+_polygonfix_cc_updated/classification_metrics_2013_after_postprocessing.csv
DOFA,GFM,E,RGB+NIR+nDSM,in-domain-seg,seg-2013,after,17,0.1970202177762985,0.3291844427585602,0.2866311967372894,0.3865754306316376,model_output/dofa-base-rgb-nir-ndsm-phaseE/constraint_resolution_+_polygonfix_cc_updated/classification_metrics_2013_after_postprocessing.csv
DOFA,GFM,E,RGB+NIR+nDSM,in-domain-seg,seg-2013,after,18,0.213717520236969,0.3521701395511627,0.2162712961435318,0.9476416110992432,model_output/dofa-base-rgb-nir-ndsm-phaseE/constraint_resolution_+_polygonfix_cc_updated/classification_metrics_2013_after_postprocessing.csv
DOFA,GFM,E,RGB+NIR+nDSM,in-domain-seg,seg-2013,after,19,0.4932294487953186,0.6606211066246033,0.5724138021469116,0.7809656262397766,model_output/dofa-base-rgb-nir-ndsm-phaseE/constraint_resolution_+_polygonfix_cc_updated/classification_metrics_2013_after_postprocessing.csv
DOFA,GFM,E,RGB+NIR+nDSM,in-domain-seg,seg-2013,after,20,0.8425130844116211,0.9145259261131288,0.9376872777938844,0.8924813270568848,model_output/dofa-base-rgb-nir-ndsm-phaseE/constraint_resolution_+_polygonfix_cc_updated/classification_metrics_2013_after_postprocessing.csv
DOFA,GFM,E,RGB+NIR+nDSM,in-domain-seg,seg-2013,after,21,0.5559062957763672,0.7145755290985107,0.7718730568885803,0.6651967167854309,model_output/dofa-base-rgb-nir-ndsm-phaseE/constraint_resolution_+_polygonfix_cc_updated/classification_metrics_2013_after_postprocessing.csv
DOFA,GFM,E,RGB+NIR+nDSM,in-domain-seg,seg-2013,after,22,0.7698313593864441,0.8699488639831543,0.824452817440033,0.9207594394683838,model_output/dofa-base-rgb-nir-ndsm-phaseE/constraint_resolution_+_polygonfix_cc_updated/classification_metrics_2013_after_postprocessing.csv
DOFA,GFM,E,RGB+NIR+nDSM,in-domain-seg,seg-2013,after,23,0.6222392916679382,0.76713627576828,0.7598587870597839,0.7745544910430908,model_output/dofa-base-rgb-nir-ndsm-phaseE/constraint_resolution_+_polygonfix_cc_updated/classification_metrics_2013_after_postprocessing.csv
DOFA,GFM,E,RGB+NIR+nDSM,cross-temporal-seg,seg-2020,before,1,0.1042448878288269,0.1888075768947601,0.1093547865748405,0.6904889345169067,model_output/dofa-base-rgb-nir-ndsm-phaseE/classification_metrics_2020.csv
DOFA,GFM,E,RGB+NIR+nDSM,cross-temporal-seg,seg-2020,before,2,0.0645027682185173,0.121188536286354,0.0996000990271568,0.1547254621982574,model_output/dofa-base-rgb-nir-ndsm-phaseE/classification_metrics_2020.csv
DOFA,GFM,E,RGB+NIR+nDSM,cross-temporal-seg,seg-2020,before,3,0.2245540618896484,0.3667523860931396,0.3757330477237701,0.3581910133361816,model_output/dofa-base-rgb-nir-ndsm-phaseE/classification_metrics_2020.csv
DOFA,GFM,E,RGB+NIR+nDSM,cross-temporal-seg,seg-2020,before,4,0.2278290390968322,0.371108740568161,0.4135144054889679,0.3365914821624756,model_output/dofa-base-rgb-nir-ndsm-phaseE/classification_metrics_2020.csv
DOFA,GFM,E,RGB+NIR+nDSM,cross-temporal-seg,seg-2020,before,5,0.2155227363109588,0.3546173572540283,0.4951764941215515,0.276212602853775,model_output/dofa-base-rgb-nir-ndsm-phaseE/classification_metrics_2020.csv
DOFA,GFM,E,RGB+NIR+nDSM,cross-temporal-seg,seg-2020,before,6,0.1209011524915695,0.2157213389873504,0.1898296177387237,0.2497915476560592,model_output/dofa-base-rgb-nir-ndsm-phaseE/classification_metrics_2020.csv
DOFA,GFM,E,RGB+NIR+nDSM,cross-temporal-seg,seg-2020,before,7,0.4064981341361999,0.578028678894043,0.5141432881355286,0.660042941570282,model_output/dofa-base-rgb-nir-ndsm-phaseE/classification_metrics_2020.csv
DOFA,GFM,E,RGB+NIR+nDSM,cross-temporal-seg,seg-2020,before,8,0.2225457727909088,0.3640694320201874,0.2873610556125641,0.4966440200805664,model_output/dofa-base-rgb-nir-ndsm-phaseE/classification_metrics_2020.csv
DOFA,GFM,E,RGB+NIR+nDSM,cross-temporal-seg,seg-2020,before,9,0.2505709230899811,0.4007304608821869,0.3725475668907165,0.4335263669490814,model_output/dofa-base-rgb-nir-ndsm-phaseE/classification_metrics_2020.csv
DOFA,GFM,E,RGB+NIR+nDSM,cross-temporal-seg,seg-2020,before,10,0.2213471233844757,0.3624639213085174,0.3224422931671142,0.4138284027576446,model_output/dofa-base-rgb-nir-ndsm-phaseE/classification_metrics_2020.csv
DOFA,GFM,E,RGB+NIR+nDSM,cross-temporal-seg,seg-2020,before,11,0.1841110587120056,0.3109692335128784,0.4581456184387207,0.2353610098361969,model_output/dofa-base-rgb-nir-ndsm-phaseE/classification_metrics_2020.csv
DOFA,GFM,E,RGB+NIR+nDSM,cross-temporal-seg,seg-2020,before,12,0.2482665330171585,0.3977780342102051,0.4954454004764557,0.332276314496994,model_output/dofa-base-rgb-nir-ndsm-phaseE/classification_metrics_2020.csv
DOFA,GFM,E,RGB+NIR+nDSM,cross-temporal-seg,seg-2020,before,13,0.1403028517961502,0.2460799813270568,0.1953316181898117,0.3324534595012665,model_output/dofa-base-rgb-nir-ndsm-phaseE/classification_metrics_2020.csv
DOFA,GFM,E,RGB+NIR+nDSM,cross-temporal-seg,seg-2020,before,14,0.1676798313856125,0.2872017025947571,0.5135324597358704,0.1993441432714462,model_output/dofa-base-rgb-nir-ndsm-phaseE/classification_metrics_2020.csv
DOFA,GFM,E,RGB+NIR+nDSM,cross-temporal-seg,seg-2020,before,15,0.2685157060623169,0.4233542084693908,0.4354748129844665,0.4118899703025818,model_output/dofa-base-rgb-nir-ndsm-phaseE/classification_metrics_2020.csv
DOFA,GFM,E,RGB+NIR+nDSM,cross-temporal-seg,seg-2020,before,16,0.1171470433473587,0.2097253799438476,0.3424825072288513,0.1511390656232834,model_output/dofa-base-rgb-nir-ndsm-phaseE/classification_metrics_2020.csv
DOFA,GFM,E,RGB+NIR+nDSM,cross-temporal-seg,seg-2020,before,17,0.1561193913221359,0.2700748443603515,0.2273010164499282,0.332678884267807,model_output/dofa-base-rgb-nir-ndsm-phaseE/classification_metrics_2020.csv
DOFA,GFM,E,RGB+NIR+nDSM,cross-temporal-seg,seg-2020,before,18,0.3405015766620636,0.5080211758613586,0.4390055537223816,0.6027842164039612,model_output/dofa-base-rgb-nir-ndsm-phaseE/classification_metrics_2020.csv
DOFA,GFM,E,RGB+NIR+nDSM,cross-temporal-seg,seg-2020,before,19,0.299648642539978,0.4611226320266723,0.4289184808731079,0.4985551834106445,model_output/dofa-base-rgb-nir-ndsm-phaseE/classification_metrics_2020.csv
DOFA,GFM,E,RGB+NIR+nDSM,cross-temporal-seg,seg-2020,before,20,0.2930078208446502,0.4532189667224884,0.854414165019989,0.3084053993225097,model_output/dofa-base-rgb-nir-ndsm-phaseE/classification_metrics_2020.csv
DOFA,GFM,E,RGB+NIR+nDSM,cross-temporal-seg,seg-2020,before,21,0.304951548576355,0.4673760831356048,0.5360567569732666,0.4142957031726837,model_output/dofa-base-rgb-nir-ndsm-phaseE/classification_metrics_2020.csv
DOFA,GFM,E,RGB+NIR+nDSM,cross-temporal-seg,seg-2020,before,22,0.1399023085832595,0.2454636842012405,0.2108939737081527,0.2935887277126312,model_output/dofa-base-rgb-nir-ndsm-phaseE/classification_metrics_2020.csv
DOFA,GFM,E,RGB+NIR+nDSM,cross-temporal-seg,seg-2020,before,23,0.3096762597560882,0.4729050695896148,0.3902679979801178,0.599938690662384,model_output/dofa-base-rgb-nir-ndsm-phaseE/classification_metrics_2020.csv
DOFA,GFM,E,RGB+NIR+nDSM,cross-temporal-seg,seg-2020,after,1,0.1957884430885315,0.3274633586406708,0.2005865424871444,0.8911270499229431,model_output/dofa-base-rgb-nir-ndsm-phaseE/constraint_resolution_+_polygonfix_cc_updated/classification_metrics_2020_after_postprocessing.csv
DOFA,GFM,E,RGB+NIR+nDSM,cross-temporal-seg,seg-2020,after,2,0.0783450677990913,0.1453061252832412,0.1392372548580169,0.1519281417131424,model_output/dofa-base-rgb-nir-ndsm-phaseE/constraint_resolution_+_polygonfix_cc_updated/classification_metrics_2020_after_postprocessing.csv
DOFA,GFM,E,RGB+NIR+nDSM,cross-temporal-seg,seg-2020,after,3,0.4910483360290527,0.6586618423461914,0.6431814432144165,0.6749058961868286,model_output/dofa-base-rgb-nir-ndsm-phaseE/constraint_resolution_+_polygonfix_cc_updated/classification_metrics_2020_after_postprocessing.csv
DOFA,GFM,E,RGB+NIR+nDSM,cross-temporal-seg,seg-2020,after,4,0.3708870708942413,0.5410906076431274,0.614086389541626,0.4836050570011139,model_output/dofa-base-rgb-nir-ndsm-phaseE/constraint_resolution_+_polygonfix_cc_updated/classification_metrics_2020_after_postprocessing.csv
DOFA,GFM,E,RGB+NIR+nDSM,cross-temporal-seg,seg-2020,after,5,0.6021188497543335,0.7516531944274902,0.7472294569015503,0.7561295628547668,model_output/dofa-base-rgb-nir-ndsm-phaseE/constraint_resolution_+_polygonfix_cc_updated/classification_metrics_2020_after_postprocessing.csv
DOFA,GFM,E,RGB+NIR+nDSM,cross-temporal-seg,seg-2020,after,6,0.1971136480569839,0.3293148279190063,0.2958890199661255,0.3712545037269592,model_output/dofa-base-rgb-nir-ndsm-phaseE/constraint_resolution_+_polygonfix_cc_updated/classification_metrics_2020_after_postprocessing.csv
DOFA,GFM,E,RGB+NIR+nDSM,cross-temporal-seg,seg-2020,after,7,0.5122172236442566,0.6774387359619141,0.6240724921226501,0.7407854199409485,model_output/dofa-base-rgb-nir-ndsm-phaseE/constraint_resolution_+_polygonfix_cc_updated/classification_metrics_2020_after_postprocessing.csv
DOFA,GFM,E,RGB+NIR+nDSM,cross-temporal-seg,seg-2020,after,8,0.1364995837211609,0.2402105033397674,0.3937793672084808,0.1728149354457855,model_output/dofa-base-rgb-nir-ndsm-phaseE/constraint_resolution_+_polygonfix_cc_updated/classification_metrics_2020_after_postprocessing.csv
DOFA,GFM,E,RGB+NIR+nDSM,cross-temporal-seg,seg-2020,after,9,0.28592249751091,0.444696307182312,0.3300924897193908,0.6812000274658203,model_output/dofa-base-rgb-nir-ndsm-phaseE/constraint_resolution_+_polygonfix_cc_updated/classification_metrics_2020_after_postprocessing.csv
DOFA,GFM,E,RGB+NIR+nDSM,cross-temporal-seg,seg-2020,after,10,0.3508494198322296,0.5194501280784607,0.4931617379188537,0.5486989617347717,model_output/dofa-base-rgb-nir-ndsm-phaseE/constraint_resolution_+_polygonfix_cc_updated/classification_metrics_2020_after_postprocessing.csv
DOFA,GFM,E,RGB+NIR+nDSM,cross-temporal-seg,seg-2020,after,11,0.1454012989997863,0.2538871169090271,0.7271585464477539,0.1537916958332061,model_output/dofa-base-rgb-nir-ndsm-phaseE/constraint_resolution_+_polygonfix_cc_updated/classification_metrics_2020_after_postprocessing.csv
DOFA,GFM,E,RGB+NIR+nDSM,cross-temporal-seg,seg-2020,after,12,0.288839042186737,0.4482158422470093,0.3996112644672394,0.5102812051773071,model_output/dofa-base-rgb-nir-ndsm-phaseE/constraint_resolution_+_polygonfix_cc_updated/classification_metrics_2020_after_postprocessing.csv
DOFA,GFM,E,RGB+NIR+nDSM,cross-temporal-seg,seg-2020,after,13,0.20469830930233,0.3398333191871643,0.4540918469429016,0.2715147733688354,model_output/dofa-base-rgb-nir-ndsm-phaseE/constraint_resolution_+_polygonfix_cc_updated/classification_metrics_2020_after_postprocessing.csv
DOFA,GFM,E,RGB+NIR+nDSM,cross-temporal-seg,seg-2020,after,14,0.2641240954399109,0.4178768694400787,0.4492845833301544,0.3905734419822693,model_output/dofa-base-rgb-nir-ndsm-phaseE/constraint_resolution_+_polygonfix_cc_updated/classification_metrics_2020_after_postprocessing.csv
DOFA,GFM,E,RGB+NIR+nDSM,cross-temporal-seg,seg-2020,after,15,0.2266235649585724,0.3695078790187835,0.5354848504066467,0.2820764780044555,model_output/dofa-base-rgb-nir-ndsm-phaseE/constraint_resolution_+_polygonfix_cc_updated/classification_metrics_2020_after_postprocessing.csv
DOFA,GFM,E,RGB+NIR+nDSM,cross-temporal-seg,seg-2020,after,16,0.1852288991212844,0.3125622570514679,0.2305193543434143,0.4852732121944427,model_output/dofa-base-rgb-nir-ndsm-phaseE/constraint_resolution_+_polygonfix_cc_updated/classification_metrics_2020_after_postprocessing.csv
DOFA,GFM,E,RGB+NIR+nDSM,cross-temporal-seg,seg-2020,after,17,0.117177665233612,0.209774449467659,0.274063378572464,0.1699160635471344,model_output/dofa-base-rgb-nir-ndsm-phaseE/constraint_resolution_+_polygonfix_cc_updated/classification_metrics_2020_after_postprocessing.csv
DOFA,GFM,E,RGB+NIR+nDSM,cross-temporal-seg,seg-2020,after,18,0.4735100865364074,0.6426967978477478,0.5036455988883972,0.8878125548362732,model_output/dofa-base-rgb-nir-ndsm-phaseE/constraint_resolution_+_polygonfix_cc_updated/classification_metrics_2020_after_postprocessing.csv
DOFA,GFM,E,RGB+NIR+nDSM,cross-temporal-seg,seg-2020,after,19,0.3568824827671051,0.5260329842567444,0.4792221188545227,0.5829789638519287,model_output/dofa-base-rgb-nir-ndsm-phaseE/constraint_resolution_+_polygonfix_cc_updated/classification_metrics_2020_after_postprocessing.csv
DOFA,GFM,E,RGB+NIR+nDSM,cross-temporal-seg,seg-2020,after,20,0.4191642701625824,0.5907198786735535,0.9517619609832764,0.4282624721527099,model_output/dofa-base-rgb-nir-ndsm-phaseE/constraint_resolution_+_polygonfix_cc_updated/classification_metrics_2020_after_postprocessing.csv
DOFA,GFM,E,RGB+NIR+nDSM,cross-temporal-seg,seg-2020,after,21,0.4011947214603424,0.5726466774940491,0.6786825656890869,0.4952671527862549,model_output/dofa-base-rgb-nir-ndsm-phaseE/constraint_resolution_+_polygonfix_cc_updated/classification_metrics_2020_after_postprocessing.csv
DOFA,GFM,E,RGB+NIR+nDSM,cross-temporal-seg,seg-2020,after,22,0.3001057207584381,0.461663544178009,0.3956314027309418,0.554153561592102,model_output/dofa-base-rgb-nir-ndsm-phaseE/constraint_resolution_+_polygonfix_cc_updated/classification_metrics_2020_after_postprocessing.csv
DOFA,GFM,E,RGB+NIR+nDSM,cross-temporal-seg,seg-2020,after,23,0.5295414328575134,0.6924185752868652,0.67353755235672,0.7123886942863464,model_output/dofa-base-rgb-nir-ndsm-phaseE/constraint_resolution_+_polygonfix_cc_updated/classification_metrics_2020_after_postprocessing.csv
DOFA,GFM,E,RGB+NIR+nDSM,cross-temporal,change-binary,before,0,0.3622810542583465,0.5318742394447327,0.7787678241729736,0.4038433730602264,model_output/dofa-base-rgb-nir-ndsm-phaseE/change_metrics_binary_2013-2020.csv
DOFA,GFM,E,RGB+NIR+nDSM,cross-temporal,change-binary,before,1,0.4501401782035827,0.6208230257034302,0.4939744174480438,0.8353285193443298,model_output/dofa-base-rgb-nir-ndsm-phaseE/change_metrics_binary_2013-2020.csv
DOFA,GFM,E,RGB+NIR+nDSM,cross-temporal,change-binary,after,0,0.4763198494911194,0.6452800035476685,0.7095988988876343,0.591651976108551,model_output/dofa-base-rgb-nir-ndsm-phaseE/constraint_resolution_+_polygonfix_cc_updated/change_metrics_binary_2013-2020_after_postprocessing.csv
DOFA,GFM,E,RGB+NIR+nDSM,cross-temporal,change-binary,after,1,0.4024985730648041,0.5739735960960388,0.517624020576477,0.6440905928611755,model_output/dofa-base-rgb-nir-ndsm-phaseE/constraint_resolution_+_polygonfix_cc_updated/change_metrics_binary_2013-2020_after_postprocessing.csv
DOFA,GFM,E,RGB+NIR+nDSM,cross-temporal,change-multiclass,before,0,0.3622811436653137,0.5318742394447327,0.7787678241729736,0.4038433730602264,model_output/dofa-base-rgb-nir-ndsm-phaseE/change_metrics_multiclass_2013-2020.csv
DOFA,GFM,E,RGB+NIR+nDSM,cross-temporal,change-multiclass,before,1,0.2120953500270843,0.349964827299118,0.4764812588691711,0.2765378355979919,model_output/dofa-base-rgb-nir-ndsm-phaseE/change_metrics_multiclass_2013-2020.csv
DOFA,GFM,E,RGB+NIR+nDSM,cross-temporal,change-multiclass,before,2,0.2739139199256897,0.4300352334976196,0.4950178861618042,0.3801337778568268,model_output/dofa-base-rgb-nir-ndsm-phaseE/change_metrics_multiclass_2013-2020.csv
DOFA,GFM,E,RGB+NIR+nDSM,cross-temporal,change-multiclass,before,3,0.0870049521327018,0.1600819677114486,0.0943479239940643,0.5278345942497253,model_output/dofa-base-rgb-nir-ndsm-phaseE/change_metrics_multiclass_2013-2020.csv
DOFA,GFM,E,RGB+NIR+nDSM,cross-temporal,change-multiclass,before,4,0.3764728307723999,0.5470108985900879,0.5624445080757141,0.5324017405509949,model_output/dofa-base-rgb-nir-ndsm-phaseE/change_metrics_multiclass_2013-2020.csv
DOFA,GFM,E,RGB+NIR+nDSM,cross-temporal,change-multiclass,before,5,0.127278983592987,0.2258162945508957,0.2541788816452026,0.2031479775905609,model_output/dofa-base-rgb-nir-ndsm-phaseE/change_metrics_multiclass_2013-2020.csv
DOFA,GFM,E,RGB+NIR+nDSM,cross-temporal,change-multiclass,before,6,0.1158999800682067,0.2077246755361557,0.1272456794977188,0.5651900768280029,model_output/dofa-base-rgb-nir-ndsm-phaseE/change_metrics_multiclass_2013-2020.csv
DOFA,GFM,E,RGB+NIR+nDSM,cross-temporal,change-multiclass,before,7,0.1820289492607116,0.3079940676689148,0.2246817052364349,0.4895024001598358,model_output/dofa-base-rgb-nir-ndsm-phaseE/change_metrics_multiclass_2013-2020.csv
DOFA,GFM,E,RGB+NIR+nDSM,cross-temporal,change-multiclass,before,8,0.0720087066292762,0.1343435049057006,0.0762524828314781,0.5640526413917542,model_output/dofa-base-rgb-nir-ndsm-phaseE/change_metrics_multiclass_2013-2020.csv
DOFA,GFM,E,RGB+NIR+nDSM,cross-temporal,change-multiclass,after,0,0.4763198494911194,0.6452800035476685,0.7095988988876343,0.591651976108551,model_output/dofa-base-rgb-nir-ndsm-phaseE/constraint_resolution_+_polygonfix_cc_updated/change_metrics_multiclass_2013-2020_after_postprocessing.csv
DOFA,GFM,E,RGB+NIR+nDSM,cross-temporal,change-multiclass,after,1,0.1459030508995056,0.2546516358852386,0.6581053733825684,0.1578693240880966,model_output/dofa-base-rgb-nir-ndsm-phaseE/constraint_resolution_+_polygonfix_cc_updated/change_metrics_multiclass_2013-2020_after_postprocessing.csv
DOFA,GFM,E,RGB+NIR+nDSM,cross-temporal,change-multiclass,after,2,0.2028432339429855,0.3372729420661926,0.7423952221870422,0.2182013094425201,model_output/dofa-base-rgb-nir-ndsm-phaseE/constraint_resolution_+_polygonfix_cc_updated/change_metrics_multiclass_2013-2020_after_postprocessing.csv
DOFA,GFM,E,RGB+NIR+nDSM,cross-temporal,change-multiclass,after,3,0.1105110347270965,0.199027344584465,0.4182661473751068,0.1305815726518631,model_output/dofa-base-rgb-nir-ndsm-phaseE/constraint_resolution_+_polygonfix_cc_updated/change_metrics_multiclass_2013-2020_after_postprocessing.csv
DOFA,GFM,E,RGB+NIR+nDSM,cross-temporal,change-multiclass,after,4,0.3934415280818939,0.5647047758102417,0.5715274214744568,0.5580430626869202,model_output/dofa-base-rgb-nir-ndsm-phaseE/constraint_resolution_+_polygonfix_cc_updated/change_metrics_multiclass_2013-2020_after_postprocessing.csv
DOFA,GFM,E,RGB+NIR+nDSM,cross-temporal,change-multiclass,after,5,0.0846357494592666,0.1560629904270172,0.0866215527057647,0.7868643999099731,model_output/dofa-base-rgb-nir-ndsm-phaseE/constraint_resolution_+_polygonfix_cc_updated/change_metrics_multiclass_2013-2020_after_postprocessing.csv
DOFA,GFM,E,RGB+NIR+nDSM,cross-temporal,change-multiclass,after,6,0.1536750346422195,0.2664095461368561,0.1742309182882309,0.5656976103782654,model_output/dofa-base-rgb-nir-ndsm-phaseE/constraint_resolution_+_polygonfix_cc_updated/change_metrics_multiclass_2013-2020_after_postprocessing.csv
DOFA,GFM,E,RGB+NIR+nDSM,cross-temporal,change-multiclass,after,7,0.2276689112186432,0.3708962500095367,0.2780612409114837,0.5567887425422668,model_output/dofa-base-rgb-nir-ndsm-phaseE/constraint_resolution_+_polygonfix_cc_updated/change_metrics_multiclass_2013-2020_after_postprocessing.csv
DOFA,GFM,E,RGB+NIR+nDSM,cross-temporal,change-multiclass,after,8,0.0962473228573799,0.1755941808223724,0.1066831201314926,0.4959471225738525,model_output/dofa-base-rgb-nir-ndsm-phaseE/constraint_resolution_+_polygonfix_cc_updated/change_metrics_multiclass_2013-2020_after_postprocessing.csv
TerraMind,GFM,F,RGB+NIR,in-domain-seg,seg-2013,before,1,0.5769806504249573,0.7317536473274231,0.745031476020813,0.718940794467926,model_output/terramind-rgb-nir-phaseF/classification_metrics_2013.csv
TerraMind,GFM,F,RGB+NIR,in-domain-seg,seg-2013,before,2,0.247971311211586,0.3973990380764007,0.2719510197639465,0.7376852035522461,model_output/terramind-rgb-nir-phaseF/classification_metrics_2013.csv
TerraMind,GFM,F,RGB+NIR,in-domain-seg,seg-2013,before,3,0.2558539807796478,0.4074581861495971,0.3557184040546417,0.476811021566391,model_output/terramind-rgb-nir-phaseF/classification_metrics_2013.csv
TerraMind,GFM,F,RGB+NIR,in-domain-seg,seg-2013,before,4,0.4334750771522522,0.604789137840271,0.5532070994377136,0.6669794917106628,model_output/terramind-rgb-nir-phaseF/classification_metrics_2013.csv
TerraMind,GFM,F,RGB+NIR,in-domain-seg,seg-2013,before,5,0.3689430356025696,0.5390188694000244,0.8584965467453003,0.3928318917751312,model_output/terramind-rgb-nir-phaseF/classification_metrics_2013.csv
TerraMind,GFM,F,RGB+NIR,in-domain-seg,seg-2013,before,6,0.2021776139736175,0.3363523185253143,0.3196655213832855,0.3548771739006042,model_output/terramind-rgb-nir-phaseF/classification_metrics_2013.csv
TerraMind,GFM,F,RGB+NIR,in-domain-seg,seg-2013,before,7,0.3249897956848144,0.4905544519424438,0.5325049161911011,0.4547309279441833,model_output/terramind-rgb-nir-phaseF/classification_metrics_2013.csv
TerraMind,GFM,F,RGB+NIR,in-domain-seg,seg-2013,before,8,0.0812705680727958,0.150324210524559,0.1001171618700027,0.3015426993370056,model_output/terramind-rgb-nir-phaseF/classification_metrics_2013.csv
TerraMind,GFM,F,RGB+NIR,in-domain-seg,seg-2013,before,9,0.3343108296394348,0.5010988712310791,0.404665857553482,0.6578714847564697,model_output/terramind-rgb-nir-phaseF/classification_metrics_2013.csv
TerraMind,GFM,F,RGB+NIR,in-domain-seg,seg-2013,before,10,0.1376175582408905,0.2419399321079254,0.1715695559978485,0.410176545381546,model_output/terramind-rgb-nir-phaseF/classification_metrics_2013.csv
TerraMind,GFM,F,RGB+NIR,in-domain-seg,seg-2013,before,11,0.136288970708847,0.2398843616247177,0.2445230484008789,0.2354183942079544,model_output/terramind-rgb-nir-phaseF/classification_metrics_2013.csv
TerraMind,GFM,F,RGB+NIR,in-domain-seg,seg-2013,before,12,0.2456984668970108,0.3944750428199768,0.5394352674484253,0.3109222054481506,model_output/terramind-rgb-nir-phaseF/classification_metrics_2013.csv
TerraMind,GFM,F,RGB+NIR,in-domain-seg,seg-2013,before,13,0.1256168037652969,0.2231963872909546,0.1602023541927337,0.3678346276283264,model_output/terramind-rgb-nir-phaseF/classification_metrics_2013.csv
TerraMind,GFM,F,RGB+NIR,in-domain-seg,seg-2013,before,14,0.281070202589035,0.438805341720581,0.4136351346969604,0.467237263917923,model_output/terramind-rgb-nir-phaseF/classification_metrics_2013.csv
TerraMind,GFM,F,RGB+NIR,in-domain-seg,seg-2013,before,15,0.3064521849155426,0.469136506319046,0.5045340657234192,0.4383801817893982,model_output/terramind-rgb-nir-phaseF/classification_metrics_2013.csv
TerraMind,GFM,F,RGB+NIR,in-domain-seg,seg-2013,before,16,0.1321208328008651,0.233404129743576,0.2422049194574356,0.2252204716205597,model_output/terramind-rgb-nir-phaseF/classification_metrics_2013.csv
TerraMind,GFM,F,RGB+NIR,in-domain-seg,seg-2013,before,17,0.0,0.0,0.0,0.0,model_output/terramind-rgb-nir-phaseF/classification_metrics_2013.csv
TerraMind,GFM,F,RGB+NIR,in-domain-seg,seg-2013,before,18,0.1818493902683258,0.3077369928359985,0.3946130275726318,0.2522113919258117,model_output/terramind-rgb-nir-phaseF/classification_metrics_2013.csv
TerraMind,GFM,F,RGB+NIR,in-domain-seg,seg-2013,before,19,0.3344389796257019,0.5012428164482117,0.4219115972518921,0.6173155307769775,model_output/terramind-rgb-nir-phaseF/classification_metrics_2013.csv
TerraMind,GFM,F,RGB+NIR,in-domain-seg,seg-2013,before,20,0.6408329010009766,0.7811067700386047,0.8562918901443481,0.7180589437484741,model_output/terramind-rgb-nir-phaseF/classification_metrics_2013.csv
TerraMind,GFM,F,RGB+NIR,in-domain-seg,seg-2013,before,21,0.4146913290023803,0.5862640142440796,0.5905309319496155,0.582058310508728,model_output/terramind-rgb-nir-phaseF/classification_metrics_2013.csv
TerraMind,GFM,F,RGB+NIR,in-domain-seg,seg-2013,before,22,0.535055935382843,0.6971158981323242,0.64839106798172,0.7537587285041809,model_output/terramind-rgb-nir-phaseF/classification_metrics_2013.csv
TerraMind,GFM,F,RGB+NIR,in-domain-seg,seg-2013,before,23,0.3652341961860657,0.5350498557090759,0.462036520242691,0.6354700922966003,model_output/terramind-rgb-nir-phaseF/classification_metrics_2013.csv
TerraMind,GFM,F,RGB+NIR,in-domain-seg,seg-2013,after,1,0.7627664804458618,0.8654198050498962,0.8834484219551086,0.8481122255325317,model_output/terramind-rgb-nir-phaseF/constraint_resolution_+_polygonfix_cc_updated/classification_metrics_2013_after_postprocessing.csv
TerraMind,GFM,F,RGB+NIR,in-domain-seg,seg-2013,after,2,0.2429941594600677,0.3909819722175598,0.2661977410316467,0.73598712682724,model_output/terramind-rgb-nir-phaseF/constraint_resolution_+_polygonfix_cc_updated/classification_metrics_2013_after_postprocessing.csv
TerraMind,GFM,F,RGB+NIR,in-domain-seg,seg-2013,after,3,0.4721545279026031,0.6414469480514526,0.722435474395752,0.5767863988876343,model_output/terramind-rgb-nir-phaseF/constraint_resolution_+_polygonfix_cc_updated/classification_metrics_2013_after_postprocessing.csv
TerraMind,GFM,F,RGB+NIR,in-domain-seg,seg-2013,after,4,0.5966000556945801,0.7473381161689758,0.6905695796012878,0.8142759799957275,model_output/terramind-rgb-nir-phaseF/constraint_resolution_+_polygonfix_cc_updated/classification_metrics_2013_after_postprocessing.csv
TerraMind,GFM,F,RGB+NIR,in-domain-seg,seg-2013,after,5,0.8024849891662598,0.8904207944869995,0.963820457458496,0.8274092674255371,model_output/terramind-rgb-nir-phaseF/constraint_resolution_+_polygonfix_cc_updated/classification_metrics_2013_after_postprocessing.csv
TerraMind,GFM,F,RGB+NIR,in-domain-seg,seg-2013,after,6,0.3076422214508056,0.4705296754837036,0.4591451287269592,0.482493132352829,model_output/terramind-rgb-nir-phaseF/constraint_resolution_+_polygonfix_cc_updated/classification_metrics_2013_after_postprocessing.csv
TerraMind,GFM,F,RGB+NIR,in-domain-seg,seg-2013,after,7,0.3077959716320038,0.4707094132900238,0.6734793186187744,0.3617841601371765,model_output/terramind-rgb-nir-phaseF/constraint_resolution_+_polygonfix_cc_updated/classification_metrics_2013_after_postprocessing.csv
TerraMind,GFM,F,RGB+NIR,in-domain-seg,seg-2013,after,8,0.2474914789199829,0.396782636642456,0.3890502154827118,0.404828667640686,model_output/terramind-rgb-nir-phaseF/constraint_resolution_+_polygonfix_cc_updated/classification_metrics_2013_after_postprocessing.csv
TerraMind,GFM,F,RGB+NIR,in-domain-seg,seg-2013,after,9,0.6234613656997681,0.7680643200874329,0.7188770174980164,0.8244770169258118,model_output/terramind-rgb-nir-phaseF/constraint_resolution_+_polygonfix_cc_updated/classification_metrics_2013_after_postprocessing.csv
TerraMind,GFM,F,RGB+NIR,in-domain-seg,seg-2013,after,10,0.2605051100254059,0.413334459066391,0.3509889245033264,0.5026126503944397,model_output/terramind-rgb-nir-phaseF/constraint_resolution_+_polygonfix_cc_updated/classification_metrics_2013_after_postprocessing.csv
TerraMind,GFM,F,RGB+NIR,in-domain-seg,seg-2013,after,11,0.6141995787620544,0.7609958052635193,0.7361416220664978,0.7875869870185852,model_output/terramind-rgb-nir-phaseF/constraint_resolution_+_polygonfix_cc_updated/classification_metrics_2013_after_postprocessing.csv
TerraMind,GFM,F,RGB+NIR,in-domain-seg,seg-2013,after,12,0.553228497505188,0.7123593688011169,0.9059591889381408,0.586933970451355,model_output/terramind-rgb-nir-phaseF/constraint_resolution_+_polygonfix_cc_updated/classification_metrics_2013_after_postprocessing.csv
TerraMind,GFM,F,RGB+NIR,in-domain-seg,seg-2013,after,13,0.4123240411281585,0.5838943719863892,0.479516327381134,0.7463565468788147,model_output/terramind-rgb-nir-phaseF/constraint_resolution_+_polygonfix_cc_updated/classification_metrics_2013_after_postprocessing.csv
TerraMind,GFM,F,RGB+NIR,in-domain-seg,seg-2013,after,14,0.6359328627586365,0.7774559259414673,0.7380151748657227,0.8213502168655396,model_output/terramind-rgb-nir-phaseF/constraint_resolution_+_polygonfix_cc_updated/classification_metrics_2013_after_postprocessing.csv
TerraMind,GFM,F,RGB+NIR,in-domain-seg,seg-2013,after,15,0.6863853931427002,0.8140314817428589,0.8192126154899597,0.808915376663208,model_output/terramind-rgb-nir-phaseF/constraint_resolution_+_polygonfix_cc_updated/classification_metrics_2013_after_postprocessing.csv
TerraMind,GFM,F,RGB+NIR,in-domain-seg,seg-2013,after,16,0.5886510610580444,0.7410702705383301,0.6270505785942078,0.9057710766792296,model_output/terramind-rgb-nir-phaseF/constraint_resolution_+_polygonfix_cc_updated/classification_metrics_2013_after_postprocessing.csv
TerraMind,GFM,F,RGB+NIR,in-domain-seg,seg-2013,after,17,0.5878162384033203,0.7404083609580994,0.7428009510040283,0.7380312085151672,model_output/terramind-rgb-nir-phaseF/constraint_resolution_+_polygonfix_cc_updated/classification_metrics_2013_after_postprocessing.csv
TerraMind,GFM,F,RGB+NIR,in-domain-seg,seg-2013,after,18,0.5887888669967651,0.7411795258522034,0.627940833568573,0.9042450785636902,model_output/terramind-rgb-nir-phaseF/constraint_resolution_+_polygonfix_cc_updated/classification_metrics_2013_after_postprocessing.csv
TerraMind,GFM,F,RGB+NIR,in-domain-seg,seg-2013,after,19,0.4366927146911621,0.6079138517379761,0.472565621137619,0.8519110679626465,model_output/terramind-rgb-nir-phaseF/constraint_resolution_+_polygonfix_cc_updated/classification_metrics_2013_after_postprocessing.csv
TerraMind,GFM,F,RGB+NIR,in-domain-seg,seg-2013,after,20,0.8603529930114746,0.924935221672058,0.9526064991950988,0.8988262414932251,model_output/terramind-rgb-nir-phaseF/constraint_resolution_+_polygonfix_cc_updated/classification_metrics_2013_after_postprocessing.csv
TerraMind,GFM,F,RGB+NIR,in-domain-seg,seg-2013,after,21,0.5536442995071411,0.712704062461853,0.7819146513938904,0.6547493934631348,model_output/terramind-rgb-nir-phaseF/constraint_resolution_+_polygonfix_cc_updated/classification_metrics_2013_after_postprocessing.csv
TerraMind,GFM,F,RGB+NIR,in-domain-seg,seg-2013,after,22,0.8138220310211182,0.8973559141159058,0.8578236103057861,0.9407080411911012,model_output/terramind-rgb-nir-phaseF/constraint_resolution_+_polygonfix_cc_updated/classification_metrics_2013_after_postprocessing.csv
TerraMind,GFM,F,RGB+NIR,in-domain-seg,seg-2013,after,23,0.5865762233734131,0.739423930644989,0.7581314444541931,0.7216174602508545,model_output/terramind-rgb-nir-phaseF/constraint_resolution_+_polygonfix_cc_updated/classification_metrics_2013_after_postprocessing.csv
TerraMind,GFM,F,RGB+NIR,cross-temporal-seg,seg-2020,before,1,0.4252534210681915,0.5967407822608948,0.6279654502868652,0.5684741735458374,model_output/terramind-rgb-nir-phaseF/classification_metrics_2020.csv
TerraMind,GFM,F,RGB+NIR,cross-temporal-seg,seg-2020,before,2,0.1871049106121063,0.3152289390563965,0.2227321714162826,0.5391132831573486,model_output/terramind-rgb-nir-phaseF/classification_metrics_2020.csv
TerraMind,GFM,F,RGB+NIR,cross-temporal-seg,seg-2020,before,3,0.322573721408844,0.4877969622611999,0.5046711564064026,0.4720146656036377,model_output/terramind-rgb-nir-phaseF/classification_metrics_2020.csv
TerraMind,GFM,F,RGB+NIR,cross-temporal-seg,seg-2020,before,4,0.3062115609645843,0.4688544869422912,0.4117889404296875,0.5442807078361511,model_output/terramind-rgb-nir-phaseF/classification_metrics_2020.csv
TerraMind,GFM,F,RGB+NIR,cross-temporal-seg,seg-2020,before,5,0.3940620422363281,0.5653436183929443,0.6955257654190063,0.4762108325958252,model_output/terramind-rgb-nir-phaseF/classification_metrics_2020.csv
TerraMind,GFM,F,RGB+NIR,cross-temporal-seg,seg-2020,before,6,0.1037880554795265,0.1880579590797424,0.1234199479222297,0.3948509097099304,model_output/terramind-rgb-nir-phaseF/classification_metrics_2020.csv
TerraMind,GFM,F,RGB+NIR,cross-temporal-seg,seg-2020,before,7,0.2073237597942352,0.3434435129165649,0.273067444562912,0.4626897871494293,model_output/terramind-rgb-nir-phaseF/classification_metrics_2020.csv
TerraMind,GFM,F,RGB+NIR,cross-temporal-seg,seg-2020,before,8,0.1079103052616119,0.1947997212409973,0.2014910131692886,0.1885385364294052,model_output/terramind-rgb-nir-phaseF/classification_metrics_2020.csv
TerraMind,GFM,F,RGB+NIR,cross-temporal-seg,seg-2020,before,9,0.1629810929298401,0.2802815735340118,0.1780435293912887,0.6582942008972168,model_output/terramind-rgb-nir-phaseF/classification_metrics_2020.csv
TerraMind,GFM,F,RGB+NIR,cross-temporal-seg,seg-2020,before,10,0.1314229369163513,0.2323144376277923,0.1838795244693756,0.3153899312019348,model_output/terramind-rgb-nir-phaseF/classification_metrics_2020.csv
TerraMind,GFM,F,RGB+NIR,cross-temporal-seg,seg-2020,before,11,0.105910800397396,0.1915358901023864,0.3603052794933319,0.130437895655632,model_output/terramind-rgb-nir-phaseF/classification_metrics_2020.csv
TerraMind,GFM,F,RGB+NIR,cross-temporal-seg,seg-2020,before,12,0.0775145590305328,0.1438765674829483,0.1743601262569427,0.1224657818675041,model_output/terramind-rgb-nir-phaseF/classification_metrics_2020.csv
TerraMind,GFM,F,RGB+NIR,cross-temporal-seg,seg-2020,before,13,0.1330674439668655,0.2348800003528595,0.2006159722805023,0.2832589149475097,model_output/terramind-rgb-nir-phaseF/classification_metrics_2020.csv
TerraMind,GFM,F,RGB+NIR,cross-temporal-seg,seg-2020,before,14,0.1725091338157653,0.294256329536438,0.2262844294309616,0.4205960929393768,model_output/terramind-rgb-nir-phaseF/classification_metrics_2020.csv
TerraMind,GFM,F,RGB+NIR,cross-temporal-seg,seg-2020,before,15,0.1013949811458587,0.1841210573911667,0.5621490478515625,0.1100893467664718,model_output/terramind-rgb-nir-phaseF/classification_metrics_2020.csv
TerraMind,GFM,F,RGB+NIR,cross-temporal-seg,seg-2020,before,16,0.0853386968374252,0.1572572588920593,0.2627872824668884,0.112200029194355,model_output/terramind-rgb-nir-phaseF/classification_metrics_2020.csv
TerraMind,GFM,F,RGB+NIR,cross-temporal-seg,seg-2020,before,17,0.0,0.0,0.0,0.0,model_output/terramind-rgb-nir-phaseF/classification_metrics_2020.csv
TerraMind,GFM,F,RGB+NIR,cross-temporal-seg,seg-2020,before,18,0.167756587266922,0.2873143255710602,0.4809403717517853,0.2048442512750625,model_output/terramind-rgb-nir-phaseF/classification_metrics_2020.csv
TerraMind,GFM,F,RGB+NIR,cross-temporal-seg,seg-2020,before,19,0.2259287983179092,0.3685838580131531,0.4101060926914215,0.3346966803073883,model_output/terramind-rgb-nir-phaseF/classification_metrics_2020.csv
TerraMind,GFM,F,RGB+NIR,cross-temporal-seg,seg-2020,before,20,0.342048704624176,0.5097411274909973,0.8534365892410278,0.363394945859909,model_output/terramind-rgb-nir-phaseF/classification_metrics_2020.csv
TerraMind,GFM,F,RGB+NIR,cross-temporal-seg,seg-2020,before,21,0.3746237456798553,0.5450564026832581,0.5793835520744324,0.5145694017410278,model_output/terramind-rgb-nir-phaseF/classification_metrics_2020.csv
TerraMind,GFM,F,RGB+NIR,cross-temporal-seg,seg-2020,before,22,0.1420831233263015,0.2488139867782592,0.1817455887794494,0.39433154463768,model_output/terramind-rgb-nir-phaseF/classification_metrics_2020.csv
TerraMind,GFM,F,RGB+NIR,cross-temporal-seg,seg-2020,before,23,0.4432743489742279,0.614262044429779,0.5270432829856873,0.7360723614692688,model_output/terramind-rgb-nir-phaseF/classification_metrics_2020.csv
TerraMind,GFM,F,RGB+NIR,cross-temporal-seg,seg-2020,after,1,0.6364572048187256,0.7778476476669312,0.8815794587135315,0.6959572434425354,model_output/terramind-rgb-nir-phaseF/constraint_resolution_+_polygonfix_cc_updated/classification_metrics_2020_after_postprocessing.csv
TerraMind,GFM,F,RGB+NIR,cross-temporal-seg,seg-2020,after,2,0.2362847626209259,0.3822497427463531,0.2816155552864074,0.5947986841201782,model_output/terramind-rgb-nir-phaseF/constraint_resolution_+_polygonfix_cc_updated/classification_metrics_2020_after_postprocessing.csv
TerraMind,GFM,F,RGB+NIR,cross-temporal-seg,seg-2020,after,3,0.5440333485603333,0.7046911716461182,0.7600941061973572,0.6568161249160767,model_output/terramind-rgb-nir-phaseF/constraint_resolution_+_polygonfix_cc_updated/classification_metrics_2020_after_postprocessing.csv
TerraMind,GFM,F,RGB+NIR,cross-temporal-seg,seg-2020,after,4,0.3786276876926422,0.5492820143699646,0.5081982612609863,0.5975925922393799,model_output/terramind-rgb-nir-phaseF/constraint_resolution_+_polygonfix_cc_updated/classification_metrics_2020_after_postprocessing.csv
TerraMind,GFM,F,RGB+NIR,cross-temporal-seg,seg-2020,after,5,0.6863107681274414,0.8139789700508118,0.8336443901062012,0.7952200174331665,model_output/terramind-rgb-nir-phaseF/constraint_resolution_+_polygonfix_cc_updated/classification_metrics_2020_after_postprocessing.csv
TerraMind,GFM,F,RGB+NIR,cross-temporal-seg,seg-2020,after,6,0.1788007169961929,0.3033603727817535,0.2269167155027389,0.4574743211269378,model_output/terramind-rgb-nir-phaseF/constraint_resolution_+_polygonfix_cc_updated/classification_metrics_2020_after_postprocessing.csv
TerraMind,GFM,F,RGB+NIR,cross-temporal-seg,seg-2020,after,7,0.2878608107566833,0.4470371007919311,0.4066885411739349,0.4962737262248993,model_output/terramind-rgb-nir-phaseF/constraint_resolution_+_polygonfix_cc_updated/classification_metrics_2020_after_postprocessing.csv
TerraMind,GFM,F,RGB+NIR,cross-temporal-seg,seg-2020,after,8,0.1703034192323684,0.2910414934158325,0.4715471863746643,0.2104734182357788,model_output/terramind-rgb-nir-phaseF/constraint_resolution_+_polygonfix_cc_updated/classification_metrics_2020_after_postprocessing.csv
TerraMind,GFM,F,RGB+NIR,cross-temporal-seg,seg-2020,after,9,0.3030876815319061,0.4651838541030884,0.3243042528629303,0.8224693536758423,model_output/terramind-rgb-nir-phaseF/constraint_resolution_+_polygonfix_cc_updated/classification_metrics_2020_after_postprocessing.csv
TerraMind,GFM,F,RGB+NIR,cross-temporal-seg,seg-2020,after,10,0.2533548176288605,0.4042826890945434,0.3675102591514587,0.4492320716381073,model_output/terramind-rgb-nir-phaseF/constraint_resolution_+_polygonfix_cc_updated/classification_metrics_2020_after_postprocessing.csv
TerraMind,GFM,F,RGB+NIR,cross-temporal-seg,seg-2020,after,11,0.2490464895963668,0.3987785279750824,0.7312659025192261,0.2741360962390899,model_output/terramind-rgb-nir-phaseF/constraint_resolution_+_polygonfix_cc_updated/classification_metrics_2020_after_postprocessing.csv
TerraMind,GFM,F,RGB+NIR,cross-temporal-seg,seg-2020,after,12,0.2718842923641205,0.4275298714637756,0.3697811663150787,0.5066540241241455,model_output/terramind-rgb-nir-phaseF/constraint_resolution_+_polygonfix_cc_updated/classification_metrics_2020_after_postprocessing.csv
TerraMind,GFM,F,RGB+NIR,cross-temporal-seg,seg-2020,after,13,0.1918573528528213,0.3219468295574188,0.2980305850505829,0.350036472082138,model_output/terramind-rgb-nir-phaseF/constraint_resolution_+_polygonfix_cc_updated/classification_metrics_2020_after_postprocessing.csv
TerraMind,GFM,F,RGB+NIR,cross-temporal-seg,seg-2020,after,14,0.277901828289032,0.4349345266819,0.3287596404552459,0.6424021124839783,model_output/terramind-rgb-nir-phaseF/constraint_resolution_+_polygonfix_cc_updated/classification_metrics_2020_after_postprocessing.csv
TerraMind,GFM,F,RGB+NIR,cross-temporal-seg,seg-2020,after,15,0.2270700484514236,0.3701012134552002,0.6312204599380493,0.2618010342121124,model_output/terramind-rgb-nir-phaseF/constraint_resolution_+_polygonfix_cc_updated/classification_metrics_2020_after_postprocessing.csv
TerraMind,GFM,F,RGB+NIR,cross-temporal-seg,seg-2020,after,16,0.2180191725492477,0.3579897284507751,0.30234494805336,0.4387365579605102,model_output/terramind-rgb-nir-phaseF/constraint_resolution_+_polygonfix_cc_updated/classification_metrics_2020_after_postprocessing.csv
TerraMind,GFM,F,RGB+NIR,cross-temporal-seg,seg-2020,after,17,0.0752557143568992,0.1399773359298706,0.6239345669746399,0.0788314267992973,model_output/terramind-rgb-nir-phaseF/constraint_resolution_+_polygonfix_cc_updated/classification_metrics_2020_after_postprocessing.csv
TerraMind,GFM,F,RGB+NIR,cross-temporal-seg,seg-2020,after,18,0.488327294588089,0.6562095284461975,0.7707589864730835,0.5713030099868774,model_output/terramind-rgb-nir-phaseF/constraint_resolution_+_polygonfix_cc_updated/classification_metrics_2020_after_postprocessing.csv
TerraMind,GFM,F,RGB+NIR,cross-temporal-seg,seg-2020,after,19,0.2668018043041229,0.4212210476398468,0.4762538969516754,0.3775892853736877,model_output/terramind-rgb-nir-phaseF/constraint_resolution_+_polygonfix_cc_updated/classification_metrics_2020_after_postprocessing.csv
TerraMind,GFM,F,RGB+NIR,cross-temporal-seg,seg-2020,after,20,0.4052498042583465,0.5767654776573181,0.9425417184829712,0.4155148565769195,model_output/terramind-rgb-nir-phaseF/constraint_resolution_+_polygonfix_cc_updated/classification_metrics_2020_after_postprocessing.csv
TerraMind,GFM,F,RGB+NIR,cross-temporal-seg,seg-2020,after,21,0.4464377164840698,0.6172927021980286,0.6621933579444885,0.578094482421875,model_output/terramind-rgb-nir-phaseF/constraint_resolution_+_polygonfix_cc_updated/classification_metrics_2020_after_postprocessing.csv
TerraMind,GFM,F,RGB+NIR,cross-temporal-seg,seg-2020,after,22,0.1857784837484359,0.3133443295955658,0.2342604994773864,0.473036378622055,model_output/terramind-rgb-nir-phaseF/constraint_resolution_+_polygonfix_cc_updated/classification_metrics_2020_after_postprocessing.csv
TerraMind,GFM,F,RGB+NIR,cross-temporal-seg,seg-2020,after,23,0.6163233518600464,0.7626237869262695,0.7113916277885437,0.821807861328125,model_output/terramind-rgb-nir-phaseF/constraint_resolution_+_polygonfix_cc_updated/classification_metrics_2020_after_postprocessing.csv
TerraMind,GFM,F,RGB+NIR,cross-temporal,change-binary,before,0,0.3085294663906097,0.4715667068958282,0.6120957732200623,0.3835164606571197,model_output/terramind-rgb-nir-phaseF/change_metrics_binary_2013-2020.csv
TerraMind,GFM,F,RGB+NIR,cross-temporal,change-binary,before,1,0.3454523086547851,0.513511061668396,0.4239116907119751,0.65113765001297,model_output/terramind-rgb-nir-phaseF/change_metrics_binary_2013-2020.csv
TerraMind,GFM,F,RGB+NIR,cross-temporal,change-binary,after,0,0.4681422710418701,0.6377341747283936,0.630118727684021,0.6455360054969788,model_output/terramind-rgb-nir-phaseF/constraint_resolution_+_polygonfix_cc_updated/change_metrics_binary_2013-2020_after_postprocessing.csv
TerraMind,GFM,F,RGB+NIR,cross-temporal,change-binary,after,1,0.3031809329986572,0.465293675661087,0.4737446904182434,0.4571389257907867,model_output/terramind-rgb-nir-phaseF/constraint_resolution_+_polygonfix_cc_updated/change_metrics_binary_2013-2020_after_postprocessing.csv
TerraMind,GFM,F,RGB+NIR,cross-temporal,change-multiclass,before,0,0.3085294663906097,0.4715667068958282,0.6120957732200623,0.3835164606571197,model_output/terramind-rgb-nir-phaseF/change_metrics_multiclass_2013-2020.csv
TerraMind,GFM,F,RGB+NIR,cross-temporal,change-multiclass,before,1,0.1313280314207077,0.2321661412715912,0.4823856949806213,0.1528703570365905,model_output/terramind-rgb-nir-phaseF/change_metrics_multiclass_2013-2020.csv
TerraMind,GFM,F,RGB+NIR,cross-temporal,change-multiclass,before,2,0.1352750957012176,0.2383124679327011,0.9972113370895386,0.1353262960910797,model_output/terramind-rgb-nir-phaseF/change_metrics_multiclass_2013-2020.csv
TerraMind,GFM,F,RGB+NIR,cross-temporal,change-multiclass,before,3,0.0305400528013706,0.0592700019478797,0.0319913290441036,0.4023469388484955,model_output/terramind-rgb-nir-phaseF/change_metrics_multiclass_2013-2020.csv
TerraMind,GFM,F,RGB+NIR,cross-temporal,change-multiclass,before,4,0.1562618166208267,0.2702879607677459,0.5416709184646606,0.180070623755455,model_output/terramind-rgb-nir-phaseF/change_metrics_multiclass_2013-2020.csv
TerraMind,GFM,F,RGB+NIR,cross-temporal,change-multiclass,before,5,0.0994291082024574,0.1808740645647049,0.1134506836533546,0.4458286166191101,model_output/terramind-rgb-nir-phaseF/change_metrics_multiclass_2013-2020.csv
TerraMind,GFM,F,RGB+NIR,cross-temporal,change-multiclass,before,6,0.1610148251056671,0.2773691117763519,0.1721139401197433,0.7140287160873413,model_output/terramind-rgb-nir-phaseF/change_metrics_multiclass_2013-2020.csv
TerraMind,GFM,F,RGB+NIR,cross-temporal,change-multiclass,before,7,0.1348998248577118,0.23772993683815,0.1844058334827423,0.3344385623931885,model_output/terramind-rgb-nir-phaseF/change_metrics_multiclass_2013-2020.csv
TerraMind,GFM,F,RGB+NIR,cross-temporal,change-multiclass,before,8,0.1106379032135009,0.1992330700159073,0.1151726022362709,0.7375321984291077,model_output/terramind-rgb-nir-phaseF/change_metrics_multiclass_2013-2020.csv
TerraMind,GFM,F,RGB+NIR,cross-temporal,change-multiclass,after,0,0.4681422114372253,0.6377341747283936,0.630118727684021,0.6455360054969788,model_output/terramind-rgb-nir-phaseF/constraint_resolution_+_polygonfix_cc_updated/change_metrics_multiclass_2013-2020_after_postprocessing.csv
TerraMind,GFM,F,RGB+NIR,cross-temporal,change-multiclass,after,1,0.2495884299278259,0.3994730710983276,0.6115864515304565,0.2966035306453705,model_output/terramind-rgb-nir-phaseF/constraint_resolution_+_polygonfix_cc_updated/change_metrics_multiclass_2013-2020_after_postprocessing.csv
TerraMind,GFM,F,RGB+NIR,cross-temporal,change-multiclass,after,2,0.1488821506500244,0.2591773867607116,0.3937719166278839,0.1931553184986114,model_output/terramind-rgb-nir-phaseF/constraint_resolution_+_polygonfix_cc_updated/change_metrics_multiclass_2013-2020_after_postprocessing.csv
TerraMind,GFM,F,RGB+NIR,cross-temporal,change-multiclass,after,3,0.2362108528614044,0.3821530044078827,0.5734826326370239,0.2865515351295471,model_output/terramind-rgb-nir-phaseF/constraint_resolution_+_polygonfix_cc_updated/change_metrics_multiclass_2013-2020_after_postprocessing.csv
TerraMind,GFM,F,RGB+NIR,cross-temporal,change-multiclass,after,4,0.1511708945035934,0.2626384496688843,0.5593277215957642,0.171609878540039,model_output/terramind-rgb-nir-phaseF/constraint_resolution_+_polygonfix_cc_updated/change_metrics_multiclass_2013-2020_after_postprocessing.csv
TerraMind,GFM,F,RGB+NIR,cross-temporal,change-multiclass,after,5,0.0905861556529998,0.1661237776279449,0.0910019129514694,0.9519860148429872,model_output/terramind-rgb-nir-phaseF/constraint_resolution_+_polygonfix_cc_updated/change_metrics_multiclass_2013-2020_after_postprocessing.csv
TerraMind,GFM,F,RGB+NIR,cross-temporal,change-multiclass,after,6,0.2015289068222046,0.3354541063308716,0.2150712013244629,0.7619369626045227,model_output/terramind-rgb-nir-phaseF/constraint_resolution_+_polygonfix_cc_updated/change_metrics_multiclass_2013-2020_after_postprocessing.csv
TerraMind,GFM,F,RGB+NIR,cross-temporal,change-multiclass,after,7,0.1514514088630676,0.2630617320537567,0.2127319276332855,0.3445868194103241,model_output/terramind-rgb-nir-phaseF/constraint_resolution_+_polygonfix_cc_updated/change_metrics_multiclass_2013-2020_after_postprocessing.csv
TerraMind,GFM,F,RGB+NIR,cross-temporal,change-multiclass,after,8,0.1382934153079986,0.2429837733507156,0.1458572149276733,0.7272822856903076,model_output/terramind-rgb-nir-phaseF/constraint_resolution_+_polygonfix_cc_updated/change_metrics_multiclass_2013-2020_after_postprocessing.csv
TerraMind,GFM,E,RGB+NIR+nDSM,in-domain-seg,seg-2013,before,1,0.6232637763023376,0.767914354801178,0.8183644413948059,0.7233232855796814,model_output/terramind-rgb-nir-ndsm-phaseE/classification_metrics_2013.csv
TerraMind,GFM,E,RGB+NIR+nDSM,in-domain-seg,seg-2013,before,2,0.1932630240917205,0.3239236176013946,0.2082596123218536,0.7285463809967041,model_output/terramind-rgb-nir-ndsm-phaseE/classification_metrics_2013.csv
TerraMind,GFM,E,RGB+NIR+nDSM,in-domain-seg,seg-2013,before,3,0.2285766005516052,0.372099906206131,0.3353361487388611,0.417917251586914,model_output/terramind-rgb-nir-ndsm-phaseE/classification_metrics_2013.csv
TerraMind,GFM,E,RGB+NIR+nDSM,in-domain-seg,seg-2013,before,4,0.3502014577388763,0.5187395215034485,0.627479612827301,0.4421214461326599,model_output/terramind-rgb-nir-ndsm-phaseE/classification_metrics_2013.csv
TerraMind,GFM,E,RGB+NIR+nDSM,in-domain-seg,seg-2013,before,5,0.4219722151756286,0.5935027599334717,0.7269418239593506,0.5014546513557434,model_output/terramind-rgb-nir-ndsm-phaseE/classification_metrics_2013.csv
TerraMind,GFM,E,RGB+NIR+nDSM,in-domain-seg,seg-2013,before,6,0.1783767342567443,0.302749902009964,0.3182504177093506,0.2886891961097717,model_output/terramind-rgb-nir-ndsm-phaseE/classification_metrics_2013.csv
TerraMind,GFM,E,RGB+NIR+nDSM,in-domain-seg,seg-2013,before,7,0.325805127620697,0.491482675075531,0.459654837846756,0.5280460715293884,model_output/terramind-rgb-nir-ndsm-phaseE/classification_metrics_2013.csv
TerraMind,GFM,E,RGB+NIR+nDSM,in-domain-seg,seg-2013,before,8,0.0780230090022087,0.144752025604248,0.1004485189914703,0.2589744627475738,model_output/terramind-rgb-nir-ndsm-phaseE/classification_metrics_2013.csv
TerraMind,GFM,E,RGB+NIR+nDSM,in-domain-seg,seg-2013,before,9,0.387969434261322,0.5590461492538452,0.5163065195083618,0.6095001697540283,model_output/terramind-rgb-nir-ndsm-phaseE/classification_metrics_2013.csv
TerraMind,GFM,E,RGB+NIR+nDSM,in-domain-seg,seg-2013,before,10,0.1723330914974212,0.2940002381801605,0.2445119470357895,0.3686043620109558,model_output/terramind-rgb-nir-ndsm-phaseE/classification_metrics_2013.csv
TerraMind,GFM,E,RGB+NIR+nDSM,in-domain-seg,seg-2013,before,11,0.1284121125936508,0.2275978922843933,0.3044997155666351,0.1817074120044708,model_output/terramind-rgb-nir-ndsm-phaseE/classification_metrics_2013.csv
TerraMind,GFM,E,RGB+NIR+nDSM,in-domain-seg,seg-2013,before,12,0.1996063888072967,0.3327864706516266,0.6065998077392578,0.2292880564928054,model_output/terramind-rgb-nir-ndsm-phaseE/classification_metrics_2013.csv
TerraMind,GFM,E,RGB+NIR+nDSM,in-domain-seg,seg-2013,before,13,0.0471552275121212,0.090063489973545,0.0692505240440368,0.1287625730037689,model_output/terramind-rgb-nir-ndsm-phaseE/classification_metrics_2013.csv
TerraMind,GFM,E,RGB+NIR+nDSM,in-domain-seg,seg-2013,before,14,0.2088607847690582,0.3455498218536377,0.4073442816734314,0.3000343441963196,model_output/terramind-rgb-nir-ndsm-phaseE/classification_metrics_2013.csv
TerraMind,GFM,E,RGB+NIR+nDSM,in-domain-seg,seg-2013,before,15,0.3587204813957214,0.5280268788337708,0.4992319941520691,0.560346782207489,model_output/terramind-rgb-nir-ndsm-phaseE/classification_metrics_2013.csv
TerraMind,GFM,E,RGB+NIR+nDSM,in-domain-seg,seg-2013,before,16,0.1618539541959762,0.278613269329071,0.2259211987257003,0.3633605539798736,model_output/terramind-rgb-nir-ndsm-phaseE/classification_metrics_2013.csv
TerraMind,GFM,E,RGB+NIR+nDSM,in-domain-seg,seg-2013,before,17,0.0269073657691478,0.0524046644568443,0.0314670465886592,0.1566105633974075,model_output/terramind-rgb-nir-ndsm-phaseE/classification_metrics_2013.csv
TerraMind,GFM,E,RGB+NIR+nDSM,in-domain-seg,seg-2013,before,18,0.1947377324104309,0.3259924650192261,0.2825446724891662,0.3852306604385376,model_output/terramind-rgb-nir-ndsm-phaseE/classification_metrics_2013.csv
TerraMind,GFM,E,RGB+NIR+nDSM,in-domain-seg,seg-2013,before,19,0.338215559720993,0.5054724216461182,0.3617949783802032,0.8384352326393127,model_output/terramind-rgb-nir-ndsm-phaseE/classification_metrics_2013.csv
TerraMind,GFM,E,RGB+NIR+nDSM,in-domain-seg,seg-2013,before,20,0.6722016930580139,0.8039719462394714,0.8047616481781006,0.8031838536262512,model_output/terramind-rgb-nir-ndsm-phaseE/classification_metrics_2013.csv
TerraMind,GFM,E,RGB+NIR+nDSM,in-domain-seg,seg-2013,before,21,0.3750850558280945,0.5455445647239685,0.6843141913414001,0.4535672664642334,model_output/terramind-rgb-nir-ndsm-phaseE/classification_metrics_2013.csv
TerraMind,GFM,E,RGB+NIR+nDSM,in-domain-seg,seg-2013,before,22,0.4864189922809601,0.6544843316078186,0.6815744638442993,0.6294653415679932,model_output/terramind-rgb-nir-ndsm-phaseE/classification_metrics_2013.csv
TerraMind,GFM,E,RGB+NIR+nDSM,in-domain-seg,seg-2013,before,23,0.2589691579341888,0.4113987386226654,0.2953765988349914,0.6775274276733398,model_output/terramind-rgb-nir-ndsm-phaseE/classification_metrics_2013.csv
TerraMind,GFM,E,RGB+NIR+nDSM,in-domain-seg,seg-2013,after,1,0.791272759437561,0.8834754824638367,0.8716641664505005,0.8956112265586853,model_output/terramind-rgb-nir-ndsm-phaseE/constraint_resolution_+_polygonfix_cc_updated/classification_metrics_2013_after_postprocessing.csv
TerraMind,GFM,E,RGB+NIR+nDSM,in-domain-seg,seg-2013,after,2,0.1689468324184417,0.2890581786632538,0.1904870122671127,0.5990461707115173,model_output/terramind-rgb-nir-ndsm-phaseE/constraint_resolution_+_polygonfix_cc_updated/classification_metrics_2013_after_postprocessing.csv
TerraMind,GFM,E,RGB+NIR+nDSM,in-domain-seg,seg-2013,after,3,0.3866974413394928,0.5577242970466614,0.6664498448371887,0.4794982969760895,model_output/terramind-rgb-nir-ndsm-phaseE/constraint_resolution_+_polygonfix_cc_updated/classification_metrics_2013_after_postprocessing.csv
TerraMind,GFM,E,RGB+NIR+nDSM,in-domain-seg,seg-2013,after,4,0.5594420433044434,0.717490017414093,0.7715592980384827,0.6705025434494019,model_output/terramind-rgb-nir-ndsm-phaseE/constraint_resolution_+_polygonfix_cc_updated/classification_metrics_2013_after_postprocessing.csv
TerraMind,GFM,E,RGB+NIR+nDSM,in-domain-seg,seg-2013,after,5,0.7335286140441895,0.8462838530540466,0.8196591138839722,0.8746964335441589,model_output/terramind-rgb-nir-ndsm-phaseE/constraint_resolution_+_polygonfix_cc_updated/classification_metrics_2013_after_postprocessing.csv
TerraMind,GFM,E,RGB+NIR+nDSM,in-domain-seg,seg-2013,after,6,0.2737922668457031,0.4298852980136871,0.4575388729572296,0.4053839445114136,model_output/terramind-rgb-nir-ndsm-phaseE/constraint_resolution_+_polygonfix_cc_updated/classification_metrics_2013_after_postprocessing.csv
TerraMind,GFM,E,RGB+NIR+nDSM,in-domain-seg,seg-2013,after,7,0.3355970978736877,0.5025424361228943,0.598353922367096,0.433179497718811,model_output/terramind-rgb-nir-ndsm-phaseE/constraint_resolution_+_polygonfix_cc_updated/classification_metrics_2013_after_postprocessing.csv
TerraMind,GFM,E,RGB+NIR+nDSM,in-domain-seg,seg-2013,after,8,0.189479261636734,0.3185919523239136,0.3978102207183838,0.2656846344470978,model_output/terramind-rgb-nir-ndsm-phaseE/constraint_resolution_+_polygonfix_cc_updated/classification_metrics_2013_after_postprocessing.csv
TerraMind,GFM,E,RGB+NIR+nDSM,in-domain-seg,seg-2013,after,9,0.5965104103088379,0.7472676634788513,0.7335164546966553,0.7615443468093872,model_output/terramind-rgb-nir-ndsm-phaseE/constraint_resolution_+_polygonfix_cc_updated/classification_metrics_2013_after_postprocessing.csv
TerraMind,GFM,E,RGB+NIR+nDSM,in-domain-seg,seg-2013,after,10,0.3106160759925842,0.4740000963211059,0.4326009154319763,0.5241615176200867,model_output/terramind-rgb-nir-ndsm-phaseE/constraint_resolution_+_polygonfix_cc_updated/classification_metrics_2013_after_postprocessing.csv
TerraMind,GFM,E,RGB+NIR+nDSM,in-domain-seg,seg-2013,after,11,0.4215012490749359,0.5930367708206177,0.709726095199585,0.5093003511428833,model_output/terramind-rgb-nir-ndsm-phaseE/constraint_resolution_+_polygonfix_cc_updated/classification_metrics_2013_after_postprocessing.csv
TerraMind,GFM,E,RGB+NIR+nDSM,in-domain-seg,seg-2013,after,12,0.3400082886219024,0.5074719190597534,0.8715410828590393,0.3579467236995697,model_output/terramind-rgb-nir-ndsm-phaseE/constraint_resolution_+_polygonfix_cc_updated/classification_metrics_2013_after_postprocessing.csv
TerraMind,GFM,E,RGB+NIR+nDSM,in-domain-seg,seg-2013,after,13,0.0364021770656108,0.0702472031116485,0.0702185779809951,0.0702758505940437,model_output/terramind-rgb-nir-ndsm-phaseE/constraint_resolution_+_polygonfix_cc_updated/classification_metrics_2013_after_postprocessing.csv
TerraMind,GFM,E,RGB+NIR+nDSM,in-domain-seg,seg-2013,after,14,0.3559303879737854,0.5249980092048645,0.6384494304656982,0.4457831084728241,model_output/terramind-rgb-nir-ndsm-phaseE/constraint_resolution_+_polygonfix_cc_updated/classification_metrics_2013_after_postprocessing.csv
TerraMind,GFM,E,RGB+NIR+nDSM,in-domain-seg,seg-2013,after,15,0.5302027463912964,0.6929836869239807,0.620581865310669,0.7845107316970825,model_output/terramind-rgb-nir-ndsm-phaseE/constraint_resolution_+_polygonfix_cc_updated/classification_metrics_2013_after_postprocessing.csv
TerraMind,GFM,E,RGB+NIR+nDSM,in-domain-seg,seg-2013,after,16,0.3298083543777466,0.4960238933563232,0.389520525932312,0.6826846599578857,model_output/terramind-rgb-nir-ndsm-phaseE/constraint_resolution_+_polygonfix_cc_updated/classification_metrics_2013_after_postprocessing.csv
TerraMind,GFM,E,RGB+NIR+nDSM,in-domain-seg,seg-2013,after,17,0.0657180622220039,0.1233310475945472,0.0889616087079048,0.2009762227535247,model_output/terramind-rgb-nir-ndsm-phaseE/constraint_resolution_+_polygonfix_cc_updated/classification_metrics_2013_after_postprocessing.csv
TerraMind,GFM,E,RGB+NIR+nDSM,in-domain-seg,seg-2013,after,18,0.2309578359127044,0.3752489686012268,0.2351986020803451,0.9275842308998108,model_output/terramind-rgb-nir-ndsm-phaseE/constraint_resolution_+_polygonfix_cc_updated/classification_metrics_2013_after_postprocessing.csv
TerraMind,GFM,E,RGB+NIR+nDSM,in-domain-seg,seg-2013,after,19,0.3472681939601898,0.5155145525932312,0.3515985310077667,0.9657490253448486,model_output/terramind-rgb-nir-ndsm-phaseE/constraint_resolution_+_polygonfix_cc_updated/classification_metrics_2013_after_postprocessing.csv
TerraMind,GFM,E,RGB+NIR+nDSM,in-domain-seg,seg-2013,after,20,0.8534830212593079,0.9209505319595336,0.9150928854942322,0.9268835186958312,model_output/terramind-rgb-nir-ndsm-phaseE/constraint_resolution_+_polygonfix_cc_updated/classification_metrics_2013_after_postprocessing.csv
TerraMind,GFM,E,RGB+NIR+nDSM,in-domain-seg,seg-2013,after,21,0.5155822038650513,0.6803750991821289,0.8758701086044312,0.5562251210212708,model_output/terramind-rgb-nir-ndsm-phaseE/constraint_resolution_+_polygonfix_cc_updated/classification_metrics_2013_after_postprocessing.csv
TerraMind,GFM,E,RGB+NIR+nDSM,in-domain-seg,seg-2013,after,22,0.7331597805023193,0.846038281917572,0.8435320854187012,0.8485594987869263,model_output/terramind-rgb-nir-ndsm-phaseE/constraint_resolution_+_polygonfix_cc_updated/classification_metrics_2013_after_postprocessing.csv
TerraMind,GFM,E,RGB+NIR+nDSM,in-domain-seg,seg-2013,after,23,0.4700051546096802,0.639460563659668,0.545637309551239,0.7722503542900085,model_output/terramind-rgb-nir-ndsm-phaseE/constraint_resolution_+_polygonfix_cc_updated/classification_metrics_2013_after_postprocessing.csv
TerraMind,GFM,E,RGB+NIR+nDSM,cross-temporal-seg,seg-2020,before,1,0.119455337524414,0.2134168893098831,0.1693731993436813,0.2884165048599243,model_output/terramind-rgb-nir-ndsm-phaseE/classification_metrics_2020.csv
TerraMind,GFM,E,RGB+NIR+nDSM,cross-temporal-seg,seg-2020,before,2,0.1157800629734993,0.207532063126564,0.1647506207227707,0.2803252041339874,model_output/terramind-rgb-nir-ndsm-phaseE/classification_metrics_2020.csv
TerraMind,GFM,E,RGB+NIR+nDSM,cross-temporal-seg,seg-2020,before,3,0.2141917645931244,0.352813720703125,0.3188484311103821,0.394878089427948,model_output/terramind-rgb-nir-ndsm-phaseE/classification_metrics_2020.csv
TerraMind,GFM,E,RGB+NIR+nDSM,cross-temporal-seg,seg-2020,before,4,0.2009756416082382,0.3346872925758362,0.4801777899265289,0.2568604052066803,model_output/terramind-rgb-nir-ndsm-phaseE/classification_metrics_2020.csv
TerraMind,GFM,E,RGB+NIR+nDSM,cross-temporal-seg,seg-2020,before,5,0.256690114736557,0.4085177481174469,0.573910117149353,0.3171265721321106,model_output/terramind-rgb-nir-ndsm-phaseE/classification_metrics_2020.csv
TerraMind,GFM,E,RGB+NIR+nDSM,cross-temporal-seg,seg-2020,before,6,0.0978807657957077,0.1783085465431213,0.1375865489244461,0.2532696723937988,model_output/terramind-rgb-nir-ndsm-phaseE/classification_metrics_2020.csv
TerraMind,GFM,E,RGB+NIR+nDSM,cross-temporal-seg,seg-2020,before,7,0.303452730178833,0.4656137228012085,0.3617344796657562,0.6531903147697449,model_output/terramind-rgb-nir-ndsm-phaseE/classification_metrics_2020.csv
TerraMind,GFM,E,RGB+NIR+nDSM,cross-temporal-seg,seg-2020,before,8,0.1705721616744995,0.2914338409900665,0.4906694889068603,0.2072715163230896,model_output/terramind-rgb-nir-ndsm-phaseE/classification_metrics_2020.csv
TerraMind,GFM,E,RGB+NIR+nDSM,cross-temporal-seg,seg-2020,before,9,0.2282908111810684,0.371721088886261,0.3048374354839325,0.4762038290500641,model_output/terramind-rgb-nir-ndsm-phaseE/classification_metrics_2020.csv
TerraMind,GFM,E,RGB+NIR+nDSM,cross-temporal-seg,seg-2020,before,10,0.1825805306434631,0.3087832331657409,0.2918736934661865,0.3277725577354431,model_output/terramind-rgb-nir-ndsm-phaseE/classification_metrics_2020.csv
TerraMind,GFM,E,RGB+NIR+nDSM,cross-temporal-seg,seg-2020,before,11,0.1973352283239364,0.3296240270137787,0.5006558299064636,0.2456918656826019,model_output/terramind-rgb-nir-ndsm-phaseE/classification_metrics_2020.csv
TerraMind,GFM,E,RGB+NIR+nDSM,cross-temporal-seg,seg-2020,before,12,0.1814141124486923,0.3071134984493255,0.403570145368576,0.2478704154491424,model_output/terramind-rgb-nir-ndsm-phaseE/classification_metrics_2020.csv
TerraMind,GFM,E,RGB+NIR+nDSM,cross-temporal-seg,seg-2020,before,13,0.1051793619990348,0.190338984131813,0.1557237803936004,0.2447415888309478,model_output/terramind-rgb-nir-ndsm-phaseE/classification_metrics_2020.csv
TerraMind,GFM,E,RGB+NIR+nDSM,cross-temporal-seg,seg-2020,before,14,0.1752975583076477,0.2983032464981079,0.405663251876831,0.2358775734901428,model_output/terramind-rgb-nir-ndsm-phaseE/classification_metrics_2020.csv
TerraMind,GFM,E,RGB+NIR+nDSM,cross-temporal-seg,seg-2020,before,15,0.2151868045330047,0.3541624844074249,0.4205907583236694,0.3058555722236633,model_output/terramind-rgb-nir-ndsm-phaseE/classification_metrics_2020.csv
TerraMind,GFM,E,RGB+NIR+nDSM,cross-temporal-seg,seg-2020,before,16,0.1859308332204818,0.3135610222816467,0.3743014633655548,0.2697817087173462,model_output/terramind-rgb-nir-ndsm-phaseE/classification_metrics_2020.csv
TerraMind,GFM,E,RGB+NIR+nDSM,cross-temporal-seg,seg-2020,before,17,0.1159222796559333,0.2077604979276657,0.1441753953695297,0.3716818690299988,model_output/terramind-rgb-nir-ndsm-phaseE/classification_metrics_2020.csv
TerraMind,GFM,E,RGB+NIR+nDSM,cross-temporal-seg,seg-2020,before,18,0.3569426238536834,0.5260983109474182,0.5126335024833679,0.540289580821991,model_output/terramind-rgb-nir-ndsm-phaseE/classification_metrics_2020.csv
TerraMind,GFM,E,RGB+NIR+nDSM,cross-temporal-seg,seg-2020,before,19,0.1887200772762298,0.3175181448459625,0.2171029299497604,0.5907571911811829,model_output/terramind-rgb-nir-ndsm-phaseE/classification_metrics_2020.csv
TerraMind,GFM,E,RGB+NIR+nDSM,cross-temporal-seg,seg-2020,before,20,0.3064075112342834,0.4690841138362884,0.794258713722229,0.3328238725662231,model_output/terramind-rgb-nir-ndsm-phaseE/classification_metrics_2020.csv
TerraMind,GFM,E,RGB+NIR+nDSM,cross-temporal-seg,seg-2020,before,21,0.251325398683548,0.4016947150230407,0.5677628517150879,0.3107900023460388,model_output/terramind-rgb-nir-ndsm-phaseE/classification_metrics_2020.csv
TerraMind,GFM,E,RGB+NIR+nDSM,cross-temporal-seg,seg-2020,before,22,0.1465024054050445,0.2555640637874603,0.3223832249641418,0.2116882354021072,model_output/terramind-rgb-nir-ndsm-phaseE/classification_metrics_2020.csv
TerraMind,GFM,E,RGB+NIR+nDSM,cross-temporal-seg,seg-2020,before,23,0.294949322938919,0.4555380046367645,0.3431495726108551,0.6774004101753235,model_output/terramind-rgb-nir-ndsm-phaseE/classification_metrics_2020.csv
TerraMind,GFM,E,RGB+NIR+nDSM,cross-temporal-seg,seg-2020,after,1,0.2799599170684814,0.4374510645866394,0.7991461157798767,0.3011499941349029,model_output/terramind-rgb-nir-ndsm-phaseE/constraint_resolution_+_polygonfix_cc_updated/classification_metrics_2020_after_postprocessing.csv
TerraMind,GFM,E,RGB+NIR+nDSM,cross-temporal-seg,seg-2020,after,2,0.1860891282558441,0.3137860894203186,0.3554717004299164,0.2808510959148407,model_output/terramind-rgb-nir-ndsm-phaseE/constraint_resolution_+_polygonfix_cc_updated/classification_metrics_2020_after_postprocessing.csv
TerraMind,GFM,E,RGB+NIR+nDSM,cross-temporal-seg,seg-2020,after,3,0.3985887765884399,0.5699870586395264,0.521729588508606,0.6280816197395325,model_output/terramind-rgb-nir-ndsm-phaseE/constraint_resolution_+_polygonfix_cc_updated/classification_metrics_2020_after_postprocessing.csv
TerraMind,GFM,E,RGB+NIR+nDSM,cross-temporal-seg,seg-2020,after,4,0.3081388175487518,0.4711102545261383,0.6771891117095947,0.3611935973167419,model_output/terramind-rgb-nir-ndsm-phaseE/constraint_resolution_+_polygonfix_cc_updated/classification_metrics_2020_after_postprocessing.csv
TerraMind,GFM,E,RGB+NIR+nDSM,cross-temporal-seg,seg-2020,after,5,0.391820877790451,0.5630334615707397,0.7142493724822998,0.4646590650081634,model_output/terramind-rgb-nir-ndsm-phaseE/constraint_resolution_+_polygonfix_cc_updated/classification_metrics_2020_after_postprocessing.csv
TerraMind,GFM,E,RGB+NIR+nDSM,cross-temporal-seg,seg-2020,after,6,0.151503786444664,0.2631407380104065,0.2308429926633834,0.3059463798999786,model_output/terramind-rgb-nir-ndsm-phaseE/constraint_resolution_+_polygonfix_cc_updated/classification_metrics_2020_after_postprocessing.csv
TerraMind,GFM,E,RGB+NIR+nDSM,cross-temporal-seg,seg-2020,after,7,0.4385846555233001,0.609744668006897,0.5264403820037842,0.7243694067001343,model_output/terramind-rgb-nir-ndsm-phaseE/constraint_resolution_+_polygonfix_cc_updated/classification_metrics_2020_after_postprocessing.csv
TerraMind,GFM,E,RGB+NIR+nDSM,cross-temporal-seg,seg-2020,after,8,0.1082425639033317,0.1953409314155578,0.5696876645088196,0.1178805753588676,model_output/terramind-rgb-nir-ndsm-phaseE/constraint_resolution_+_polygonfix_cc_updated/classification_metrics_2020_after_postprocessing.csv
TerraMind,GFM,E,RGB+NIR+nDSM,cross-temporal-seg,seg-2020,after,9,0.2829132378101349,0.4410481452941894,0.349465936422348,0.59767746925354,model_output/terramind-rgb-nir-ndsm-phaseE/constraint_resolution_+_polygonfix_cc_updated/classification_metrics_2020_after_postprocessing.csv
TerraMind,GFM,E,RGB+NIR+nDSM,cross-temporal-seg,seg-2020,after,10,0.2690760493278503,0.4240503013134002,0.4066080451011657,0.4430560767650604,model_output/terramind-rgb-nir-ndsm-phaseE/constraint_resolution_+_polygonfix_cc_updated/classification_metrics_2020_after_postprocessing.csv
TerraMind,GFM,E,RGB+NIR+nDSM,cross-temporal-seg,seg-2020,after,11,0.1185281127691268,0.2119358777999878,0.7594567537307739,0.1231514140963554,model_output/terramind-rgb-nir-ndsm-phaseE/constraint_resolution_+_polygonfix_cc_updated/classification_metrics_2020_after_postprocessing.csv
TerraMind,GFM,E,RGB+NIR+nDSM,cross-temporal-seg,seg-2020,after,12,0.2483956217765808,0.3979437947273254,0.3784364461898803,0.4195714592933655,model_output/terramind-rgb-nir-ndsm-phaseE/constraint_resolution_+_polygonfix_cc_updated/classification_metrics_2020_after_postprocessing.csv
TerraMind,GFM,E,RGB+NIR+nDSM,cross-temporal-seg,seg-2020,after,13,0.0991200283169746,0.1803625226020813,0.2547462880611419,0.1396003812551498,model_output/terramind-rgb-nir-ndsm-phaseE/constraint_resolution_+_polygonfix_cc_updated/classification_metrics_2020_after_postprocessing.csv
TerraMind,GFM,E,RGB+NIR+nDSM,cross-temporal-seg,seg-2020,after,14,0.2621121406555176,0.4153548181056976,0.4273104667663574,0.4040499329566955,model_output/terramind-rgb-nir-ndsm-phaseE/constraint_resolution_+_polygonfix_cc_updated/classification_metrics_2020_after_postprocessing.csv
TerraMind,GFM,E,RGB+NIR+nDSM,cross-temporal-seg,seg-2020,after,15,0.1764985918998718,0.3000404834747314,0.4266898334026336,0.2313666045665741,model_output/terramind-rgb-nir-ndsm-phaseE/constraint_resolution_+_polygonfix_cc_updated/classification_metrics_2020_after_postprocessing.csv
TerraMind,GFM,E,RGB+NIR+nDSM,cross-temporal-seg,seg-2020,after,16,0.1815913319587707,0.3073674142360687,0.2364352941513061,0.4391003847122192,model_output/terramind-rgb-nir-ndsm-phaseE/constraint_resolution_+_polygonfix_cc_updated/classification_metrics_2020_after_postprocessing.csv
TerraMind,GFM,E,RGB+NIR+nDSM,cross-temporal-seg,seg-2020,after,17,0.0943472310900688,0.1724264919757843,0.1778464168310165,0.1673271507024765,model_output/terramind-rgb-nir-ndsm-phaseE/constraint_resolution_+_polygonfix_cc_updated/classification_metrics_2020_after_postprocessing.csv
TerraMind,GFM,E,RGB+NIR+nDSM,cross-temporal-seg,seg-2020,after,18,0.4175693690776825,0.5891342759132385,0.4673205316066742,0.7968427538871765,model_output/terramind-rgb-nir-ndsm-phaseE/constraint_resolution_+_polygonfix_cc_updated/classification_metrics_2020_after_postprocessing.csv
TerraMind,GFM,E,RGB+NIR+nDSM,cross-temporal-seg,seg-2020,after,19,0.1919509619474411,0.3220786154270172,0.2109386622905731,0.6807586550712585,model_output/terramind-rgb-nir-ndsm-phaseE/constraint_resolution_+_polygonfix_cc_updated/classification_metrics_2020_after_postprocessing.csv
TerraMind,GFM,E,RGB+NIR+nDSM,cross-temporal-seg,seg-2020,after,20,0.3453071415424347,0.5133506059646606,0.8488790988922119,0.3679245710372925,model_output/terramind-rgb-nir-ndsm-phaseE/constraint_resolution_+_polygonfix_cc_updated/classification_metrics_2020_after_postprocessing.csv
TerraMind,GFM,E,RGB+NIR+nDSM,cross-temporal-seg,seg-2020,after,21,0.3224212229251861,0.4876224994659424,0.7554776072502136,0.3599884510040283,model_output/terramind-rgb-nir-ndsm-phaseE/constraint_resolution_+_polygonfix_cc_updated/classification_metrics_2020_after_postprocessing.csv
TerraMind,GFM,E,RGB+NIR+nDSM,cross-temporal-seg,seg-2020,after,22,0.2420190423727035,0.3897187411785126,0.514945924282074,0.3134840726852417,model_output/terramind-rgb-nir-ndsm-phaseE/constraint_resolution_+_polygonfix_cc_updated/classification_metrics_2020_after_postprocessing.csv
TerraMind,GFM,E,RGB+NIR+nDSM,cross-temporal-seg,seg-2020,after,23,0.4432141482830047,0.6142042875289917,0.5085027813911438,0.7753812670707703,model_output/terramind-rgb-nir-ndsm-phaseE/constraint_resolution_+_polygonfix_cc_updated/classification_metrics_2020_after_postprocessing.csv
TerraMind,GFM,E,RGB+NIR+nDSM,cross-temporal,change-binary,before,0,0.3281591534614563,0.4941563904285431,0.7091338634490967,0.3792000114917755,model_output/terramind-rgb-nir-ndsm-phaseE/change_metrics_binary_2013-2020.csv
TerraMind,GFM,E,RGB+NIR+nDSM,cross-temporal,change-binary,before,1,0.4107423722743988,0.5823066830635071,0.465723842382431,0.7767465710639954,model_output/terramind-rgb-nir-ndsm-phaseE/change_metrics_binary_2013-2020.csv
TerraMind,GFM,E,RGB+NIR+nDSM,cross-temporal,change-binary,after,0,0.4063771665096283,0.5779063701629639,0.6670919060707092,0.5097556710243225,model_output/terramind-rgb-nir-ndsm-phaseE/constraint_resolution_+_polygonfix_cc_updated/change_metrics_binary_2013-2020_after_postprocessing.csv
TerraMind,GFM,E,RGB+NIR+nDSM,cross-temporal,change-binary,after,1,0.3715139329433441,0.5417574644088745,0.4730916023254394,0.6337401270866394,model_output/terramind-rgb-nir-ndsm-phaseE/constraint_resolution_+_polygonfix_cc_updated/change_metrics_binary_2013-2020_after_postprocessing.csv
TerraMind,GFM,E,RGB+NIR+nDSM,cross-temporal,change-multiclass,before,0,0.3281591832637787,0.4941563904285431,0.7091338634490967,0.3792000114917755,model_output/terramind-rgb-nir-ndsm-phaseE/change_metrics_multiclass_2013-2020.csv
TerraMind,GFM,E,RGB+NIR+nDSM,cross-temporal,change-multiclass,before,1,0.2348189949989318,0.3803293704986572,0.5007284879684448,0.3066065311431885,model_output/terramind-rgb-nir-ndsm-phaseE/change_metrics_multiclass_2013-2020.csv
TerraMind,GFM,E,RGB+NIR+nDSM,cross-temporal,change-multiclass,before,2,0.2922576069831848,0.4523209929466247,0.521359384059906,0.3994286656379699,model_output/terramind-rgb-nir-ndsm-phaseE/change_metrics_multiclass_2013-2020.csv
TerraMind,GFM,E,RGB+NIR+nDSM,cross-temporal,change-multiclass,before,3,0.0747274905443191,0.139063149690628,0.0833141282200813,0.4203110337257385,model_output/terramind-rgb-nir-ndsm-phaseE/change_metrics_multiclass_2013-2020.csv
TerraMind,GFM,E,RGB+NIR+nDSM,cross-temporal,change-multiclass,before,4,0.3177946209907532,0.4823128581047058,0.5304654240608215,0.4421747922897339,model_output/terramind-rgb-nir-ndsm-phaseE/change_metrics_multiclass_2013-2020.csv
TerraMind,GFM,E,RGB+NIR+nDSM,cross-temporal,change-multiclass,before,5,0.1686850041151046,0.2886748909950256,0.2231019288301468,0.4088385999202728,model_output/terramind-rgb-nir-ndsm-phaseE/change_metrics_multiclass_2013-2020.csv
TerraMind,GFM,E,RGB+NIR+nDSM,cross-temporal,change-multiclass,before,6,0.1405643820762634,0.2464821487665176,0.1568495333194732,0.5751618146896362,model_output/terramind-rgb-nir-ndsm-phaseE/change_metrics_multiclass_2013-2020.csv
TerraMind,GFM,E,RGB+NIR+nDSM,cross-temporal,change-multiclass,before,7,0.0748237818479538,0.1392298638820648,0.0795621499419212,0.5568105578422546,model_output/terramind-rgb-nir-ndsm-phaseE/change_metrics_multiclass_2013-2020.csv
TerraMind,GFM,E,RGB+NIR+nDSM,cross-temporal,change-multiclass,before,8,0.06412024050951,0.1205131560564041,0.07061517983675,0.4107726216316223,model_output/terramind-rgb-nir-ndsm-phaseE/change_metrics_multiclass_2013-2020.csv
TerraMind,GFM,E,RGB+NIR+nDSM,cross-temporal,change-multiclass,after,0,0.406377226114273,0.5779063701629639,0.6670919060707092,0.5097556710243225,model_output/terramind-rgb-nir-ndsm-phaseE/constraint_resolution_+_polygonfix_cc_updated/change_metrics_multiclass_2013-2020_after_postprocessing.csv
TerraMind,GFM,E,RGB+NIR+nDSM,cross-temporal,change-multiclass,after,1,0.1473173946142196,0.2568031847476959,0.6011136174201965,0.1632789969444275,model_output/terramind-rgb-nir-ndsm-phaseE/constraint_resolution_+_polygonfix_cc_updated/change_metrics_multiclass_2013-2020_after_postprocessing.csv
TerraMind,GFM,E,RGB+NIR+nDSM,cross-temporal,change-multiclass,after,2,0.1279105991125106,0.2268098145723343,0.352904200553894,0.1671030670404434,model_output/terramind-rgb-nir-ndsm-phaseE/constraint_resolution_+_polygonfix_cc_updated/change_metrics_multiclass_2013-2020_after_postprocessing.csv
TerraMind,GFM,E,RGB+NIR+nDSM,cross-temporal,change-multiclass,after,3,0.1440149396657943,0.2517710924148559,0.5008358359336853,0.1681502610445022,model_output/terramind-rgb-nir-ndsm-phaseE/constraint_resolution_+_polygonfix_cc_updated/change_metrics_multiclass_2013-2020_after_postprocessing.csv
TerraMind,GFM,E,RGB+NIR+nDSM,cross-temporal,change-multiclass,after,4,0.3348610699176788,0.501716673374176,0.5481955409049988,0.4625032842159271,model_output/terramind-rgb-nir-ndsm-phaseE/constraint_resolution_+_polygonfix_cc_updated/change_metrics_multiclass_2013-2020_after_postprocessing.csv
TerraMind,GFM,E,RGB+NIR+nDSM,cross-temporal,change-multiclass,after,5,0.0851640254259109,0.1569606512784958,0.0879045501351356,0.7320259213447571,model_output/terramind-rgb-nir-ndsm-phaseE/constraint_resolution_+_polygonfix_cc_updated/change_metrics_multiclass_2013-2020_after_postprocessing.csv
TerraMind,GFM,E,RGB+NIR+nDSM,cross-temporal,change-multiclass,after,6,0.1656696051359176,0.2842479646205902,0.1923306584358215,0.5444455742835999,model_output/terramind-rgb-nir-ndsm-phaseE/constraint_resolution_+_polygonfix_cc_updated/change_metrics_multiclass_2013-2020_after_postprocessing.csv
TerraMind,GFM,E,RGB+NIR+nDSM,cross-temporal,change-multiclass,after,7,0.0699172988533973,0.130696639418602,0.0730959549546241,0.6165356636047363,model_output/terramind-rgb-nir-ndsm-phaseE/constraint_resolution_+_polygonfix_cc_updated/change_metrics_multiclass_2013-2020_after_postprocessing.csv
TerraMind,GFM,E,RGB+NIR+nDSM,cross-temporal,change-multiclass,after,8,0.0791239738464355,0.1466448307037353,0.0931003242731094,0.3451499044895172,model_output/terramind-rgb-nir-ndsm-phaseE/constraint_resolution_+_polygonfix_cc_updated/change_metrics_multiclass_2013-2020_after_postprocessing.csv
U-Net,CNN,F,RGB+NIR,in-domain-seg,seg-2013,before,1,0.5943530201911926,0.7455726861953735,0.7185501456260681,0.7747071385383606,model_output/unet-mit-b2-rgb-nir-phaseF/classification_metrics_2013.csv
U-Net,CNN,F,RGB+NIR,in-domain-seg,seg-2013,before,2,0.2064033150672912,0.3421796262264251,0.2609270513057709,0.4969203472137451,model_output/unet-mit-b2-rgb-nir-phaseF/classification_metrics_2013.csv
U-Net,CNN,F,RGB+NIR,in-domain-seg,seg-2013,before,3,0.361834317445755,0.5313925743103027,0.443773090839386,0.6621237993240356,model_output/unet-mit-b2-rgb-nir-phaseF/classification_metrics_2013.csv
U-Net,CNN,F,RGB+NIR,in-domain-seg,seg-2013,before,4,0.4428255259990692,0.613831102848053,0.5800461769104004,0.651794970035553,model_output/unet-mit-b2-rgb-nir-phaseF/classification_metrics_2013.csv
U-Net,CNN,F,RGB+NIR,in-domain-seg,seg-2013,before,5,0.4547211527824402,0.6251660585403442,0.8213364481925964,0.5046370029449463,model_output/unet-mit-b2-rgb-nir-phaseF/classification_metrics_2013.csv
U-Net,CNN,F,RGB+NIR,in-domain-seg,seg-2013,before,6,0.2123378962278366,0.3502948880195617,0.3339510262012481,0.368320882320404,model_output/unet-mit-b2-rgb-nir-phaseF/classification_metrics_2013.csv
U-Net,CNN,F,RGB+NIR,in-domain-seg,seg-2013,before,7,0.3663924634456634,0.536291778087616,0.5219799876213074,0.5514103770256042,model_output/unet-mit-b2-rgb-nir-phaseF/classification_metrics_2013.csv
U-Net,CNN,F,RGB+NIR,in-domain-seg,seg-2013,before,8,0.1111596897244453,0.2000786960124969,0.17790587246418,0.2285653203725814,model_output/unet-mit-b2-rgb-nir-phaseF/classification_metrics_2013.csv
U-Net,CNN,F,RGB+NIR,in-domain-seg,seg-2013,before,9,0.3881819546222687,0.5592666268348694,0.5710734724998474,0.5479381084442139,model_output/unet-mit-b2-rgb-nir-phaseF/classification_metrics_2013.csv
U-Net,CNN,F,RGB+NIR,in-domain-seg,seg-2013,before,10,0.1628890484571457,0.2801454663276672,0.2316507548093795,0.3543204069137573,model_output/unet-mit-b2-rgb-nir-phaseF/classification_metrics_2013.csv
U-Net,CNN,F,RGB+NIR,in-domain-seg,seg-2013,before,11,0.1616335213184356,0.2782866060733795,0.2473050057888031,0.3181425034999847,model_output/unet-mit-b2-rgb-nir-phaseF/classification_metrics_2013.csv
U-Net,CNN,F,RGB+NIR,in-domain-seg,seg-2013,before,12,0.3343106210231781,0.5010986328125,0.5673256516456604,0.4487174153327942,model_output/unet-mit-b2-rgb-nir-phaseF/classification_metrics_2013.csv
U-Net,CNN,F,RGB+NIR,in-domain-seg,seg-2013,before,13,0.1028753519058227,0.1865584403276443,0.18637216091156,0.1867450922727584,model_output/unet-mit-b2-rgb-nir-phaseF/classification_metrics_2013.csv
U-Net,CNN,F,RGB+NIR,in-domain-seg,seg-2013,before,14,0.2073535472154617,0.3434843420982361,0.3779831528663635,0.3147563338279724,model_output/unet-mit-b2-rgb-nir-phaseF/classification_metrics_2013.csv
U-Net,CNN,F,RGB+NIR,in-domain-seg,seg-2013,before,15,0.2532272338867187,0.4041202366352081,0.4528035223484039,0.3648890852928161,model_output/unet-mit-b2-rgb-nir-phaseF/classification_metrics_2013.csv
U-Net,CNN,F,RGB+NIR,in-domain-seg,seg-2013,before,16,0.1630185395479202,0.2803369462490082,0.2547256350517273,0.3116741776466369,model_output/unet-mit-b2-rgb-nir-phaseF/classification_metrics_2013.csv
U-Net,CNN,F,RGB+NIR,in-domain-seg,seg-2013,before,17,0.0195282120257616,0.0383083298802375,0.0462989248335361,0.0326699279248714,model_output/unet-mit-b2-rgb-nir-phaseF/classification_metrics_2013.csv
U-Net,CNN,F,RGB+NIR,in-domain-seg,seg-2013,before,18,0.2627069652080536,0.4161011874675751,0.3408836126327514,0.533911406993866,model_output/unet-mit-b2-rgb-nir-phaseF/classification_metrics_2013.csv
U-Net,CNN,F,RGB+NIR,in-domain-seg,seg-2013,before,19,0.3569154441356659,0.5260688066482544,0.4472750723361969,0.6385601162910461,model_output/unet-mit-b2-rgb-nir-phaseF/classification_metrics_2013.csv
U-Net,CNN,F,RGB+NIR,in-domain-seg,seg-2013,before,20,0.6627091765403748,0.797143816947937,0.8850921988487244,0.7250939011573792,model_output/unet-mit-b2-rgb-nir-phaseF/classification_metrics_2013.csv
U-Net,CNN,F,RGB+NIR,in-domain-seg,seg-2013,before,21,0.3500356078147888,0.518557608127594,0.5342003703117371,0.5038049221038818,model_output/unet-mit-b2-rgb-nir-phaseF/classification_metrics_2013.csv
U-Net,CNN,F,RGB+NIR,in-domain-seg,seg-2013,before,22,0.5224108099937439,0.6862941384315491,0.6434529423713684,0.7352469563484192,model_output/unet-mit-b2-rgb-nir-phaseF/classification_metrics_2013.csv
U-Net,CNN,F,RGB+NIR,in-domain-seg,seg-2013,before,23,0.4113107621669769,0.5828776955604553,0.5047268867492676,0.6896637082099915,model_output/unet-mit-b2-rgb-nir-phaseF/classification_metrics_2013.csv
U-Net,CNN,F,RGB+NIR,in-domain-seg,seg-2013,after,1,0.8211303353309631,0.9017809629440308,0.8507274389266968,0.9593532681465148,model_output/unet-mit-b2-rgb-nir-phaseF/constraint_resolution_+_polygonfix_cc_updated/classification_metrics_2013_after_postprocessing.csv
U-Net,CNN,F,RGB+NIR,in-domain-seg,seg-2013,after,2,0.2250232249498367,0.367377907037735,0.2964246571063995,0.482987493276596,model_output/unet-mit-b2-rgb-nir-phaseF/constraint_resolution_+_polygonfix_cc_updated/classification_metrics_2013_after_postprocessing.csv
U-Net,CNN,F,RGB+NIR,in-domain-seg,seg-2013,after,3,0.5733340978622437,0.7288141846656799,0.7732395529747009,0.6892163157463074,model_output/unet-mit-b2-rgb-nir-phaseF/constraint_resolution_+_polygonfix_cc_updated/classification_metrics_2013_after_postprocessing.csv
U-Net,CNN,F,RGB+NIR,in-domain-seg,seg-2013,after,4,0.5823220610618591,0.7360348105430603,0.6743190288543701,0.8101855516433716,model_output/unet-mit-b2-rgb-nir-phaseF/constraint_resolution_+_polygonfix_cc_updated/classification_metrics_2013_after_postprocessing.csv
U-Net,CNN,F,RGB+NIR,in-domain-seg,seg-2013,after,5,0.7660952210426331,0.8675583004951477,0.9446340203285216,0.8021114468574524,model_output/unet-mit-b2-rgb-nir-phaseF/constraint_resolution_+_polygonfix_cc_updated/classification_metrics_2013_after_postprocessing.csv
U-Net,CNN,F,RGB+NIR,in-domain-seg,seg-2013,after,6,0.3810209929943084,0.5517960786819458,0.5364680886268616,0.5680257081985474,model_output/unet-mit-b2-rgb-nir-phaseF/constraint_resolution_+_polygonfix_cc_updated/classification_metrics_2013_after_postprocessing.csv
U-Net,CNN,F,RGB+NIR,in-domain-seg,seg-2013,after,7,0.3791762292385101,0.5498589873313904,0.664154052734375,0.4691264927387237,model_output/unet-mit-b2-rgb-nir-phaseF/constraint_resolution_+_polygonfix_cc_updated/classification_metrics_2013_after_postprocessing.csv
U-Net,CNN,F,RGB+NIR,in-domain-seg,seg-2013,after,8,0.2804635465145111,0.4380656480789184,0.4771111011505127,0.4049274921417236,model_output/unet-mit-b2-rgb-nir-phaseF/constraint_resolution_+_polygonfix_cc_updated/classification_metrics_2013_after_postprocessing.csv
U-Net,CNN,F,RGB+NIR,in-domain-seg,seg-2013,after,9,0.6115933656692505,0.7589921355247498,0.8318938612937927,0.6978382468223572,model_output/unet-mit-b2-rgb-nir-phaseF/constraint_resolution_+_polygonfix_cc_updated/classification_metrics_2013_after_postprocessing.csv
U-Net,CNN,F,RGB+NIR,in-domain-seg,seg-2013,after,10,0.3021836876869201,0.4641183912754059,0.4107753038406372,0.533383309841156,model_output/unet-mit-b2-rgb-nir-phaseF/constraint_resolution_+_polygonfix_cc_updated/classification_metrics_2013_after_postprocessing.csv
U-Net,CNN,F,RGB+NIR,in-domain-seg,seg-2013,after,11,0.4592432677745819,0.6294265985488892,0.7394998073577881,0.547876238822937,model_output/unet-mit-b2-rgb-nir-phaseF/constraint_resolution_+_polygonfix_cc_updated/classification_metrics_2013_after_postprocessing.csv
U-Net,CNN,F,RGB+NIR,in-domain-seg,seg-2013,after,12,0.5052520036697388,0.6713188886642456,0.7495566010475159,0.6078701615333557,model_output/unet-mit-b2-rgb-nir-phaseF/constraint_resolution_+_polygonfix_cc_updated/classification_metrics_2013_after_postprocessing.csv
U-Net,CNN,F,RGB+NIR,in-domain-seg,seg-2013,after,13,0.308222234249115,0.4712077677249908,0.3973366618156433,0.5788192749023438,model_output/unet-mit-b2-rgb-nir-phaseF/constraint_resolution_+_polygonfix_cc_updated/classification_metrics_2013_after_postprocessing.csv
U-Net,CNN,F,RGB+NIR,in-domain-seg,seg-2013,after,14,0.3750652074813843,0.5455235838890076,0.6821483969688416,0.4544946253299713,model_output/unet-mit-b2-rgb-nir-phaseF/constraint_resolution_+_polygonfix_cc_updated/classification_metrics_2013_after_postprocessing.csv
U-Net,CNN,F,RGB+NIR,in-domain-seg,seg-2013,after,15,0.6348799467086792,0.7766685485839844,0.7215498089790344,0.8409047722816467,model_output/unet-mit-b2-rgb-nir-phaseF/constraint_resolution_+_polygonfix_cc_updated/classification_metrics_2013_after_postprocessing.csv
U-Net,CNN,F,RGB+NIR,in-domain-seg,seg-2013,after,16,0.4913678765296936,0.6589492559432983,0.531548261642456,0.8666723370552063,model_output/unet-mit-b2-rgb-nir-phaseF/constraint_resolution_+_polygonfix_cc_updated/classification_metrics_2013_after_postprocessing.csv
U-Net,CNN,F,RGB+NIR,in-domain-seg,seg-2013,after,17,0.1779810190200805,0.3021797835826874,0.4268161356449127,0.2338827103376388,model_output/unet-mit-b2-rgb-nir-phaseF/constraint_resolution_+_polygonfix_cc_updated/classification_metrics_2013_after_postprocessing.csv
U-Net,CNN,F,RGB+NIR,in-domain-seg,seg-2013,after,18,0.2617820799350738,0.41494020819664,0.2686668634414673,0.9108384251594543,model_output/unet-mit-b2-rgb-nir-phaseF/constraint_resolution_+_polygonfix_cc_updated/classification_metrics_2013_after_postprocessing.csv
U-Net,CNN,F,RGB+NIR,in-domain-seg,seg-2013,after,19,0.3973501324653625,0.5687195062637329,0.4352374374866485,0.8202935457229614,model_output/unet-mit-b2-rgb-nir-phaseF/constraint_resolution_+_polygonfix_cc_updated/classification_metrics_2013_after_postprocessing.csv
U-Net,CNN,F,RGB+NIR,in-domain-seg,seg-2013,after,20,0.8881694078445435,0.9407729506492616,0.9635303616523744,0.9190657138824464,model_output/unet-mit-b2-rgb-nir-phaseF/constraint_resolution_+_polygonfix_cc_updated/classification_metrics_2013_after_postprocessing.csv
U-Net,CNN,F,RGB+NIR,in-domain-seg,seg-2013,after,21,0.4474777281284332,0.6182861328125,0.7748499512672424,0.5143567323684692,model_output/unet-mit-b2-rgb-nir-phaseF/constraint_resolution_+_polygonfix_cc_updated/classification_metrics_2013_after_postprocessing.csv
U-Net,CNN,F,RGB+NIR,in-domain-seg,seg-2013,after,22,0.7575098872184753,0.8620263338088989,0.7986531853675842,0.9363236427307128,model_output/unet-mit-b2-rgb-nir-phaseF/constraint_resolution_+_polygonfix_cc_updated/classification_metrics_2013_after_postprocessing.csv
U-Net,CNN,F,RGB+NIR,in-domain-seg,seg-2013,after,23,0.7050569653511047,0.8270186185836792,0.8472198247909546,0.8077583909034729,model_output/unet-mit-b2-rgb-nir-phaseF/constraint_resolution_+_polygonfix_cc_updated/classification_metrics_2013_after_postprocessing.csv
U-Net,CNN,F,RGB+NIR,cross-temporal-seg,seg-2020,before,1,0.4347090125083923,0.6059890985488892,0.5390656590461731,0.6918845772743225,model_output/unet-mit-b2-rgb-nir-phaseF/classification_metrics_2020.csv
U-Net,CNN,F,RGB+NIR,cross-temporal-seg,seg-2020,before,2,0.2331456393003463,0.3781315684318542,0.2736332416534424,0.6117563843727112,model_output/unet-mit-b2-rgb-nir-phaseF/classification_metrics_2020.csv
U-Net,CNN,F,RGB+NIR,cross-temporal-seg,seg-2020,before,3,0.3792566061019897,0.5499435067176819,0.4855484068393707,0.6340308785438538,model_output/unet-mit-b2-rgb-nir-phaseF/classification_metrics_2020.csv
U-Net,CNN,F,RGB+NIR,cross-temporal-seg,seg-2020,before,4,0.4239001870155334,0.5954071879386902,0.5844351649284363,0.6067990660667419,model_output/unet-mit-b2-rgb-nir-phaseF/classification_metrics_2020.csv
U-Net,CNN,F,RGB+NIR,cross-temporal-seg,seg-2020,before,5,0.4525339305400848,0.6230958700180054,0.748577356338501,0.5336430668830872,model_output/unet-mit-b2-rgb-nir-phaseF/classification_metrics_2020.csv
U-Net,CNN,F,RGB+NIR,cross-temporal-seg,seg-2020,before,6,0.1832530498504638,0.3097444772720337,0.2329090982675552,0.4622322618961334,model_output/unet-mit-b2-rgb-nir-phaseF/classification_metrics_2020.csv
U-Net,CNN,F,RGB+NIR,cross-temporal-seg,seg-2020,before,7,0.3820672035217285,0.5528923869132996,0.4577291011810303,0.6980109810829163,model_output/unet-mit-b2-rgb-nir-phaseF/classification_metrics_2020.csv
U-Net,CNN,F,RGB+NIR,cross-temporal-seg,seg-2020,before,8,0.099130131304264,0.1803792417049408,0.4696747958660126,0.1116243675351142,model_output/unet-mit-b2-rgb-nir-phaseF/classification_metrics_2020.csv
U-Net,CNN,F,RGB+NIR,cross-temporal-seg,seg-2020,before,9,0.2412606924772262,0.3887349367141723,0.2899982035160064,0.5894152522087097,model_output/unet-mit-b2-rgb-nir-phaseF/classification_metrics_2020.csv
U-Net,CNN,F,RGB+NIR,cross-temporal-seg,seg-2020,before,10,0.1839208453893661,0.310697853565216,0.284502625465393,0.3422060310840606,model_output/unet-mit-b2-rgb-nir-phaseF/classification_metrics_2020.csv
U-Net,CNN,F,RGB+NIR,cross-temporal-seg,seg-2020,before,11,0.0984389036893844,0.1792341768741607,0.3953860104084015,0.1158827692270279,model_output/unet-mit-b2-rgb-nir-phaseF/classification_metrics_2020.csv
U-Net,CNN,F,RGB+NIR,cross-temporal-seg,seg-2020,before,12,0.2074757069349289,0.3436520099639892,0.2838142812252044,0.4354622662067413,model_output/unet-mit-b2-rgb-nir-phaseF/classification_metrics_2020.csv
U-Net,CNN,F,RGB+NIR,cross-temporal-seg,seg-2020,before,13,0.0625412836670875,0.1177201867103576,0.2614622712135315,0.0759601593017578,model_output/unet-mit-b2-rgb-nir-phaseF/classification_metrics_2020.csv
U-Net,CNN,F,RGB+NIR,cross-temporal-seg,seg-2020,before,14,0.1751642078161239,0.2981101870536804,0.3029232323169708,0.293447732925415,model_output/unet-mit-b2-rgb-nir-phaseF/classification_metrics_2020.csv
U-Net,CNN,F,RGB+NIR,cross-temporal-seg,seg-2020,before,15,0.1862549930810928,0.3140218257904053,0.5637962222099304,0.2176139801740646,model_output/unet-mit-b2-rgb-nir-phaseF/classification_metrics_2020.csv
U-Net,CNN,F,RGB+NIR,cross-temporal-seg,seg-2020,before,16,0.1360962688922882,0.2395857870578766,0.192198559641838,0.3179864883422851,model_output/unet-mit-b2-rgb-nir-phaseF/classification_metrics_2020.csv
U-Net,CNN,F,RGB+NIR,cross-temporal-seg,seg-2020,before,17,0.0659091398119926,0.1236674636602401,0.2117742300033569,0.0873332545161247,model_output/unet-mit-b2-rgb-nir-phaseF/classification_metrics_2020.csv
U-Net,CNN,F,RGB+NIR,cross-temporal-seg,seg-2020,before,18,0.3276135325431824,0.4935375154018402,0.383565604686737,0.6919165253639221,model_output/unet-mit-b2-rgb-nir-phaseF/classification_metrics_2020.csv
U-Net,CNN,F,RGB+NIR,cross-temporal-seg,seg-2020,before,19,0.2890222072601318,0.4484363496303558,0.4471261501312256,0.4497542381286621,model_output/unet-mit-b2-rgb-nir-phaseF/classification_metrics_2020.csv
U-Net,CNN,F,RGB+NIR,cross-temporal-seg,seg-2020,before,20,0.4743521511554718,0.6434720158576965,0.8315477967262268,0.5247796177864075,model_output/unet-mit-b2-rgb-nir-phaseF/classification_metrics_2020.csv
U-Net,CNN,F,RGB+NIR,cross-temporal-seg,seg-2020,before,21,0.3185589909553528,0.4831926226615906,0.5481445789337158,0.4320028126239776,model_output/unet-mit-b2-rgb-nir-phaseF/classification_metrics_2020.csv
U-Net,CNN,F,RGB+NIR,cross-temporal-seg,seg-2020,before,22,0.2489206939935684,0.3986172974109649,0.3182637095451355,0.5332493782043457,model_output/unet-mit-b2-rgb-nir-phaseF/classification_metrics_2020.csv
U-Net,CNN,F,RGB+NIR,cross-temporal-seg,seg-2020,before,23,0.510265052318573,0.6757290959358215,0.5806975364685059,0.8079507946968079,model_output/unet-mit-b2-rgb-nir-phaseF/classification_metrics_2020.csv
U-Net,CNN,F,RGB+NIR,cross-temporal-seg,seg-2020,after,1,0.744443416595459,0.8535025119781494,0.8318425416946411,0.8763206601142883,model_output/unet-mit-b2-rgb-nir-phaseF/constraint_resolution_+_polygonfix_cc_updated/classification_metrics_2020_after_postprocessing.csv
U-Net,CNN,F,RGB+NIR,cross-temporal-seg,seg-2020,after,2,0.3647407591342926,0.5345202088356018,0.4011697769165039,0.8006642460823059,model_output/unet-mit-b2-rgb-nir-phaseF/constraint_resolution_+_polygonfix_cc_updated/classification_metrics_2020_after_postprocessing.csv
U-Net,CNN,F,RGB+NIR,cross-temporal-seg,seg-2020,after,3,0.63542240858078,0.7770743370056152,0.7173613905906677,0.8476309180259705,model_output/unet-mit-b2-rgb-nir-phaseF/constraint_resolution_+_polygonfix_cc_updated/classification_metrics_2020_after_postprocessing.csv
U-Net,CNN,F,RGB+NIR,cross-temporal-seg,seg-2020,after,4,0.5863974094390869,0.7392818331718445,0.753661572933197,0.7254406213760376,model_output/unet-mit-b2-rgb-nir-phaseF/constraint_resolution_+_polygonfix_cc_updated/classification_metrics_2020_after_postprocessing.csv
U-Net,CNN,F,RGB+NIR,cross-temporal-seg,seg-2020,after,5,0.7795515060424805,0.8761213421821594,0.8797997832298279,0.8724734783172607,model_output/unet-mit-b2-rgb-nir-phaseF/constraint_resolution_+_polygonfix_cc_updated/classification_metrics_2020_after_postprocessing.csv
U-Net,CNN,F,RGB+NIR,cross-temporal-seg,seg-2020,after,6,0.2615694999694824,0.4146731197834015,0.335223376750946,0.5434810519218445,model_output/unet-mit-b2-rgb-nir-phaseF/constraint_resolution_+_polygonfix_cc_updated/classification_metrics_2020_after_postprocessing.csv
U-Net,CNN,F,RGB+NIR,cross-temporal-seg,seg-2020,after,7,0.4701024293899536,0.6395506262779236,0.5307327508926392,0.8044998049736023,model_output/unet-mit-b2-rgb-nir-phaseF/constraint_resolution_+_polygonfix_cc_updated/classification_metrics_2020_after_postprocessing.csv
U-Net,CNN,F,RGB+NIR,cross-temporal-seg,seg-2020,after,8,0.0933562591671943,0.170770063996315,0.5044217705726624,0.1027835234999656,model_output/unet-mit-b2-rgb-nir-phaseF/constraint_resolution_+_polygonfix_cc_updated/classification_metrics_2020_after_postprocessing.csv
U-Net,CNN,F,RGB+NIR,cross-temporal-seg,seg-2020,after,9,0.308319479227066,0.4713213741779327,0.3599242269992828,0.6825814247131348,model_output/unet-mit-b2-rgb-nir-phaseF/constraint_resolution_+_polygonfix_cc_updated/classification_metrics_2020_after_postprocessing.csv
U-Net,CNN,F,RGB+NIR,cross-temporal-seg,seg-2020,after,10,0.2805065810680389,0.4381181299686432,0.4594243466854095,0.4187005460262298,model_output/unet-mit-b2-rgb-nir-phaseF/constraint_resolution_+_polygonfix_cc_updated/classification_metrics_2020_after_postprocessing.csv
U-Net,CNN,F,RGB+NIR,cross-temporal-seg,seg-2020,after,11,0.2002224922180175,0.333642303943634,0.6568424105644226,0.2236131578683853,model_output/unet-mit-b2-rgb-nir-phaseF/constraint_resolution_+_polygonfix_cc_updated/classification_metrics_2020_after_postprocessing.csv
U-Net,CNN,F,RGB+NIR,cross-temporal-seg,seg-2020,after,12,0.3162788152694702,0.480565071105957,0.4039486944675445,0.593047559261322,model_output/unet-mit-b2-rgb-nir-phaseF/constraint_resolution_+_polygonfix_cc_updated/classification_metrics_2020_after_postprocessing.csv
U-Net,CNN,F,RGB+NIR,cross-temporal-seg,seg-2020,after,13,0.181771695613861,0.3076257407665252,0.4576729536056518,0.231672391295433,model_output/unet-mit-b2-rgb-nir-phaseF/constraint_resolution_+_polygonfix_cc_updated/classification_metrics_2020_after_postprocessing.csv
U-Net,CNN,F,RGB+NIR,cross-temporal-seg,seg-2020,after,14,0.2502234876155853,0.4002859890460968,0.4347878992557525,0.3708572089672088,model_output/unet-mit-b2-rgb-nir-phaseF/constraint_resolution_+_polygonfix_cc_updated/classification_metrics_2020_after_postprocessing.csv
U-Net,CNN,F,RGB+NIR,cross-temporal-seg,seg-2020,after,15,0.2228163182735443,0.3644313812255859,0.52205491065979,0.2799164652824402,model_output/unet-mit-b2-rgb-nir-phaseF/constraint_resolution_+_polygonfix_cc_updated/classification_metrics_2020_after_postprocessing.csv
U-Net,CNN,F,RGB+NIR,cross-temporal-seg,seg-2020,after,16,0.1807320713996887,0.3061356246471405,0.2267523556947708,0.4710416197776794,model_output/unet-mit-b2-rgb-nir-phaseF/constraint_resolution_+_polygonfix_cc_updated/classification_metrics_2020_after_postprocessing.csv
U-Net,CNN,F,RGB+NIR,cross-temporal-seg,seg-2020,after,17,0.074333369731903,0.1383804529905319,0.2015808522701263,0.1053505539894104,model_output/unet-mit-b2-rgb-nir-phaseF/constraint_resolution_+_polygonfix_cc_updated/classification_metrics_2020_after_postprocessing.csv
U-Net,CNN,F,RGB+NIR,cross-temporal-seg,seg-2020,after,18,0.4403135776519775,0.6114134788513184,0.4707021713256836,0.8721261024475098,model_output/unet-mit-b2-rgb-nir-phaseF/constraint_resolution_+_polygonfix_cc_updated/classification_metrics_2020_after_postprocessing.csv
U-Net,CNN,F,RGB+NIR,cross-temporal-seg,seg-2020,after,19,0.3322148621082306,0.4987406730651855,0.4980500340461731,0.4994331896305084,model_output/unet-mit-b2-rgb-nir-phaseF/constraint_resolution_+_polygonfix_cc_updated/classification_metrics_2020_after_postprocessing.csv
U-Net,CNN,F,RGB+NIR,cross-temporal-seg,seg-2020,after,20,0.5989404320716858,0.7491715550422668,0.925645649433136,0.629212498664856,model_output/unet-mit-b2-rgb-nir-phaseF/constraint_resolution_+_polygonfix_cc_updated/classification_metrics_2020_after_postprocessing.csv
U-Net,CNN,F,RGB+NIR,cross-temporal-seg,seg-2020,after,21,0.3956125378608703,0.5669375658035278,0.6793444156646729,0.4864480197429657,model_output/unet-mit-b2-rgb-nir-phaseF/constraint_resolution_+_polygonfix_cc_updated/classification_metrics_2020_after_postprocessing.csv
U-Net,CNN,F,RGB+NIR,cross-temporal-seg,seg-2020,after,22,0.3971297740936279,0.5684937238693237,0.4748053252696991,0.7082442045211792,model_output/unet-mit-b2-rgb-nir-phaseF/constraint_resolution_+_polygonfix_cc_updated/classification_metrics_2020_after_postprocessing.csv
U-Net,CNN,F,RGB+NIR,cross-temporal-seg,seg-2020,after,23,0.7848789095878601,0.8794757723808289,0.8496487140655518,0.9114732146263124,model_output/unet-mit-b2-rgb-nir-phaseF/constraint_resolution_+_polygonfix_cc_updated/classification_metrics_2020_after_postprocessing.csv
U-Net,CNN,F,RGB+NIR,cross-temporal,change-binary,before,0,0.400696188211441,0.5721386075019836,0.6765817999839783,0.4956289529800415,model_output/unet-mit-b2-rgb-nir-phaseF/change_metrics_binary_2013-2020.csv
U-Net,CNN,F,RGB+NIR,cross-temporal,change-binary,before,1,0.3827998638153076,0.5536590814590454,0.4768663644790649,0.6599318981170654,model_output/unet-mit-b2-rgb-nir-phaseF/change_metrics_binary_2013-2020.csv
U-Net,CNN,F,RGB+NIR,cross-temporal,change-binary,after,0,0.5120180249214172,0.6772643327713013,0.7016400098800659,0.6545255780220032,model_output/unet-mit-b2-rgb-nir-phaseF/constraint_resolution_+_polygonfix_cc_updated/change_metrics_binary_2013-2020_after_postprocessing.csv
U-Net,CNN,F,RGB+NIR,cross-temporal,change-binary,after,1,0.3959282636642456,0.5672616362571716,0.54201340675354,0.5949769616127014,model_output/unet-mit-b2-rgb-nir-phaseF/constraint_resolution_+_polygonfix_cc_updated/change_metrics_binary_2013-2020_after_postprocessing.csv
U-Net,CNN,F,RGB+NIR,cross-temporal,change-multiclass,before,0,0.400696188211441,0.5721386075019836,0.6765817999839783,0.4956289529800415,model_output/unet-mit-b2-rgb-nir-phaseF/change_metrics_multiclass_2013-2020.csv
U-Net,CNN,F,RGB+NIR,cross-temporal,change-multiclass,before,1,0.0765333995223045,0.1421849131584167,0.5354277491569519,0.0819771215319633,model_output/unet-mit-b2-rgb-nir-phaseF/change_metrics_multiclass_2013-2020.csv
U-Net,CNN,F,RGB+NIR,cross-temporal,change-multiclass,before,2,0.1089062243700027,0.1964209824800491,0.8403762578964233,0.1112066432833671,model_output/unet-mit-b2-rgb-nir-phaseF/change_metrics_multiclass_2013-2020.csv
U-Net,CNN,F,RGB+NIR,cross-temporal,change-multiclass,before,3,0.0213714372366666,0.0418485105037689,0.0255496613681316,0.115580715239048,model_output/unet-mit-b2-rgb-nir-phaseF/change_metrics_multiclass_2013-2020.csv
U-Net,CNN,F,RGB+NIR,cross-temporal,change-multiclass,before,4,0.3451667129993438,0.5131954550743103,0.5297721028327942,0.4976247251033783,model_output/unet-mit-b2-rgb-nir-phaseF/change_metrics_multiclass_2013-2020.csv
U-Net,CNN,F,RGB+NIR,cross-temporal,change-multiclass,before,5,0.0785896703600883,0.1457267254590988,0.0860268697142601,0.4761804938316345,model_output/unet-mit-b2-rgb-nir-phaseF/change_metrics_multiclass_2013-2020.csv
U-Net,CNN,F,RGB+NIR,cross-temporal,change-multiclass,before,6,0.1724828630685806,0.2942181527614593,0.1883939504623413,0.6712982058525085,model_output/unet-mit-b2-rgb-nir-phaseF/change_metrics_multiclass_2013-2020.csv
U-Net,CNN,F,RGB+NIR,cross-temporal,change-multiclass,before,7,0.1712397187948227,0.2924076318740845,0.240580067038536,0.3726968169212341,model_output/unet-mit-b2-rgb-nir-phaseF/change_metrics_multiclass_2013-2020.csv
U-Net,CNN,F,RGB+NIR,cross-temporal,change-multiclass,before,8,0.0895480439066886,0.1643764823675155,0.0974673703312873,0.5242885947227478,model_output/unet-mit-b2-rgb-nir-phaseF/change_metrics_multiclass_2013-2020.csv
U-Net,CNN,F,RGB+NIR,cross-temporal,change-multiclass,after,0,0.5120180249214172,0.6772643327713013,0.7016400098800659,0.6545255780220032,model_output/unet-mit-b2-rgb-nir-phaseF/constraint_resolution_+_polygonfix_cc_updated/change_metrics_multiclass_2013-2020_after_postprocessing.csv
U-Net,CNN,F,RGB+NIR,cross-temporal,change-multiclass,after,1,0.1729429960250854,0.2948873341083526,0.6062556505203247,0.1948261111974716,model_output/unet-mit-b2-rgb-nir-phaseF/constraint_resolution_+_polygonfix_cc_updated/change_metrics_multiclass_2013-2020_after_postprocessing.csv
U-Net,CNN,F,RGB+NIR,cross-temporal,change-multiclass,after,2,0.1610690802335739,0.2774496078491211,0.4084998369216919,0.2100604325532913,model_output/unet-mit-b2-rgb-nir-phaseF/constraint_resolution_+_polygonfix_cc_updated/change_metrics_multiclass_2013-2020_after_postprocessing.csv
U-Net,CNN,F,RGB+NIR,cross-temporal,change-multiclass,after,3,0.1218833327293396,0.2172834426164627,0.4939822256565094,0.1392718404531479,model_output/unet-mit-b2-rgb-nir-phaseF/constraint_resolution_+_polygonfix_cc_updated/change_metrics_multiclass_2013-2020_after_postprocessing.csv
U-Net,CNN,F,RGB+NIR,cross-temporal,change-multiclass,after,4,0.3597683906555176,0.529161274433136,0.5432552099227905,0.5157802104949951,model_output/unet-mit-b2-rgb-nir-phaseF/constraint_resolution_+_polygonfix_cc_updated/change_metrics_multiclass_2013-2020_after_postprocessing.csv
U-Net,CNN,F,RGB+NIR,cross-temporal,change-multiclass,after,5,0.0768469646573066,0.1427258849143982,0.0792054012417793,0.7207342982292175,model_output/unet-mit-b2-rgb-nir-phaseF/constraint_resolution_+_polygonfix_cc_updated/change_metrics_multiclass_2013-2020_after_postprocessing.csv
U-Net,CNN,F,RGB+NIR,cross-temporal,change-multiclass,after,6,0.2322412133216858,0.3769411444664001,0.2550802826881408,0.7217435240745544,model_output/unet-mit-b2-rgb-nir-phaseF/constraint_resolution_+_polygonfix_cc_updated/change_metrics_multiclass_2013-2020_after_postprocessing.csv
U-Net,CNN,F,RGB+NIR,cross-temporal,change-multiclass,after,7,0.2063147723674774,0.3420579433441162,0.3050878942012787,0.3892233669757843,model_output/unet-mit-b2-rgb-nir-phaseF/constraint_resolution_+_polygonfix_cc_updated/change_metrics_multiclass_2013-2020_after_postprocessing.csv
U-Net,CNN,F,RGB+NIR,cross-temporal,change-multiclass,after,8,0.1212468296289444,0.2162714302539825,0.1427197456359863,0.4462493658065796,model_output/unet-mit-b2-rgb-nir-phaseF/constraint_resolution_+_polygonfix_cc_updated/change_metrics_multiclass_2013-2020_after_postprocessing.csv
U-Net,CNN,E,RGB+NIR+nDSM,in-domain-seg,seg-2013,before,1,0.5955243706703186,0.7464936375617981,0.766035795211792,0.7279236912727356,model_output/unet-mit-b2-rgb-nir-ndsm-phaseE/classification_metrics_2013.csv
U-Net,CNN,E,RGB+NIR+nDSM,in-domain-seg,seg-2013,before,2,0.2533626556396484,0.4042926430702209,0.3043825626373291,0.6018394827842712,model_output/unet-mit-b2-rgb-nir-ndsm-phaseE/classification_metrics_2013.csv
U-Net,CNN,E,RGB+NIR+nDSM,in-domain-seg,seg-2013,before,3,0.3758726119995117,0.5463771224021912,0.487371951341629,0.6216374635696411,model_output/unet-mit-b2-rgb-nir-ndsm-phaseE/classification_metrics_2013.csv
U-Net,CNN,E,RGB+NIR+nDSM,in-domain-seg,seg-2013,before,4,0.4539170861244201,0.6244057416915894,0.6157131195068359,0.6333472728729248,model_output/unet-mit-b2-rgb-nir-ndsm-phaseE/classification_metrics_2013.csv
U-Net,CNN,E,RGB+NIR+nDSM,in-domain-seg,seg-2013,before,5,0.4727998077869415,0.6420421600341797,0.8380558490753174,0.5203394889831543,model_output/unet-mit-b2-rgb-nir-ndsm-phaseE/classification_metrics_2013.csv
U-Net,CNN,E,RGB+NIR+nDSM,in-domain-seg,seg-2013,before,6,0.1944056004285812,0.3255269527435303,0.3112340271472931,0.3411958813667297,model_output/unet-mit-b2-rgb-nir-ndsm-phaseE/classification_metrics_2013.csv
U-Net,CNN,E,RGB+NIR+nDSM,in-domain-seg,seg-2013,before,7,0.3819412887096405,0.5527605414390564,0.5251694917678833,0.583411455154419,model_output/unet-mit-b2-rgb-nir-ndsm-phaseE/classification_metrics_2013.csv
U-Net,CNN,E,RGB+NIR+nDSM,in-domain-seg,seg-2013,before,8,0.1269005686044693,0.2252205312252044,0.1870010197162628,0.2830759584903717,model_output/unet-mit-b2-rgb-nir-ndsm-phaseE/classification_metrics_2013.csv
U-Net,CNN,E,RGB+NIR+nDSM,in-domain-seg,seg-2013,before,9,0.4098101556301117,0.5813692808151245,0.5270235538482666,0.6482115983963013,model_output/unet-mit-b2-rgb-nir-ndsm-phaseE/classification_metrics_2013.csv
U-Net,CNN,E,RGB+NIR+nDSM,in-domain-seg,seg-2013,before,10,0.1927904933691024,0.3232596218585968,0.2879157960414886,0.3684951066970825,model_output/unet-mit-b2-rgb-nir-ndsm-phaseE/classification_metrics_2013.csv
U-Net,CNN,E,RGB+NIR+nDSM,in-domain-seg,seg-2013,before,11,0.1924109756946563,0.3227259218692779,0.3045577108860016,0.343199223279953,model_output/unet-mit-b2-rgb-nir-ndsm-phaseE/classification_metrics_2013.csv
U-Net,CNN,E,RGB+NIR+nDSM,in-domain-seg,seg-2013,before,12,0.3295958340167999,0.4957835078239441,0.578210175037384,0.4339253008365631,model_output/unet-mit-b2-rgb-nir-ndsm-phaseE/classification_metrics_2013.csv
U-Net,CNN,E,RGB+NIR+nDSM,in-domain-seg,seg-2013,before,13,0.1064535751938819,0.1924230307340622,0.1874459683895111,0.1976715922355651,model_output/unet-mit-b2-rgb-nir-ndsm-phaseE/classification_metrics_2013.csv
U-Net,CNN,E,RGB+NIR+nDSM,in-domain-seg,seg-2013,before,14,0.2190251797437667,0.3593447804450989,0.3693958520889282,0.3498262166976928,model_output/unet-mit-b2-rgb-nir-ndsm-phaseE/classification_metrics_2013.csv
U-Net,CNN,E,RGB+NIR+nDSM,in-domain-seg,seg-2013,before,15,0.3209868669509887,0.4859803915023803,0.5270651578903198,0.4508376121520996,model_output/unet-mit-b2-rgb-nir-ndsm-phaseE/classification_metrics_2013.csv
U-Net,CNN,E,RGB+NIR+nDSM,in-domain-seg,seg-2013,before,16,0.155380293726921,0.2689682245254516,0.2674118280410766,0.2705428600311279,model_output/unet-mit-b2-rgb-nir-ndsm-phaseE/classification_metrics_2013.csv
U-Net,CNN,E,RGB+NIR+nDSM,in-domain-seg,seg-2013,before,17,0.0306680705398321,0.059511050581932,0.0772984996438026,0.0483784936368465,model_output/unet-mit-b2-rgb-nir-ndsm-phaseE/classification_metrics_2013.csv
U-Net,CNN,E,RGB+NIR+nDSM,in-domain-seg,seg-2013,before,18,0.2250301390886306,0.3673871159553528,0.3155446946620941,0.439613401889801,model_output/unet-mit-b2-rgb-nir-ndsm-phaseE/classification_metrics_2013.csv
U-Net,CNN,E,RGB+NIR+nDSM,in-domain-seg,seg-2013,before,19,0.4181978106498718,0.5897595286369324,0.5285640954971313,0.6669802069664001,model_output/unet-mit-b2-rgb-nir-ndsm-phaseE/classification_metrics_2013.csv
U-Net,CNN,E,RGB+NIR+nDSM,in-domain-seg,seg-2013,before,20,0.6492474675178528,0.7873257398605347,0.8799358010292053,0.7123531103134155,model_output/unet-mit-b2-rgb-nir-ndsm-phaseE/classification_metrics_2013.csv
U-Net,CNN,E,RGB+NIR+nDSM,in-domain-seg,seg-2013,before,21,0.3743760883808136,0.5447942018508911,0.5220682621002197,0.569588840007782,model_output/unet-mit-b2-rgb-nir-ndsm-phaseE/classification_metrics_2013.csv
U-Net,CNN,E,RGB+NIR+nDSM,in-domain-seg,seg-2013,before,22,0.5193023681640625,0.6836063265800476,0.6226888298988342,0.7577354311943054,model_output/unet-mit-b2-rgb-nir-ndsm-phaseE/classification_metrics_2013.csv
U-Net,CNN,E,RGB+NIR+nDSM,in-domain-seg,seg-2013,before,23,0.416348785161972,0.5879184007644653,0.4880080223083496,0.7392699718475342,model_output/unet-mit-b2-rgb-nir-ndsm-phaseE/classification_metrics_2013.csv
U-Net,CNN,E,RGB+NIR+nDSM,in-domain-seg,seg-2013,after,1,0.8521592617034912,0.92017924785614,0.919090986251831,0.9212700724601746,model_output/unet-mit-b2-rgb-nir-ndsm-phaseE/constraint_resolution_+_polygonfix_cc_updated/classification_metrics_2013_after_postprocessing.csv
U-Net,CNN,E,RGB+NIR+nDSM,in-domain-seg,seg-2013,after,2,0.4002648293972015,0.571698784828186,0.4619673788547516,0.7497989535331726,model_output/unet-mit-b2-rgb-nir-ndsm-phaseE/constraint_resolution_+_polygonfix_cc_updated/classification_metrics_2013_after_postprocessing.csv
U-Net,CNN,E,RGB+NIR+nDSM,in-domain-seg,seg-2013,after,3,0.5920326709747314,0.7437443733215332,0.8714576363563538,0.6486795544624329,model_output/unet-mit-b2-rgb-nir-ndsm-phaseE/constraint_resolution_+_polygonfix_cc_updated/classification_metrics_2013_after_postprocessing.csv
U-Net,CNN,E,RGB+NIR+nDSM,in-domain-seg,seg-2013,after,4,0.6324253082275391,0.774829089641571,0.7702986598014832,0.779413104057312,model_output/unet-mit-b2-rgb-nir-ndsm-phaseE/constraint_resolution_+_polygonfix_cc_updated/classification_metrics_2013_after_postprocessing.csv
U-Net,CNN,E,RGB+NIR+nDSM,in-domain-seg,seg-2013,after,5,0.8594196438789368,0.9243955612182616,0.9621016979217528,0.8895334601402283,model_output/unet-mit-b2-rgb-nir-ndsm-phaseE/constraint_resolution_+_polygonfix_cc_updated/classification_metrics_2013_after_postprocessing.csv
U-Net,CNN,E,RGB+NIR+nDSM,in-domain-seg,seg-2013,after,6,0.2699143588542938,0.4250906407833099,0.4136838912963867,0.4371443092823028,model_output/unet-mit-b2-rgb-nir-ndsm-phaseE/constraint_resolution_+_polygonfix_cc_updated/classification_metrics_2013_after_postprocessing.csv
U-Net,CNN,E,RGB+NIR+nDSM,in-domain-seg,seg-2013,after,7,0.3825701177120209,0.553418755531311,0.6859852075576782,0.4637911915779114,model_output/unet-mit-b2-rgb-nir-ndsm-phaseE/constraint_resolution_+_polygonfix_cc_updated/classification_metrics_2013_after_postprocessing.csv
U-Net,CNN,E,RGB+NIR+nDSM,in-domain-seg,seg-2013,after,8,0.2805252373218536,0.438140869140625,0.4754970669746399,0.4062267243862152,model_output/unet-mit-b2-rgb-nir-ndsm-phaseE/constraint_resolution_+_polygonfix_cc_updated/classification_metrics_2013_after_postprocessing.csv
U-Net,CNN,E,RGB+NIR+nDSM,in-domain-seg,seg-2013,after,9,0.6090214252471924,0.7570084929466248,0.7587568163871765,0.7552681565284729,model_output/unet-mit-b2-rgb-nir-ndsm-phaseE/constraint_resolution_+_polygonfix_cc_updated/classification_metrics_2013_after_postprocessing.csv
U-Net,CNN,E,RGB+NIR+nDSM,in-domain-seg,seg-2013,after,10,0.3006960749626159,0.4623617827892303,0.4046071767807007,0.5393498539924622,model_output/unet-mit-b2-rgb-nir-ndsm-phaseE/constraint_resolution_+_polygonfix_cc_updated/classification_metrics_2013_after_postprocessing.csv
U-Net,CNN,E,RGB+NIR+nDSM,in-domain-seg,seg-2013,after,11,0.5019056797027588,0.6683584451675415,0.6292402744293213,0.7126627564430237,model_output/unet-mit-b2-rgb-nir-ndsm-phaseE/constraint_resolution_+_polygonfix_cc_updated/classification_metrics_2013_after_postprocessing.csv
U-Net,CNN,E,RGB+NIR+nDSM,in-domain-seg,seg-2013,after,12,0.5005411505699158,0.6671475172042847,0.8010271191596985,0.5716114044189453,model_output/unet-mit-b2-rgb-nir-ndsm-phaseE/constraint_resolution_+_polygonfix_cc_updated/classification_metrics_2013_after_postprocessing.csv
U-Net,CNN,E,RGB+NIR+nDSM,in-domain-seg,seg-2013,after,13,0.3243801295757293,0.4898595511913299,0.4364129304885864,0.5582241415977478,model_output/unet-mit-b2-rgb-nir-ndsm-phaseE/constraint_resolution_+_polygonfix_cc_updated/classification_metrics_2013_after_postprocessing.csv
U-Net,CNN,E,RGB+NIR+nDSM,in-domain-seg,seg-2013,after,14,0.3799164891242981,0.5506369471549988,0.663245677947998,0.4707166254520416,model_output/unet-mit-b2-rgb-nir-ndsm-phaseE/constraint_resolution_+_polygonfix_cc_updated/classification_metrics_2013_after_postprocessing.csv
U-Net,CNN,E,RGB+NIR+nDSM,in-domain-seg,seg-2013,after,15,0.747929036617279,0.8557887673377991,0.8489202260971069,0.8627694845199585,model_output/unet-mit-b2-rgb-nir-ndsm-phaseE/constraint_resolution_+_polygonfix_cc_updated/classification_metrics_2013_after_postprocessing.csv
U-Net,CNN,E,RGB+NIR+nDSM,in-domain-seg,seg-2013,after,16,0.5316279530525208,0.6941998600959778,0.5950355529785156,0.8330258727073669,model_output/unet-mit-b2-rgb-nir-ndsm-phaseE/constraint_resolution_+_polygonfix_cc_updated/classification_metrics_2013_after_postprocessing.csv
U-Net,CNN,E,RGB+NIR+nDSM,in-domain-seg,seg-2013,after,17,0.1957446187734604,0.3274020552635193,0.3868950009346008,0.2837671041488647,model_output/unet-mit-b2-rgb-nir-ndsm-phaseE/constraint_resolution_+_polygonfix_cc_updated/classification_metrics_2013_after_postprocessing.csv
U-Net,CNN,E,RGB+NIR+nDSM,in-domain-seg,seg-2013,after,18,0.2586894333362579,0.4110456705093384,0.2631332874298095,0.938717007637024,model_output/unet-mit-b2-rgb-nir-ndsm-phaseE/constraint_resolution_+_polygonfix_cc_updated/classification_metrics_2013_after_postprocessing.csv
U-Net,CNN,E,RGB+NIR+nDSM,in-domain-seg,seg-2013,after,19,0.4605952203273773,0.6306952238082886,0.5605733394622803,0.7208682894706726,model_output/unet-mit-b2-rgb-nir-ndsm-phaseE/constraint_resolution_+_polygonfix_cc_updated/classification_metrics_2013_after_postprocessing.csv
U-Net,CNN,E,RGB+NIR+nDSM,in-domain-seg,seg-2013,after,20,0.8787703514099121,0.9354739189147948,0.9530935883522034,0.918493926525116,model_output/unet-mit-b2-rgb-nir-ndsm-phaseE/constraint_resolution_+_polygonfix_cc_updated/classification_metrics_2013_after_postprocessing.csv
U-Net,CNN,E,RGB+NIR+nDSM,in-domain-seg,seg-2013,after,21,0.4575051069259643,0.6277921199798584,0.7365805506706238,0.5470030903816223,model_output/unet-mit-b2-rgb-nir-ndsm-phaseE/constraint_resolution_+_polygonfix_cc_updated/classification_metrics_2013_after_postprocessing.csv
U-Net,CNN,E,RGB+NIR+nDSM,in-domain-seg,seg-2013,after,22,0.7454743385314941,0.8541795611381531,0.784915030002594,0.936851680278778,model_output/unet-mit-b2-rgb-nir-ndsm-phaseE/constraint_resolution_+_polygonfix_cc_updated/classification_metrics_2013_after_postprocessing.csv
U-Net,CNN,E,RGB+NIR+nDSM,in-domain-seg,seg-2013,after,23,0.6591261625289917,0.7945461869239807,0.7556459307670593,0.8376688957214355,model_output/unet-mit-b2-rgb-nir-ndsm-phaseE/constraint_resolution_+_polygonfix_cc_updated/classification_metrics_2013_after_postprocessing.csv
U-Net,CNN,E,RGB+NIR+nDSM,cross-temporal-seg,seg-2020,before,1,0.2793179154396057,0.4366669356822967,0.3215824365615845,0.6800281405448914,model_output/unet-mit-b2-rgb-nir-ndsm-phaseE/classification_metrics_2020.csv
U-Net,CNN,E,RGB+NIR+nDSM,cross-temporal-seg,seg-2020,before,2,0.2225332856178283,0.3640527129173279,0.3506312966346741,0.3785425424575805,model_output/unet-mit-b2-rgb-nir-ndsm-phaseE/classification_metrics_2020.csv
U-Net,CNN,E,RGB+NIR+nDSM,cross-temporal-seg,seg-2020,before,3,0.3701789677143097,0.5403366684913635,0.5716341137886047,0.5122884511947632,model_output/unet-mit-b2-rgb-nir-ndsm-phaseE/classification_metrics_2020.csv
U-Net,CNN,E,RGB+NIR+nDSM,cross-temporal-seg,seg-2020,before,4,0.3583607971668243,0.5276371240615845,0.4798341393470764,0.5860186219215393,model_output/unet-mit-b2-rgb-nir-ndsm-phaseE/classification_metrics_2020.csv
U-Net,CNN,E,RGB+NIR+nDSM,cross-temporal-seg,seg-2020,before,5,0.3506739735603332,0.5192577838897705,0.5864884257316589,0.4658555686473846,model_output/unet-mit-b2-rgb-nir-ndsm-phaseE/classification_metrics_2020.csv
U-Net,CNN,E,RGB+NIR+nDSM,cross-temporal-seg,seg-2020,before,6,0.1756180375814438,0.2987671792507171,0.2636681497097015,0.3446457982063293,model_output/unet-mit-b2-rgb-nir-ndsm-phaseE/classification_metrics_2020.csv
U-Net,CNN,E,RGB+NIR+nDSM,cross-temporal-seg,seg-2020,before,7,0.3718760013580322,0.5421422719955444,0.4152682721614837,0.7806483507156372,model_output/unet-mit-b2-rgb-nir-ndsm-phaseE/classification_metrics_2020.csv
U-Net,CNN,E,RGB+NIR+nDSM,cross-temporal-seg,seg-2020,before,8,0.213881030678749,0.3523920774459839,0.3485209345817566,0.3563501536846161,model_output/unet-mit-b2-rgb-nir-ndsm-phaseE/classification_metrics_2020.csv
U-Net,CNN,E,RGB+NIR+nDSM,cross-temporal-seg,seg-2020,before,9,0.219857707619667,0.360464483499527,0.262712150812149,0.5740695595741272,model_output/unet-mit-b2-rgb-nir-ndsm-phaseE/classification_metrics_2020.csv
U-Net,CNN,E,RGB+NIR+nDSM,cross-temporal-seg,seg-2020,before,10,0.1857810765504837,0.3133480250835418,0.2400073260068893,0.4512350857257843,model_output/unet-mit-b2-rgb-nir-ndsm-phaseE/classification_metrics_2020.csv
U-Net,CNN,E,RGB+NIR+nDSM,cross-temporal-seg,seg-2020,before,11,0.2346702218055725,0.3801342248916626,0.4465529322624206,0.330915093421936,model_output/unet-mit-b2-rgb-nir-ndsm-phaseE/classification_metrics_2020.csv
U-Net,CNN,E,RGB+NIR+nDSM,cross-temporal-seg,seg-2020,before,12,0.1734690219163894,0.2956516444683075,0.3338916301727295,0.2652706801891327,model_output/unet-mit-b2-rgb-nir-ndsm-phaseE/classification_metrics_2020.csv
U-Net,CNN,E,RGB+NIR+nDSM,cross-temporal-seg,seg-2020,before,13,0.1144513189792633,0.2053949236869812,0.2635138928890228,0.1682801097631454,model_output/unet-mit-b2-rgb-nir-ndsm-phaseE/classification_metrics_2020.csv
U-Net,CNN,E,RGB+NIR+nDSM,cross-temporal-seg,seg-2020,before,14,0.1467615216970443,0.25595822930336,0.3632456660270691,0.1975965499877929,model_output/unet-mit-b2-rgb-nir-ndsm-phaseE/classification_metrics_2020.csv
U-Net,CNN,E,RGB+NIR+nDSM,cross-temporal-seg,seg-2020,before,15,0.2308189123868942,0.3750655949115753,0.4893818497657776,0.304043173789978,model_output/unet-mit-b2-rgb-nir-ndsm-phaseE/classification_metrics_2020.csv
U-Net,CNN,E,RGB+NIR+nDSM,cross-temporal-seg,seg-2020,before,16,0.1588237136602401,0.2741119563579559,0.3972736299037933,0.2092430144548416,model_output/unet-mit-b2-rgb-nir-ndsm-phaseE/classification_metrics_2020.csv
U-Net,CNN,E,RGB+NIR+nDSM,cross-temporal-seg,seg-2020,before,17,0.055531982332468,0.1052208468317985,0.3123116195201874,0.0632682740688324,model_output/unet-mit-b2-rgb-nir-ndsm-phaseE/classification_metrics_2020.csv
U-Net,CNN,E,RGB+NIR+nDSM,cross-temporal-seg,seg-2020,before,18,0.3408020734786987,0.5083555579185486,0.4710014462471008,0.5521449446678162,model_output/unet-mit-b2-rgb-nir-ndsm-phaseE/classification_metrics_2020.csv
U-Net,CNN,E,RGB+NIR+nDSM,cross-temporal-seg,seg-2020,before,19,0.3013188540935516,0.4630976319313049,0.4296387732028961,0.50220787525177,model_output/unet-mit-b2-rgb-nir-ndsm-phaseE/classification_metrics_2020.csv
U-Net,CNN,E,RGB+NIR+nDSM,cross-temporal-seg,seg-2020,before,20,0.5308926701545715,0.6935727000236511,0.8417292237281799,0.5897654891014099,model_output/unet-mit-b2-rgb-nir-ndsm-phaseE/classification_metrics_2020.csv
U-Net,CNN,E,RGB+NIR+nDSM,cross-temporal-seg,seg-2020,before,21,0.3109900057315826,0.4744353890419006,0.5019276142120361,0.449798434972763,model_output/unet-mit-b2-rgb-nir-ndsm-phaseE/classification_metrics_2020.csv
U-Net,CNN,E,RGB+NIR+nDSM,cross-temporal-seg,seg-2020,before,22,0.3025561869144439,0.4645576179027557,0.3712941110134125,0.6203903555870056,model_output/unet-mit-b2-rgb-nir-ndsm-phaseE/classification_metrics_2020.csv
U-Net,CNN,E,RGB+NIR+nDSM,cross-temporal-seg,seg-2020,before,23,0.440256804227829,0.6113587617874146,0.4987044632434845,0.789760947227478,model_output/unet-mit-b2-rgb-nir-ndsm-phaseE/classification_metrics_2020.csv
U-Net,CNN,E,RGB+NIR+nDSM,cross-temporal-seg,seg-2020,after,1,0.3900288939476013,0.5611810088157654,0.4197088778018951,0.8465188145637512,model_output/unet-mit-b2-rgb-nir-ndsm-phaseE/constraint_resolution_+_polygonfix_cc_updated/classification_metrics_2020_after_postprocessing.csv
U-Net,CNN,E,RGB+NIR+nDSM,cross-temporal-seg,seg-2020,after,2,0.3651131093502044,0.5349199175834656,0.919943630695343,0.3770946264266968,model_output/unet-mit-b2-rgb-nir-ndsm-phaseE/constraint_resolution_+_polygonfix_cc_updated/classification_metrics_2020_after_postprocessing.csv
U-Net,CNN,E,RGB+NIR+nDSM,cross-temporal-seg,seg-2020,after,3,0.6241723895072937,0.7686036229133606,0.8137596249580383,0.7281956672668457,model_output/unet-mit-b2-rgb-nir-ndsm-phaseE/constraint_resolution_+_polygonfix_cc_updated/classification_metrics_2020_after_postprocessing.csv
U-Net,CNN,E,RGB+NIR+nDSM,cross-temporal-seg,seg-2020,after,4,0.4696463346481323,0.6391283869743347,0.5658916234970093,0.7341395020484924,model_output/unet-mit-b2-rgb-nir-ndsm-phaseE/constraint_resolution_+_polygonfix_cc_updated/classification_metrics_2020_after_postprocessing.csv
U-Net,CNN,E,RGB+NIR+nDSM,cross-temporal-seg,seg-2020,after,5,0.6144017577171326,0.7611510157585144,0.753075897693634,0.7694011330604553,model_output/unet-mit-b2-rgb-nir-ndsm-phaseE/constraint_resolution_+_polygonfix_cc_updated/classification_metrics_2020_after_postprocessing.csv
U-Net,CNN,E,RGB+NIR+nDSM,cross-temporal-seg,seg-2020,after,6,0.2506682276725769,0.4008548855781555,0.4029431045055389,0.398788183927536,model_output/unet-mit-b2-rgb-nir-ndsm-phaseE/constraint_resolution_+_polygonfix_cc_updated/classification_metrics_2020_after_postprocessing.csv
U-Net,CNN,E,RGB+NIR+nDSM,cross-temporal-seg,seg-2020,after,7,0.4874810576438904,0.6554450988769531,0.5346586108207703,0.8467333912849426,model_output/unet-mit-b2-rgb-nir-ndsm-phaseE/constraint_resolution_+_polygonfix_cc_updated/classification_metrics_2020_after_postprocessing.csv
U-Net,CNN,E,RGB+NIR+nDSM,cross-temporal-seg,seg-2020,after,8,0.133978858590126,0.2362986803054809,0.5257698893547058,0.1523950695991516,model_output/unet-mit-b2-rgb-nir-ndsm-phaseE/constraint_resolution_+_polygonfix_cc_updated/classification_metrics_2020_after_postprocessing.csv
U-Net,CNN,E,RGB+NIR+nDSM,cross-temporal-seg,seg-2020,after,9,0.2951284945011139,0.4557516276836395,0.3272644281387329,0.7503443360328674,model_output/unet-mit-b2-rgb-nir-ndsm-phaseE/constraint_resolution_+_polygonfix_cc_updated/classification_metrics_2020_after_postprocessing.csv
U-Net,CNN,E,RGB+NIR+nDSM,cross-temporal-seg,seg-2020,after,10,0.3138422667980194,0.4777472019195556,0.4250509142875671,0.5453589558601379,model_output/unet-mit-b2-rgb-nir-ndsm-phaseE/constraint_resolution_+_polygonfix_cc_updated/classification_metrics_2020_after_postprocessing.csv
U-Net,CNN,E,RGB+NIR+nDSM,cross-temporal-seg,seg-2020,after,11,0.1997684985399246,0.3330118060111999,0.662000834941864,0.2224584519863128,model_output/unet-mit-b2-rgb-nir-ndsm-phaseE/constraint_resolution_+_polygonfix_cc_updated/classification_metrics_2020_after_postprocessing.csv
U-Net,CNN,E,RGB+NIR+nDSM,cross-temporal-seg,seg-2020,after,12,0.249402716755867,0.3992351591587066,0.3311977088451385,0.5024533271789551,model_output/unet-mit-b2-rgb-nir-ndsm-phaseE/constraint_resolution_+_polygonfix_cc_updated/classification_metrics_2020_after_postprocessing.csv
U-Net,CNN,E,RGB+NIR+nDSM,cross-temporal-seg,seg-2020,after,13,0.2272366434335708,0.3703224658966064,0.5462935566902161,0.2800978422164917,model_output/unet-mit-b2-rgb-nir-ndsm-phaseE/constraint_resolution_+_polygonfix_cc_updated/classification_metrics_2020_after_postprocessing.csv
U-Net,CNN,E,RGB+NIR+nDSM,cross-temporal-seg,seg-2020,after,14,0.2691679298877716,0.4241644144058227,0.4551601409912109,0.3971210718154907,model_output/unet-mit-b2-rgb-nir-ndsm-phaseE/constraint_resolution_+_polygonfix_cc_updated/classification_metrics_2020_after_postprocessing.csv
U-Net,CNN,E,RGB+NIR+nDSM,cross-temporal-seg,seg-2020,after,15,0.1919601857662201,0.3220916092395782,0.5726842284202576,0.2240519821643829,model_output/unet-mit-b2-rgb-nir-ndsm-phaseE/constraint_resolution_+_polygonfix_cc_updated/classification_metrics_2020_after_postprocessing.csv
U-Net,CNN,E,RGB+NIR+nDSM,cross-temporal-seg,seg-2020,after,16,0.1444449573755264,0.2524279654026031,0.1874930262565612,0.3861718773841858,model_output/unet-mit-b2-rgb-nir-ndsm-phaseE/constraint_resolution_+_polygonfix_cc_updated/classification_metrics_2020_after_postprocessing.csv
U-Net,CNN,E,RGB+NIR+nDSM,cross-temporal-seg,seg-2020,after,17,0.0727558657526969,0.1356429159641266,0.2549283802509308,0.0924049913883209,model_output/unet-mit-b2-rgb-nir-ndsm-phaseE/constraint_resolution_+_polygonfix_cc_updated/classification_metrics_2020_after_postprocessing.csv
U-Net,CNN,E,RGB+NIR+nDSM,cross-temporal-seg,seg-2020,after,18,0.4827869236469269,0.6511884927749634,0.5718504786491394,0.7560874223709106,model_output/unet-mit-b2-rgb-nir-ndsm-phaseE/constraint_resolution_+_polygonfix_cc_updated/classification_metrics_2020_after_postprocessing.csv
U-Net,CNN,E,RGB+NIR+nDSM,cross-temporal-seg,seg-2020,after,19,0.3365636467933655,0.5036253333091736,0.46071657538414,0.5553475618362427,model_output/unet-mit-b2-rgb-nir-ndsm-phaseE/constraint_resolution_+_polygonfix_cc_updated/classification_metrics_2020_after_postprocessing.csv
U-Net,CNN,E,RGB+NIR+nDSM,cross-temporal-seg,seg-2020,after,20,0.6744871735572815,0.8056044578552246,0.929388165473938,0.7109184265136719,model_output/unet-mit-b2-rgb-nir-ndsm-phaseE/constraint_resolution_+_polygonfix_cc_updated/classification_metrics_2020_after_postprocessing.csv
U-Net,CNN,E,RGB+NIR+nDSM,cross-temporal-seg,seg-2020,after,21,0.3687872886657715,0.5388525724411011,0.6117851138114929,0.4814568161964416,model_output/unet-mit-b2-rgb-nir-ndsm-phaseE/constraint_resolution_+_polygonfix_cc_updated/classification_metrics_2020_after_postprocessing.csv
U-Net,CNN,E,RGB+NIR+nDSM,cross-temporal-seg,seg-2020,after,22,0.4563582837581634,0.6267115473747253,0.5532209873199463,0.7227184772491455,model_output/unet-mit-b2-rgb-nir-ndsm-phaseE/constraint_resolution_+_polygonfix_cc_updated/classification_metrics_2020_after_postprocessing.csv
U-Net,CNN,E,RGB+NIR+nDSM,cross-temporal-seg,seg-2020,after,23,0.633243203163147,0.7754426002502441,0.7042437195777893,0.8626570105552673,model_output/unet-mit-b2-rgb-nir-ndsm-phaseE/constraint_resolution_+_polygonfix_cc_updated/classification_metrics_2020_after_postprocessing.csv
U-Net,CNN,E,RGB+NIR+nDSM,cross-temporal,change-binary,before,0,0.4157537817955017,0.5873249769210815,0.7263355851173401,0.4929760992527008,model_output/unet-mit-b2-rgb-nir-ndsm-phaseE/change_metrics_binary_2013-2020.csv
U-Net,CNN,E,RGB+NIR+nDSM,cross-temporal,change-binary,before,1,0.4244739711284637,0.5959729552268982,0.5019245743751526,0.7333928942680359,model_output/unet-mit-b2-rgb-nir-ndsm-phaseE/change_metrics_binary_2013-2020.csv
U-Net,CNN,E,RGB+NIR+nDSM,cross-temporal,change-binary,after,0,0.4956529438495636,0.66279137134552,0.6694982647895813,0.6562174558639526,model_output/unet-mit-b2-rgb-nir-ndsm-phaseE/constraint_resolution_+_polygonfix_cc_updated/change_metrics_binary_2013-2020_after_postprocessing.csv
U-Net,CNN,E,RGB+NIR+nDSM,cross-temporal,change-binary,after,1,0.3520665466785431,0.5207828283309937,0.5134727358818054,0.5283041596412659,model_output/unet-mit-b2-rgb-nir-ndsm-phaseE/constraint_resolution_+_polygonfix_cc_updated/change_metrics_binary_2013-2020_after_postprocessing.csv
U-Net,CNN,E,RGB+NIR+nDSM,cross-temporal,change-multiclass,before,0,0.4157537817955017,0.5873249769210815,0.7263355851173401,0.4929760992527008,model_output/unet-mit-b2-rgb-nir-ndsm-phaseE/change_metrics_multiclass_2013-2020.csv
U-Net,CNN,E,RGB+NIR+nDSM,cross-temporal,change-multiclass,before,1,0.2230552285909652,0.364750862121582,0.5260404944419861,0.2791580259799957,model_output/unet-mit-b2-rgb-nir-ndsm-phaseE/change_metrics_multiclass_2013-2020.csv
U-Net,CNN,E,RGB+NIR+nDSM,cross-temporal,change-multiclass,before,2,0.3371409475803375,0.504271388053894,0.7680138945579529,0.3753671050071716,model_output/unet-mit-b2-rgb-nir-ndsm-phaseE/change_metrics_multiclass_2013-2020.csv
U-Net,CNN,E,RGB+NIR+nDSM,cross-temporal,change-multiclass,before,3,0.047358363866806,0.0904339253902435,0.0512913353741169,0.3818072378635406,model_output/unet-mit-b2-rgb-nir-ndsm-phaseE/change_metrics_multiclass_2013-2020.csv
U-Net,CNN,E,RGB+NIR+nDSM,cross-temporal,change-multiclass,before,4,0.3000032901763916,0.4615423381328583,0.5878810882568359,0.3798998892307281,model_output/unet-mit-b2-rgb-nir-ndsm-phaseE/change_metrics_multiclass_2013-2020.csv
U-Net,CNN,E,RGB+NIR+nDSM,cross-temporal,change-multiclass,before,5,0.0955902636051178,0.1745000332593917,0.1484268307685852,0.2116854786872863,model_output/unet-mit-b2-rgb-nir-ndsm-phaseE/change_metrics_multiclass_2013-2020.csv
U-Net,CNN,E,RGB+NIR+nDSM,cross-temporal,change-multiclass,before,6,0.1831251084804535,0.3095616996288299,0.2054300606250763,0.6277815103530884,model_output/unet-mit-b2-rgb-nir-ndsm-phaseE/change_metrics_multiclass_2013-2020.csv
U-Net,CNN,E,RGB+NIR+nDSM,cross-temporal,change-multiclass,before,7,0.1857042908668518,0.3132387697696686,0.2372574061155319,0.4608137905597687,model_output/unet-mit-b2-rgb-nir-ndsm-phaseE/change_metrics_multiclass_2013-2020.csv
U-Net,CNN,E,RGB+NIR+nDSM,cross-temporal,change-multiclass,before,8,0.074217215180397,0.1381791532039642,0.0803361982107162,0.4935165047645569,model_output/unet-mit-b2-rgb-nir-ndsm-phaseE/change_metrics_multiclass_2013-2020.csv
U-Net,CNN,E,RGB+NIR+nDSM,cross-temporal,change-multiclass,after,0,0.4956527948379516,0.66279137134552,0.6694982647895813,0.6562174558639526,model_output/unet-mit-b2-rgb-nir-ndsm-phaseE/constraint_resolution_+_polygonfix_cc_updated/change_metrics_multiclass_2013-2020_after_postprocessing.csv
U-Net,CNN,E,RGB+NIR+nDSM,cross-temporal,change-multiclass,after,1,0.1566163003444671,0.2708180546760559,0.6421881914138794,0.1715896874666214,model_output/unet-mit-b2-rgb-nir-ndsm-phaseE/constraint_resolution_+_polygonfix_cc_updated/change_metrics_multiclass_2013-2020_after_postprocessing.csv
U-Net,CNN,E,RGB+NIR+nDSM,cross-temporal,change-multiclass,after,2,0.1323105692863464,0.2337001413106918,0.3638704419136047,0.1721246093511581,model_output/unet-mit-b2-rgb-nir-ndsm-phaseE/constraint_resolution_+_polygonfix_cc_updated/change_metrics_multiclass_2013-2020_after_postprocessing.csv
U-Net,CNN,E,RGB+NIR+nDSM,cross-temporal,change-multiclass,after,3,0.1251734644174575,0.2224963009357452,0.4616050720214844,0.1465725600719452,model_output/unet-mit-b2-rgb-nir-ndsm-phaseE/constraint_resolution_+_polygonfix_cc_updated/change_metrics_multiclass_2013-2020_after_postprocessing.csv
U-Net,CNN,E,RGB+NIR+nDSM,cross-temporal,change-multiclass,after,4,0.306482583284378,0.4691720902919769,0.5981337428092957,0.3859570920467376,model_output/unet-mit-b2-rgb-nir-ndsm-phaseE/constraint_resolution_+_polygonfix_cc_updated/change_metrics_multiclass_2013-2020_after_postprocessing.csv
U-Net,CNN,E,RGB+NIR+nDSM,cross-temporal,change-multiclass,after,5,0.0815450027585029,0.1507935523986816,0.0825440809130668,0.8707553148269653,model_output/unet-mit-b2-rgb-nir-ndsm-phaseE/constraint_resolution_+_polygonfix_cc_updated/change_metrics_multiclass_2013-2020_after_postprocessing.csv
U-Net,CNN,E,RGB+NIR+nDSM,cross-temporal,change-multiclass,after,6,0.2411568164825439,0.388600081205368,0.2775867879390716,0.6475834846496582,model_output/unet-mit-b2-rgb-nir-ndsm-phaseE/constraint_resolution_+_polygonfix_cc_updated/change_metrics_multiclass_2013-2020_after_postprocessing.csv
U-Net,CNN,E,RGB+NIR+nDSM,cross-temporal,change-multiclass,after,7,0.2132547199726104,0.3515415489673614,0.2764436900615692,0.4826592803001404,model_output/unet-mit-b2-rgb-nir-ndsm-phaseE/constraint_resolution_+_polygonfix_cc_updated/change_metrics_multiclass_2013-2020_after_postprocessing.csv
U-Net,CNN,E,RGB+NIR+nDSM,cross-temporal,change-multiclass,after,8,0.091051273047924,0.1669055670499801,0.1031788662075996,0.4365067780017853,model_output/unet-mit-b2-rgb-nir-ndsm-phaseE/constraint_resolution_+_polygonfix_cc_updated/change_metrics_multiclass_2013-2020_after_postprocessing.csv
